transaction_id,customer_id,order_amount,product_category,payment_method,discount_percent,delivery_distance_km,customer_age,customer_account_age_days,previous_orders,previous_returns,return_rate,returns_last_30_days,refunds_last_90_days,chargebacks_last_90_days,days_to_return,delivery_to_return_days,coupon_usage_count,high_value_order,customer_risk_history,return_reason,location_risk_score,device_change_count,orders_last_30_days,previous_fraud_flag,target_return_abuse
TX100000,CUST000268,3492.51,Grocery,UPI,3.0,25.8,36,295,13,0,0.0,0,0,0,12.6,11.4,1,1,low,changed_mind_repeated,8.0,0,2,0,0
TX100001,CUST002322,4254.49,Electronics,Wallet,11.0,20.5,37,49,9,1,0.111,0,2,0,0.4,0.0,0,1,low,defective,8.9,0,2,1,0
TX100002,CUST001964,1065.64,Sports,Net Banking,8.3,3.4,25,17,13,1,0.077,0,0,0,,,2,0,medium,no_return,27.8,0,1,0,0
TX100003,CUST001317,3915.28,Fashion,Net Banking,0.0,0.6,38,484,13,0,0.0,0,0,0,,,1,1,low,no_return,39.0,0,2,0,0
TX100004,CUST001299,1494.43,Electronics,Net Banking,12.5,11.6,21,220,9,0,0.0,0,0,0,0.2,0.0,1,0,low,not_as_described_repeated,35.0,0,1,0,1
TX100005,CUST002575,2125.09,Grocery,Credit Card,20.4,0.6,34,132,8,1,0.125,0,2,0,,,1,0,low,no_return,41.5,0,6,0,0
TX100006,CUST000258,2404.86,Fashion,Credit Card,4.2,33.3,33,43,6,1,0.167,0,2,0,,,0,0,low,no_return,3.3,0,2,0,0
TX100007,CUST002092,3716.93,Footwear,COD,13.1,13.3,33,388,11,2,0.182,1,0,0,,,1,1,low,no_return,12.6,0,1,0,0
TX100008,CUST000605,2939.64,Sports,UPI,31.9,4.5,39,38,13,0,0.0,0,0,0,,,0,0,low,no_return,8.3,0,4,0,0
TX100009,CUST000283,1457.97,Fashion,COD,0.0,34.6,21,35,9,1,0.111,1,0,0,,,1,0,low,no_return,34.9,0,2,0,0
TX100010,CUST001579,336.7,Mobile,UPI,38.2,10.5,38,304,13,0,0.0,0,0,0,,,0,0,low,no_return,22.6,0,1,0,0
TX100011,CUST002926,2571.53,Sports,Net Banking,6.9,37.8,32,1112,5,0,0.0,0,1,0,3.6,3.4,1,0,low,changed_mind,11.6,0,0,0,0
TX100012,CUST002207,2067.05,Fashion,Debit Card,17.4,7.8,24,516,5,1,0.2,0,0,0,,,1,0,low,no_return,17.4,0,3,0,0
TX100013,CUST002283,702.79,Beauty,COD,30.3,7.6,18,41,4,0,0.0,0,0,0,,,0,0,low,no_return,29.7,2,2,0,0
TX100014,CUST002152,2232.84,Mobile,Credit Card,34.0,3.6,50,513,2,0,0.0,0,0,0,1.4,0.0,1,0,low,size_issue,32.9,0,1,1,0
TX100015,CUST002358,1865.07,Home,Debit Card,20.6,0.5,31,446,7,0,0.0,0,0,0,,,4,0,low,no_return,15.9,0,0,0,0
TX100016,CUST001540,4228.4,Home,Net Banking,6.7,10.7,28,105,3,0,0.0,0,0,0,,,3,1,low,no_return,29.2,0,0,0,0
TX100017,CUST000385,5770.37,Beauty,Credit Card,5.6,6.0,20,114,6,0,0.0,0,0,0,,,0,1,medium,no_return,32.1,0,3,0,0
TX100018,CUST002519,3437.71,Fashion,UPI,8.1,3.4,42,923,17,2,0.118,0,0,0,,,2,1,high,no_return,8.5,1,2,0,0
TX100019,CUST001351,1792.48,Fashion,UPI,37.7,18.5,42,271,7,0,0.0,0,0,0,,,0,0,low,no_return,28.7,0,1,0,0
TX100020,CUST001501,1980.78,Sports,Debit Card,10.4,19.5,40,232,4,0,0.0,0,0,0,12.1,7.2,0,0,low,not_needed,48.3,0,1,0,0
TX100021,CUST001113,1038.4,Footwear,Debit Card,18.9,15.6,31,123,9,1,0.111,0,0,0,8.6,8.6,1,0,low,not_as_described,22.1,0,2,0,0
TX100022,CUST000548,1185.93,Books,Debit Card,2.5,34.1,39,844,11,4,0.364,0,0,0,16.7,15.4,0,0,medium,size_issue,38.9,0,2,0,0
TX100023,CUST002780,1722.06,Electronics,UPI,1.1,9.6,23,278,12,2,0.167,1,1,0,2.3,0.8,1,0,low,size_issue,11.7,0,1,0,0
TX100024,CUST002344,1600.75,Home,UPI,15.3,6.4,34,528,9,0,0.0,0,0,0,3.9,0.0,2,0,low,changed_mind,49.5,1,1,0,0
TX100025,CUST001931,672.72,Electronics,Net Banking,11.1,6.7,31,26,7,1,0.143,0,0,0,,,1,0,low,no_return,35.9,0,2,0,0
TX100026,CUST001207,4255.97,Fashion,Debit Card,12.0,5.1,34,458,10,1,0.1,0,0,0,,,5,1,low,no_return,31.2,0,2,0,0
TX100027,CUST002468,4632.16,Grocery,UPI,0.0,8.5,18,410,11,0,0.0,0,0,0,6.8,6.5,1,1,low,defective,37.3,1,1,0,0
TX100028,CUST001636,4170.51,Fashion,UPI,14.1,3.4,50,558,6,1,0.167,0,1,0,,,3,1,low,no_return,31.9,0,5,0,0
TX100029,CUST001330,4730.79,Footwear,UPI,33.6,1.1,48,271,8,2,0.25,0,2,0,,,0,1,medium,no_return,26.6,0,2,0,0
TX100030,CUST001351,6816.21,Beauty,COD,4.8,29.4,20,371,7,2,0.286,1,2,0,23.0,22.4,1,1,low,defective,17.1,0,1,0,0
TX100031,CUST000682,1052.79,Grocery,COD,25.8,2.9,37,1370,9,1,0.111,0,0,1,,,3,0,high,no_return,15.7,2,0,0,0
TX100032,CUST000277,6635.43,Footwear,Debit Card,0.0,0.5,18,290,8,1,0.125,0,0,0,,,2,1,low,no_return,24.0,1,1,0,0
TX100033,CUST001664,1451.73,Grocery,Debit Card,5.4,2.7,32,1563,4,0,0.0,0,0,0,,,0,0,low,no_return,15.3,1,4,0,0
TX100034,CUST002663,2825.42,Footwear,Net Banking,0.0,8.7,18,473,2,1,0.5,1,1,0,,,2,0,low,no_return,7.5,1,1,1,1
TX100035,CUST000192,555.0,Toys,Credit Card,29.8,5.1,29,542,5,2,0.4,0,0,0,,,4,0,low,no_return,16.2,0,4,0,1
TX100036,CUST002575,1323.03,Sports,Credit Card,25.5,6.9,27,204,4,0,0.0,0,2,0,,,0,0,high,no_return,26.9,1,3,0,1
TX100037,CUST002483,3500.19,Fashion,Credit Card,2.6,0.7,43,153,4,0,0.0,0,0,0,7.1,0.0,0,1,low,size_issue,52.6,0,1,0,0
TX100038,CUST000831,2913.46,Fashion,Wallet,18.5,6.6,48,531,11,1,0.091,0,0,0,,,2,0,low,no_return,35.3,2,2,0,0
TX100039,CUST001895,1432.0,Footwear,Debit Card,29.4,9.7,48,672,15,1,0.067,0,0,0,0.9,0.0,3,0,low,changed_mind_repeated,35.7,2,0,0,1
TX100040,CUST000496,1980.18,Electronics,Debit Card,31.3,11.3,43,615,14,0,0.0,0,0,0,14.9,13.0,0,0,high,changed_mind_repeated,17.1,0,0,0,0
TX100041,CUST002274,1225.06,Mobile,COD,10.1,14.2,32,539,7,1,0.143,0,0,0,,,0,0,low,no_return,31.0,0,3,0,0
TX100042,CUST002101,3494.08,Fashion,UPI,0.0,6.7,35,270,7,0,0.0,0,0,0,,,1,1,medium,no_return,39.2,0,2,0,1
TX100043,CUST001064,4434.63,Books,Credit Card,4.2,11.4,35,66,10,0,0.0,0,0,0,6.6,1.4,2,1,low,not_as_described_repeated,37.5,1,3,0,1
TX100044,CUST000204,1056.26,Fashion,Debit Card,24.2,28.7,20,41,8,2,0.25,0,0,0,,,0,0,low,no_return,6.5,1,0,0,0
TX100045,CUST002912,1846.33,Mobile,Wallet,40.2,18.9,43,326,11,0,0.0,0,2,1,,,0,0,high,no_return,20.6,1,2,0,1
TX100046,CUST001337,652.16,Electronics,UPI,14.3,8.4,38,628,6,0,0.0,0,0,0,5.8,0.6,1,0,low,size_issue,34.1,1,3,0,0
TX100047,CUST002679,2188.48,Home,Credit Card,7.7,1.1,39,466,3,0,0.0,0,0,0,,,1,0,low,no_return,13.8,0,2,0,0
TX100048,CUST002034,2635.85,Footwear,Net Banking,43.8,3.9,18,116,10,0,0.0,0,0,0,,,2,0,low,no_return,36.2,0,0,0,0
TX100049,CUST002335,2308.51,Fashion,COD,19.9,38.5,36,401,9,0,0.0,0,0,0,,,0,0,low,no_return,19.8,1,2,0,0
TX100050,CUST002279,2502.52,Fashion,Debit Card,0.3,7.5,42,375,13,2,0.154,0,0,0,,,0,0,medium,no_return,6.7,1,0,0,0
TX100051,CUST000584,1714.83,Footwear,UPI,13.6,3.6,31,2042,11,0,0.0,0,0,0,,,1,0,low,no_return,15.1,2,0,0,0
TX100052,CUST001092,1743.01,Toys,UPI,27.0,1.5,26,60,6,1,0.167,1,1,0,6.4,5.6,2,0,low,not_as_described,0.9,1,1,0,0
TX100053,CUST001400,1687.85,Electronics,Credit Card,14.2,8.5,18,184,8,0,0.0,0,0,0,,,0,0,low,no_return,36.2,0,1,0,0
TX100054,CUST001493,1294.5,Sports,UPI,24.5,12.0,18,292,6,0,0.0,0,0,0,,,0,0,high,no_return,16.5,0,1,0,0
TX100055,CUST000132,1411.3,Fashion,COD,0.0,16.4,33,49,6,1,0.167,0,2,0,,,2,0,low,no_return,26.7,0,3,0,0
TX100056,CUST001640,2558.4,Fashion,COD,0.0,7.4,29,1218,12,1,0.083,1,0,0,,,2,0,low,no_return,29.7,0,3,0,0
TX100057,CUST000463,4258.8,Grocery,COD,6.2,12.7,29,136,11,2,0.182,1,0,0,,,0,1,low,no_return,15.5,1,1,0,1
TX100058,CUST002230,923.17,Electronics,UPI,11.6,4.4,47,790,8,1,0.125,1,0,0,1.4,0.0,2,0,medium,changed_mind,38.8,0,1,0,0
TX100059,CUST002049,1738.54,Beauty,Credit Card,19.0,2.5,19,59,10,0,0.0,0,0,0,,,2,0,medium,no_return,25.8,1,2,0,0
TX100060,CUST002767,783.02,Fashion,COD,22.6,10.5,28,757,7,0,0.0,0,0,0,,,2,0,high,no_return,10.0,1,2,0,0
TX100061,CUST002234,1311.46,Footwear,UPI,44.6,3.6,48,790,8,0,0.0,0,0,0,,,3,0,low,no_return,32.1,0,2,0,0
TX100062,CUST001100,1470.84,Sports,UPI,6.1,3.2,28,115,13,1,0.077,0,0,0,2.2,0.1,2,0,low,not_needed,30.8,0,1,0,0
TX100063,CUST002902,2087.09,Fashion,Credit Card,11.2,5.5,32,505,8,0,0.0,0,1,1,,,0,0,low,no_return,26.4,1,2,0,0
TX100064,CUST001233,2048.51,Footwear,UPI,6.5,20.3,30,86,8,1,0.125,0,0,0,,,4,0,low,no_return,4.4,1,1,0,0
TX100065,CUST000978,1835.09,Toys,UPI,28.0,1.5,39,474,7,2,0.286,0,2,0,,,2,0,low,no_return,41.3,2,3,0,0
TX100066,CUST002716,2424.05,Fashion,Credit Card,28.6,11.1,18,697,5,1,0.2,1,1,0,,,1,0,low,no_return,25.8,0,0,0,0
TX100067,CUST001112,990.2,Mobile,Net Banking,9.6,11.4,29,18,4,1,0.25,0,0,0,,,1,0,low,no_return,35.7,0,0,0,0
TX100068,CUST000229,2098.62,Fashion,UPI,39.8,5.6,32,512,12,0,0.0,0,2,0,6.3,1.5,2,0,low,not_needed,43.8,2,0,0,0
TX100069,CUST001409,2967.04,Fashion,Debit Card,6.5,11.1,22,353,7,1,0.143,0,1,0,,,1,0,low,no_return,19.8,0,1,0,0
TX100070,CUST002387,981.05,Home,Debit Card,27.4,5.4,35,1331,11,0,0.0,0,0,0,15.7,13.9,2,0,low,not_needed,13.6,0,0,0,0
TX100071,CUST000569,476.19,Fashion,Debit Card,32.5,1.3,39,431,7,1,0.143,0,0,0,,,1,0,low,no_return,30.8,1,1,0,0
TX100072,CUST001389,3476.29,Grocery,Credit Card,0.0,26.5,36,64,15,3,0.2,0,1,0,10.5,9.4,2,1,high,changed_mind,49.3,0,1,0,1
TX100073,CUST000390,802.15,Sports,UPI,21.9,0.8,49,153,8,0,0.0,0,0,0,,,3,0,medium,no_return,10.0,0,4,0,0
TX100074,CUST002059,1266.02,Footwear,UPI,0.0,11.1,27,88,9,0,0.0,0,0,0,,,2,0,low,no_return,50.0,0,1,0,0
TX100075,CUST001427,2912.94,Fashion,Credit Card,24.9,2.1,36,339,9,0,0.0,0,0,0,,,0,0,low,no_return,39.3,1,1,0,0
TX100076,CUST000991,944.53,Fashion,Wallet,1.8,3.9,36,771,8,2,0.25,1,0,0,,,1,0,low,no_return,8.0,0,1,0,0
TX100077,CUST000681,3326.17,Home,Credit Card,21.8,2.6,29,166,7,1,0.143,0,0,0,11.9,10.5,2,0,low,size_issue,27.0,0,1,0,0
TX100078,CUST001693,1137.73,Electronics,Credit Card,24.1,18.2,43,730,6,2,0.333,0,0,0,0.9,0.1,1,0,low,not_needed,37.7,2,1,1,1
TX100079,CUST002009,1038.49,Mobile,Wallet,28.4,3.7,34,304,8,0,0.0,0,0,0,,,0,0,low,no_return,30.4,0,3,0,0
TX100080,CUST002820,785.95,Books,COD,25.7,1.0,19,433,8,0,0.0,0,0,0,,,3,0,low,no_return,20.2,0,3,0,0
TX100081,CUST001312,1145.15,Toys,COD,15.7,3.3,39,207,5,0,0.0,0,0,0,,,2,0,medium,no_return,8.2,2,1,0,0
TX100082,CUST000482,2667.05,Books,Credit Card,10.4,7.2,27,25,10,0,0.0,0,0,0,2.5,0.0,1,0,low,changed_mind_repeated,26.7,1,2,1,0
TX100083,CUST002498,1266.18,Fashion,Net Banking,14.1,10.6,28,105,8,1,0.125,0,0,0,13.2,13.1,3,0,medium,size_issue,4.4,0,0,0,0
TX100084,CUST001889,3485.24,Electronics,Debit Card,1.6,3.7,29,68,10,1,0.1,0,2,0,7.0,6.4,0,1,low,changed_mind_repeated,14.4,0,3,0,0
TX100085,CUST002101,1885.51,Home,Debit Card,12.5,3.7,39,352,14,2,0.143,0,0,0,,,1,0,low,no_return,12.0,3,1,0,0
TX100086,CUST000292,1997.33,Toys,COD,11.5,11.5,42,313,5,2,0.4,1,2,0,2.1,0.0,2,0,low,not_as_described_repeated,45.7,1,1,0,0
TX100087,CUST000937,1015.51,Fashion,Credit Card,5.5,33.3,30,610,10,0,0.0,0,0,1,,,3,0,low,no_return,4.8,1,2,0,0
TX100088,CUST002303,3811.63,Electronics,Wallet,0.0,2.3,29,161,10,0,0.0,0,2,0,7.5,7.1,0,1,low,defective,46.6,0,3,0,0
TX100089,CUST002496,2982.39,Grocery,Wallet,0.0,29.0,18,512,12,1,0.083,1,0,0,,,0,0,low,no_return,14.3,0,1,0,0
TX100090,CUST001306,2929.23,Fashion,Debit Card,0.0,9.5,24,176,9,1,0.111,0,0,0,8.8,3.3,1,0,high,defective,3.5,1,3,0,0
TX100091,CUST002414,1648.54,Sports,UPI,11.3,16.2,22,147,8,0,0.0,0,0,0,,,2,0,low,no_return,19.1,0,3,0,0
TX100092,CUST002525,714.8,Electronics,COD,19.3,12.3,35,590,3,1,0.333,1,2,0,9.4,6.1,2,0,low,not_needed,29.1,0,0,0,0
TX100093,CUST001163,2068.59,Beauty,Credit Card,0.0,2.9,30,182,5,1,0.2,1,1,0,1.3,1.3,2,0,low,not_as_described_repeated,54.7,0,2,0,0
TX100094,CUST002694,2594.96,Home,Debit Card,17.8,22.4,22,296,6,0,0.0,0,1,0,1.9,1.4,0,0,low,defective,24.8,1,2,0,0
TX100095,CUST000865,2611.59,Footwear,UPI,13.5,4.1,33,80,9,1,0.111,0,1,0,3.9,3.8,1,0,low,changed_mind,42.4,1,2,0,0
TX100096,CUST000719,2390.57,Books,COD,0.9,11.8,31,536,8,0,0.0,0,0,0,3.6,0.7,3,0,low,changed_mind_repeated,10.2,1,1,0,0
TX100097,CUST002047,2326.84,Electronics,Wallet,9.8,3.4,18,373,8,1,0.125,0,0,0,,,3,0,low,no_return,14.6,1,1,0,0
TX100098,CUST001910,1133.75,Toys,UPI,27.6,12.2,43,1209,8,0,0.0,0,0,0,,,1,0,low,no_return,12.1,0,2,0,0
TX100099,CUST000420,1173.94,Toys,COD,3.3,4.3,42,486,8,4,0.5,0,2,1,,,0,0,medium,no_return,6.5,0,1,0,0
TX100100,CUST002498,791.66,Grocery,Net Banking,15.9,13.3,29,48,3,0,0.0,0,0,0,,,4,0,low,no_return,46.5,2,2,0,1
TX100101,CUST000600,3510.64,Footwear,UPI,19.2,0.5,35,641,9,0,0.0,0,2,0,7.7,7.2,1,1,low,not_needed,40.9,0,2,0,0
TX100102,CUST002414,5609.1,Toys,UPI,5.1,2.9,28,565,11,0,0.0,0,0,0,,,5,1,low,no_return,4.2,0,4,1,0
TX100103,CUST000023,8995.31,Fashion,Credit Card,27.1,13.4,18,407,4,0,0.0,0,1,0,,,1,1,low,no_return,17.9,1,2,0,0
TX100104,CUST002390,2163.74,Home,COD,19.8,11.8,53,278,8,1,0.125,0,0,0,13.5,13.5,3,0,medium,defective,10.8,3,2,0,0
TX100105,CUST002360,2330.67,Home,Credit Card,12.0,4.2,39,163,6,0,0.0,0,0,0,3.1,1.5,0,0,low,size_issue,49.2,1,6,0,0
TX100106,CUST002341,1693.78,Beauty,UPI,43.4,2.0,41,177,3,0,0.0,0,1,0,,,2,0,low,no_return,55.7,1,1,0,0
TX100107,CUST001994,2141.56,Mobile,UPI,27.2,0.5,29,14,3,1,0.333,0,1,0,,,1,0,low,no_return,27.1,1,2,0,0
TX100108,CUST001415,941.82,Grocery,Credit Card,0.0,3.2,43,573,3,1,0.333,0,1,0,,,1,0,low,no_return,6.7,0,1,0,1
TX100109,CUST002115,1670.53,Fashion,UPI,10.3,13.1,18,330,9,0,0.0,0,0,0,,,1,0,low,no_return,15.1,0,4,1,0
TX100110,CUST000832,1044.67,Mobile,Debit Card,44.6,24.1,29,282,4,0,0.0,0,0,0,14.3,12.4,0,0,low,changed_mind,50.7,2,2,0,0
TX100111,CUST002342,1526.4,Grocery,UPI,3.2,26.4,39,227,10,1,0.1,1,1,0,,,2,0,low,no_return,23.5,0,3,0,0
TX100112,CUST001667,1109.39,Fashion,COD,15.8,12.4,25,324,14,3,0.214,0,0,0,,,1,0,low,no_return,29.4,2,1,0,0
TX100113,CUST001377,2595.84,Footwear,COD,29.8,5.5,41,173,5,1,0.2,0,0,0,,,3,0,low,no_return,35.7,0,2,0,0
TX100114,CUST001517,2806.89,Home,Net Banking,22.8,11.0,35,837,9,0,0.0,0,1,0,,,1,0,low,no_return,25.7,1,1,0,0
TX100115,CUST001706,2284.35,Beauty,UPI,24.6,29.4,34,1057,10,2,0.2,0,1,0,,,2,0,low,no_return,21.4,1,1,0,0
TX100116,CUST000112,1177.45,Beauty,Debit Card,23.9,2.3,24,39,6,0,0.0,0,0,0,,,1,0,medium,no_return,20.4,0,0,0,0
TX100117,CUST000420,751.45,Footwear,COD,15.3,13.8,36,1145,6,1,0.167,0,1,0,2.9,2.9,3,0,low,changed_mind,36.3,0,3,0,1
TX100118,CUST000737,2826.96,Fashion,Credit Card,5.5,8.6,51,476,7,0,0.0,0,0,1,,,0,0,medium,no_return,1.5,0,0,0,0
TX100119,CUST000344,1878.81,Fashion,UPI,20.2,1.2,33,727,9,0,0.0,0,0,0,,,1,0,low,no_return,12.3,0,0,0,0
TX100120,CUST001319,461.6,Grocery,UPI,10.2,8.8,37,1161,3,0,0.0,0,0,0,3.1,0.0,4,0,low,not_needed,49.8,0,1,0,0
TX100121,CUST002005,2057.34,Footwear,Debit Card,9.2,11.4,39,61,9,0,0.0,0,0,0,,,3,0,low,no_return,37.7,0,1,0,0
TX100122,CUST001963,2341.95,Electronics,Credit Card,32.8,13.2,20,853,8,0,0.0,0,0,0,,,1,0,low,no_return,38.8,0,1,0,0
TX100123,CUST001413,579.18,Fashion,Net Banking,10.4,1.8,30,234,7,1,0.143,0,0,0,,,2,0,low,no_return,36.4,1,5,0,0
TX100124,CUST002565,2624.78,Mobile,COD,35.5,10.0,30,260,10,0,0.0,0,1,0,,,1,0,medium,no_return,15.1,0,1,0,0
TX100125,CUST001696,646.86,Toys,COD,18.1,2.3,18,47,12,1,0.083,1,0,0,7.6,6.5,3,0,high,not_as_described,7.9,1,3,0,0
TX100126,CUST000238,1088.38,Home,Wallet,13.1,9.1,39,417,9,0,0.0,0,1,0,3.5,2.0,2,0,medium,size_issue,41.1,0,0,0,0
TX100127,CUST002295,650.08,Home,Debit Card,0.0,7.2,22,571,11,0,0.0,0,0,0,,,0,0,high,no_return,13.3,3,1,0,0
TX100128,CUST001724,1008.52,Beauty,UPI,40.4,5.1,38,1071,7,0,0.0,0,0,0,,,1,0,low,no_return,18.7,3,2,0,0
TX100129,CUST001904,756.3,Grocery,UPI,14.9,8.5,24,65,12,0,0.0,0,0,0,,,1,0,low,no_return,34.3,0,3,0,0
TX100130,CUST001696,3496.73,Sports,COD,0.0,1.3,52,60,9,0,0.0,0,0,0,,,1,1,low,no_return,38.7,1,1,0,0
TX100131,CUST001661,1588.72,Toys,Credit Card,26.9,25.4,29,135,10,1,0.1,1,0,0,2.1,1.4,3,0,low,not_as_described,14.2,0,0,0,0
TX100132,CUST000272,1366.38,Electronics,Net Banking,14.4,0.5,51,30,7,0,0.0,0,0,0,,,4,0,low,no_return,34.3,0,1,0,0
TX100133,CUST001678,3705.22,Toys,UPI,3.8,2.9,30,1485,7,3,0.429,0,0,0,,,2,1,low,no_return,8.2,0,0,0,0
TX100134,CUST002384,3586.97,Electronics,UPI,26.2,14.9,31,102,8,1,0.125,0,0,0,1.7,0.0,1,1,low,not_as_described,34.4,0,0,0,0
TX100135,CUST000912,1442.71,Footwear,COD,0.0,14.2,47,320,5,0,0.0,0,0,0,,,3,0,low,no_return,19.6,1,1,0,0
TX100136,CUST001808,2255.64,Electronics,COD,6.4,9.9,22,146,4,0,0.0,0,0,0,,,1,0,high,no_return,41.0,1,1,0,0
TX100137,CUST000093,1241.92,Electronics,Net Banking,11.4,3.8,32,511,13,0,0.0,0,0,0,,,1,0,medium,no_return,34.3,1,2,0,0
TX100138,CUST001043,1755.49,Fashion,UPI,25.2,14.9,37,82,10,2,0.2,1,1,0,,,1,0,low,no_return,11.4,2,0,0,0
TX100139,CUST001310,858.42,Fashion,Credit Card,41.9,10.4,36,477,3,2,0.667,0,0,0,,,2,0,low,no_return,24.1,1,1,0,0
TX100140,CUST002948,2471.13,Home,Debit Card,12.1,13.0,32,1942,11,0,0.0,0,0,0,,,2,0,medium,no_return,3.4,1,2,1,0
TX100141,CUST000644,3796.73,Grocery,Net Banking,20.5,36.4,31,1525,9,3,0.333,0,1,0,,,1,1,medium,no_return,25.0,0,0,0,0
TX100142,CUST000830,3387.52,Footwear,UPI,48.0,9.8,40,280,6,0,0.0,0,0,0,6.4,4.7,1,0,low,changed_mind,17.1,0,1,0,0
TX100143,CUST001226,1937.18,Beauty,Debit Card,15.1,2.9,33,161,6,0,0.0,0,0,0,,,0,0,low,no_return,59.9,2,5,0,0
TX100144,CUST002978,429.63,Beauty,UPI,20.6,16.9,41,53,4,1,0.25,1,0,0,,,2,0,low,no_return,18.6,2,3,0,0
TX100145,CUST002560,1202.15,Fashion,COD,0.2,7.6,35,449,9,0,0.0,0,0,0,,,0,0,medium,no_return,13.8,0,2,0,0
TX100146,CUST000105,1754.02,Toys,UPI,38.5,8.9,38,333,3,0,0.0,0,0,0,,,0,0,low,no_return,22.9,0,3,0,0
TX100147,CUST000702,686.02,Electronics,Wallet,6.4,2.1,43,730,8,0,0.0,0,0,0,,,0,0,low,no_return,25.5,1,2,0,0
TX100148,CUST002465,601.99,Fashion,UPI,18.2,29.5,28,78,9,0,0.0,0,0,0,,,0,0,low,no_return,29.6,1,1,0,0
TX100149,CUST000175,4454.48,Electronics,Debit Card,17.9,1.2,43,504,4,1,0.25,0,0,0,2.1,1.2,0,1,low,changed_mind,40.2,0,1,0,1
TX100150,CUST002567,3142.49,Fashion,COD,16.0,2.1,30,36,10,0,0.0,0,0,0,,,0,0,low,no_return,8.2,0,2,0,0
TX100151,CUST000844,2594.46,Sports,UPI,9.8,1.2,18,75,7,0,0.0,0,0,0,,,1,0,low,no_return,33.1,1,0,0,0
TX100152,CUST002753,2916.29,Electronics,UPI,17.9,16.5,28,58,8,0,0.0,0,0,0,,,3,0,high,no_return,8.2,1,2,0,0
TX100153,CUST000881,774.55,Electronics,Debit Card,36.1,36.8,24,178,7,1,0.143,0,3,0,4.2,2.3,2,0,medium,changed_mind_repeated,11.4,1,4,0,0
TX100154,CUST001303,984.5,Toys,Debit Card,42.4,35.8,35,572,10,1,0.1,0,0,0,11.9,11.0,1,0,low,defective,16.3,1,1,0,0
TX100155,CUST001986,2167.98,Electronics,COD,12.9,7.3,29,357,1,0,0.0,0,0,0,11.5,11.5,7,0,low,not_needed,22.1,0,6,0,0
TX100156,CUST000379,2279.33,Sports,Debit Card,9.6,1.3,33,314,4,0,0.0,0,1,0,,,0,0,low,no_return,48.1,1,3,0,0
TX100157,CUST001671,656.79,Home,UPI,5.3,2.4,42,353,5,0,0.0,0,0,0,,,2,0,low,no_return,7.8,0,4,0,0
TX100158,CUST001515,2069.03,Footwear,Net Banking,47.2,7.4,46,944,6,1,0.167,1,1,0,,,2,0,low,no_return,11.5,1,3,0,1
TX100159,CUST002351,1775.59,Grocery,UPI,16.5,7.2,34,638,5,0,0.0,0,0,0,1.2,0.0,2,0,low,changed_mind_repeated,29.0,0,4,0,0
TX100160,CUST002988,3320.01,Electronics,Debit Card,28.4,3.0,42,267,5,0,0.0,0,1,0,1.8,1.8,2,0,high,changed_mind,17.6,1,1,0,0
TX100161,CUST001993,2286.6,Footwear,Net Banking,23.4,5.9,30,1108,16,0,0.0,0,0,0,,,2,0,low,no_return,41.0,0,0,0,0
TX100162,CUST001228,4771.47,Home,Net Banking,41.5,5.5,18,119,6,1,0.167,1,0,0,,,4,1,low,no_return,21.2,2,1,0,1
TX100163,CUST001219,1448.31,Fashion,UPI,12.0,7.1,20,914,8,0,0.0,0,1,0,,,1,0,low,no_return,22.8,1,0,0,0
TX100164,CUST001254,813.09,Grocery,UPI,1.7,0.8,30,316,10,2,0.2,0,1,1,,,1,0,low,no_return,32.9,0,2,0,0
TX100165,CUST002442,4693.72,Books,Debit Card,37.3,14.0,39,104,7,2,0.286,0,0,0,4.1,2.9,1,1,medium,not_needed,10.0,0,1,0,0
TX100166,CUST000964,2364.23,Fashion,Credit Card,25.8,34.0,30,92,1,0,0.0,0,0,0,,,2,0,low,no_return,26.5,0,2,0,0
TX100167,CUST000501,1782.58,Home,COD,20.5,9.5,43,126,5,0,0.0,0,0,0,,,2,0,medium,no_return,31.8,0,1,0,0
TX100168,CUST001003,1011.15,Electronics,Debit Card,33.4,12.2,50,1256,4,1,0.25,0,0,0,3.0,2.5,1,0,low,size_issue,7.4,0,0,0,0
TX100169,CUST000069,1459.92,Sports,UPI,21.2,0.6,23,241,8,1,0.125,1,0,0,7.8,6.2,0,0,low,not_as_described_repeated,11.3,0,2,0,0
TX100170,CUST000319,1407.56,Mobile,Credit Card,33.8,16.2,53,298,11,3,0.273,0,0,0,5.4,2.4,0,0,medium,not_as_described,30.3,0,2,0,0
TX100171,CUST000271,787.1,Home,Debit Card,18.0,3.2,18,405,6,0,0.0,0,0,1,,,0,0,low,no_return,5.1,2,1,0,0
TX100172,CUST002314,341.93,Mobile,COD,25.8,4.0,50,77,9,1,0.111,0,0,0,,,0,0,low,no_return,15.6,1,3,0,0
TX100173,CUST002167,1384.87,Fashion,Credit Card,21.3,24.5,31,273,11,1,0.091,0,0,0,,,0,0,low,no_return,16.6,0,3,0,0
TX100174,CUST002090,2963.4,Toys,UPI,11.1,17.0,29,937,9,1,0.111,0,0,0,,,4,0,low,no_return,21.7,0,3,0,0
TX100175,CUST001386,3998.76,Footwear,Credit Card,12.5,8.8,31,215,6,0,0.0,0,0,0,,,0,1,low,no_return,37.4,1,2,0,0
TX100176,CUST002151,3401.38,Grocery,Debit Card,10.3,0.5,24,223,11,5,0.455,0,0,0,2.7,1.5,1,0,low,defective,30.7,0,3,0,0
TX100177,CUST000484,3525.44,Electronics,COD,18.2,5.7,47,19,8,0,0.0,0,0,0,,,2,1,medium,no_return,28.2,1,2,0,0
TX100178,CUST002701,856.12,Fashion,Net Banking,9.5,4.0,25,174,10,3,0.3,0,1,1,,,0,0,low,no_return,25.3,1,2,0,0
TX100179,CUST001503,2194.63,Electronics,Wallet,20.2,13.9,26,176,12,1,0.083,0,0,0,14.1,14.0,0,0,low,size_issue,12.6,0,0,0,0
TX100180,CUST002814,2607.37,Sports,Debit Card,19.8,5.9,18,1162,9,1,0.111,0,0,0,,,1,0,medium,no_return,39.4,0,3,0,0
TX100181,CUST000457,2714.11,Mobile,Net Banking,17.5,8.8,24,803,14,4,0.286,0,1,0,,,2,0,low,no_return,59.6,0,3,0,1
TX100182,CUST001492,1756.19,Home,UPI,17.7,36.2,24,659,5,0,0.0,0,0,0,,,1,0,medium,no_return,15.1,1,2,0,0
TX100183,CUST002089,2023.31,Fashion,Debit Card,8.2,3.5,24,24,14,3,0.214,1,1,0,1.6,0.4,1,0,medium,size_issue,28.1,0,3,0,0
TX100184,CUST001487,3338.56,Fashion,Debit Card,11.6,10.4,30,326,9,0,0.0,0,0,0,1.0,0.0,0,0,low,changed_mind,25.0,0,3,0,0
TX100185,CUST001339,2547.66,Sports,COD,0.0,56.0,20,325,12,3,0.25,0,0,0,,,4,0,low,no_return,35.8,0,0,0,0
TX100186,CUST000499,2852.89,Sports,COD,13.6,13.3,47,159,6,0,0.0,0,0,0,,,2,0,low,no_return,19.4,1,1,0,0
TX100187,CUST001143,1341.14,Fashion,UPI,3.2,23.6,30,547,6,1,0.167,0,0,0,,,2,0,low,no_return,3.1,0,1,0,0
TX100188,CUST000717,2758.78,Books,Net Banking,16.2,52.9,35,59,10,4,0.4,2,0,0,1.1,0.0,2,0,medium,defective,34.0,0,2,0,0
TX100189,CUST000905,2005.76,Electronics,Net Banking,6.4,13.6,40,382,11,0,0.0,0,0,0,14.7,14.0,1,0,low,size_issue,22.9,1,1,0,0
TX100190,CUST002051,3130.56,Grocery,Net Banking,0.0,2.2,52,206,6,0,0.0,0,1,0,,,1,0,low,no_return,40.9,1,3,0,0
TX100191,CUST001891,1133.48,Home,Credit Card,42.0,30.5,41,183,5,1,0.2,0,1,0,0.2,0.2,2,0,low,not_needed,22.1,0,1,0,1
TX100192,CUST001821,2972.58,Electronics,Wallet,12.2,0.7,29,374,8,0,0.0,0,0,0,,,3,0,low,no_return,40.8,0,3,0,0
TX100193,CUST001086,1473.61,Grocery,COD,32.4,0.5,21,842,6,0,0.0,0,1,0,10.6,9.5,2,0,low,not_as_described_repeated,8.1,1,1,0,0
TX100194,CUST002879,2981.17,Grocery,Debit Card,8.7,10.2,35,46,10,0,0.0,0,0,0,,,0,0,medium,no_return,41.8,0,1,0,0
TX100195,CUST000263,2203.84,Home,Credit Card,35.4,4.0,42,140,9,0,0.0,0,0,0,,,1,0,low,no_return,19.9,1,1,0,0
TX100196,CUST001028,1910.11,Toys,COD,1.2,3.1,33,525,3,1,0.333,1,0,0,,,1,0,medium,no_return,37.3,1,1,0,0
TX100197,CUST000354,1528.78,Beauty,COD,17.1,2.1,32,443,9,2,0.222,0,1,1,,,2,0,low,no_return,32.9,0,0,0,0
TX100198,CUST001017,1787.72,Fashion,Debit Card,1.9,15.6,34,210,11,0,0.0,0,0,0,,,0,0,low,no_return,10.0,1,2,0,0
TX100199,CUST002885,1387.11,Mobile,Wallet,46.2,12.7,18,495,9,0,0.0,0,0,0,,,0,0,low,no_return,4.8,2,1,0,0
TX100200,CUST001099,1507.23,Mobile,UPI,12.0,20.2,33,294,5,0,0.0,0,0,0,,,5,0,low,no_return,24.3,0,4,0,1
TX100201,CUST002725,2504.33,Electronics,Debit Card,24.9,2.0,39,395,5,1,0.2,0,0,0,,,1,0,medium,no_return,2.1,2,2,0,0
TX100202,CUST001485,517.98,Mobile,Credit Card,20.4,14.2,31,251,7,0,0.0,0,0,0,,,2,0,low,no_return,33.8,0,1,0,0
TX100203,CUST002099,2955.63,Toys,Credit Card,14.7,8.3,43,20,3,1,0.333,0,0,0,,,2,0,low,no_return,29.0,1,1,0,0
TX100204,CUST001372,2986.92,Electronics,Credit Card,21.2,0.5,43,123,9,2,0.222,0,1,0,6.0,2.8,1,0,low,size_issue,18.4,0,1,1,0
TX100205,CUST000798,1560.17,Beauty,Credit Card,31.3,14.1,26,268,12,2,0.167,1,1,0,,,0,0,low,no_return,19.4,0,5,0,0
TX100206,CUST002292,2057.97,Electronics,Credit Card,23.0,1.2,36,87,8,0,0.0,0,0,0,,,1,0,low,no_return,29.1,2,4,0,0
TX100207,CUST002907,935.84,Sports,UPI,16.9,19.6,32,1108,13,0,0.0,0,0,0,,,3,0,high,no_return,21.8,0,2,0,0
TX100208,CUST000791,2401.66,Mobile,UPI,21.2,23.8,18,1371,8,3,0.375,0,3,1,2.6,1.2,1,0,low,size_issue,13.6,0,2,0,0
TX100209,CUST002336,1021.25,Home,COD,38.0,24.7,30,317,7,0,0.0,0,0,0,,,0,0,low,no_return,32.6,1,2,0,0
TX100210,CUST000784,216.23,Beauty,Credit Card,10.0,18.2,21,629,7,1,0.143,0,0,0,,,1,0,low,no_return,8.1,0,1,0,0
TX100211,CUST002150,3904.11,Fashion,UPI,0.0,7.2,33,13,8,3,0.375,0,1,0,2.2,2.0,0,1,medium,not_needed,28.5,0,3,0,0
TX100212,CUST002367,862.29,Sports,UPI,1.8,1.7,38,305,14,0,0.0,0,0,0,,,2,0,low,no_return,32.2,1,4,0,0
TX100213,CUST001348,1762.14,Toys,UPI,2.7,23.4,29,278,9,1,0.111,0,1,0,,,1,0,low,no_return,14.8,1,2,0,0
TX100214,CUST002211,2109.17,Fashion,UPI,4.4,1.5,22,103,5,1,0.2,0,0,0,,,1,0,low,no_return,38.7,0,1,0,0
TX100215,CUST000817,2500.78,Sports,Net Banking,4.8,8.8,34,307,7,0,0.0,0,0,1,,,3,0,low,no_return,9.3,1,0,0,0
TX100216,CUST000238,1867.17,Home,Debit Card,14.7,29.3,56,489,4,2,0.5,2,3,0,,,1,0,low,no_return,25.9,3,1,1,1
TX100217,CUST000290,2230.95,Books,Credit Card,18.0,5.2,18,445,10,1,0.1,1,5,0,,,0,0,low,no_return,19.3,1,0,0,0
TX100218,CUST001341,1535.37,Grocery,Debit Card,17.8,12.0,34,75,3,0,0.0,0,0,0,,,3,0,low,no_return,27.9,3,0,0,0
TX100219,CUST002707,589.57,Grocery,UPI,6.2,26.6,26,43,8,0,0.0,0,1,0,,,2,0,low,no_return,48.5,0,1,0,0
TX100220,CUST000383,1819.84,Home,COD,26.9,18.5,27,526,9,2,0.222,1,0,0,10.3,10.1,0,0,medium,changed_mind,33.5,0,6,0,0
TX100221,CUST001367,2722.01,Sports,Wallet,21.4,2.7,30,157,4,0,0.0,0,1,0,,,2,0,low,no_return,12.1,0,2,0,0
TX100222,CUST002112,900.84,Grocery,UPI,34.0,11.9,28,21,10,2,0.2,0,0,0,,,0,0,low,no_return,30.3,0,2,0,0
TX100223,CUST000607,2123.31,Grocery,UPI,25.2,1.9,38,285,8,0,0.0,0,0,0,,,0,0,low,no_return,9.9,1,3,0,0
TX100224,CUST002165,5359.91,Sports,Debit Card,10.8,0.9,29,1011,10,2,0.2,0,2,0,,,1,1,low,no_return,15.3,0,1,1,0
TX100225,CUST000918,1741.26,Footwear,UPI,30.7,13.2,18,16,5,2,0.4,1,0,0,,,1,0,low,no_return,33.8,0,3,0,1
TX100226,CUST002426,1801.36,Fashion,UPI,18.3,29.9,44,77,12,0,0.0,0,0,0,,,2,0,low,no_return,15.6,2,6,0,0
TX100227,CUST001738,554.32,Electronics,Debit Card,24.6,17.3,43,263,8,0,0.0,0,1,0,,,1,0,medium,no_return,21.1,1,1,0,1
TX100228,CUST001641,825.39,Mobile,Debit Card,23.6,27.9,25,263,9,0,0.0,0,0,0,,,2,0,high,no_return,7.3,0,2,0,0
TX100229,CUST000531,1029.25,Electronics,UPI,13.5,45.5,32,32,9,0,0.0,0,0,0,1.6,0.9,3,0,medium,changed_mind,34.5,0,0,0,0
TX100230,CUST001390,2654.94,Footwear,COD,16.2,30.0,44,152,9,0,0.0,0,1,0,,,2,0,low,no_return,43.6,1,5,0,0
TX100231,CUST002569,945.64,Grocery,UPI,13.4,3.6,42,386,4,1,0.25,1,1,0,7.3,6.8,2,0,low,changed_mind,5.0,0,2,0,0
TX100232,CUST000059,424.41,Footwear,Credit Card,4.8,12.1,45,667,4,0,0.0,0,0,0,,,2,0,high,no_return,39.7,0,0,0,0
TX100233,CUST002275,2369.91,Sports,COD,0.0,11.5,35,108,5,1,0.2,0,0,0,,,1,0,low,no_return,27.0,0,3,0,0
TX100234,CUST001478,1096.9,Toys,Debit Card,6.7,2.5,39,260,7,1,0.143,0,0,0,6.1,5.0,2,0,low,defective,26.0,0,1,0,0
TX100235,CUST002158,570.5,Books,Debit Card,17.4,11.1,46,450,8,0,0.0,0,1,0,,,0,0,low,no_return,51.1,1,0,0,0
TX100236,CUST001990,2862.43,Beauty,Debit Card,28.0,4.5,28,61,6,0,0.0,0,1,0,,,2,0,low,no_return,20.7,0,4,0,0
TX100237,CUST001296,1418.24,Home,Debit Card,24.6,14.0,36,332,8,0,0.0,0,0,0,,,3,0,medium,no_return,28.1,0,3,0,0
TX100238,CUST000926,2512.71,Electronics,Net Banking,11.6,5.2,18,1404,6,0,0.0,0,0,0,13.4,13.3,1,0,low,not_as_described,16.3,0,0,1,0
TX100239,CUST001882,556.02,Fashion,Debit Card,6.8,5.0,18,131,9,1,0.111,0,0,0,,,5,0,low,no_return,5.2,0,1,0,0
TX100240,CUST000421,318.29,Mobile,Credit Card,12.8,21.4,36,745,4,0,0.0,0,0,0,,,0,0,low,no_return,17.3,0,1,0,0
TX100241,CUST001752,1994.2,Fashion,COD,3.3,7.6,38,9,6,2,0.333,0,0,0,,,1,0,low,no_return,23.2,2,2,0,1
TX100242,CUST000284,804.1,Books,UPI,0.0,14.9,28,318,6,0,0.0,0,0,0,,,2,0,low,no_return,24.1,1,0,0,0
TX100243,CUST001949,1975.58,Beauty,COD,0.0,23.5,25,318,9,0,0.0,0,0,0,,,1,0,medium,no_return,47.2,1,2,0,0
TX100244,CUST001886,2003.63,Fashion,UPI,31.5,0.5,28,333,4,0,0.0,0,0,0,,,4,0,low,no_return,10.6,0,2,0,0
TX100245,CUST000254,1839.85,Mobile,Credit Card,37.3,8.3,33,534,9,0,0.0,0,1,0,,,0,0,medium,no_return,40.2,0,1,0,0
TX100246,CUST002272,3507.96,Electronics,COD,24.0,16.9,18,240,8,1,0.125,0,1,0,,,0,1,low,no_return,3.8,1,2,0,0
TX100247,CUST001248,8210.98,Sports,Debit Card,14.3,3.5,36,322,5,0,0.0,0,0,0,14.4,13.0,1,1,low,not_as_described_repeated,22.0,0,2,0,0
TX100248,CUST002360,2343.14,Beauty,UPI,0.0,9.3,32,211,3,0,0.0,0,2,0,,,0,0,low,no_return,14.9,0,2,0,0
TX100249,CUST000125,5356.66,Electronics,Credit Card,13.1,2.0,34,373,6,1,0.167,0,0,0,3.2,3.0,1,1,low,defective,7.0,0,2,0,0
TX100250,CUST000539,1444.72,Fashion,COD,22.3,6.4,30,513,4,0,0.0,0,0,0,,,0,0,low,no_return,16.7,2,4,0,0
TX100251,CUST001482,696.86,Grocery,Wallet,25.0,11.1,18,633,13,6,0.462,2,1,0,,,2,0,low,no_return,35.0,0,2,0,1
TX100252,CUST000565,1149.59,Electronics,Credit Card,23.3,0.7,21,236,6,0,0.0,0,0,0,2.9,2.5,0,0,medium,size_issue,21.4,1,3,0,0
TX100253,CUST000990,1504.32,Toys,UPI,29.5,38.4,47,421,8,1,0.125,0,2,0,,,2,0,low,no_return,32.9,1,1,0,0
TX100254,CUST001982,5636.29,Grocery,Credit Card,38.3,7.7,25,565,6,0,0.0,0,0,0,1.5,1.4,3,1,low,defective,5.3,1,3,0,0
TX100255,CUST000434,1909.9,Electronics,Credit Card,10.1,66.0,40,1998,3,0,0.0,0,0,0,,,0,0,low,no_return,11.3,0,2,0,0
TX100256,CUST002033,3589.97,Fashion,UPI,48.7,23.3,21,608,8,2,0.25,1,0,0,6.1,4.9,3,1,high,size_issue,44.9,1,5,0,0
TX100257,CUST000311,1363.34,Electronics,Net Banking,0.0,73.5,31,577,6,0,0.0,0,0,0,1.4,0.0,1,0,low,changed_mind,20.1,1,4,0,0
TX100258,CUST000526,1251.21,Toys,Debit Card,5.7,11.9,27,525,1,0,0.0,0,0,0,,,0,0,low,no_return,25.5,1,1,0,0
TX100259,CUST001763,539.26,Beauty,Credit Card,17.4,9.8,29,598,9,3,0.333,1,0,0,,,4,0,medium,no_return,47.5,3,0,0,1
TX100260,CUST002380,5525.02,Electronics,Credit Card,21.6,4.5,28,329,9,0,0.0,0,0,0,,,1,1,low,no_return,9.4,0,2,0,0
TX100261,CUST000512,4344.74,Sports,UPI,12.8,31.3,46,1316,9,1,0.111,1,0,0,7.8,6.9,2,1,medium,not_needed,66.9,0,3,0,1
TX100262,CUST000900,2137.67,Beauty,Credit Card,9.1,0.8,51,744,7,0,0.0,0,0,0,,,2,0,low,no_return,24.6,1,5,0,0
TX100263,CUST002775,1565.21,Grocery,Credit Card,41.4,9.8,34,288,9,1,0.111,0,1,0,,,3,0,medium,no_return,17.9,1,1,0,1
TX100264,CUST002969,1958.34,Electronics,Credit Card,8.5,1.1,27,580,5,2,0.4,1,0,0,3.0,1.8,1,0,low,not_as_described,13.1,0,1,0,0
TX100265,CUST001743,676.3,Electronics,Debit Card,2.8,3.8,18,1019,12,1,0.083,0,0,0,8.2,7.8,1,0,low,not_needed,26.8,1,4,0,0
TX100266,CUST001341,2509.66,Home,Credit Card,35.3,11.8,18,132,9,0,0.0,0,0,0,,,1,0,medium,no_return,14.0,1,3,0,0
TX100267,CUST001041,4123.92,Grocery,Debit Card,25.2,18.2,46,219,9,0,0.0,0,0,0,,,0,1,low,no_return,15.5,1,2,0,0
TX100268,CUST001837,4253.26,Grocery,Net Banking,28.1,2.8,18,2,7,1,0.143,0,0,1,,,3,1,low,no_return,40.9,1,1,0,0
TX100269,CUST001773,556.2,Fashion,Credit Card,17.4,3.2,27,315,2,0,0.0,0,0,0,4.5,3.7,3,0,low,changed_mind,34.2,0,1,0,0
TX100270,CUST000884,3569.22,Fashion,Credit Card,0.0,2.1,33,228,8,1,0.125,0,0,0,,,0,1,low,no_return,16.2,0,2,0,0
TX100271,CUST000069,679.68,Grocery,Net Banking,16.0,7.6,18,182,9,1,0.111,1,0,0,,,0,0,low,no_return,23.3,1,1,0,0
TX100272,CUST000455,334.06,Electronics,Credit Card,0.0,1.0,19,932,6,0,0.0,0,0,0,,,1,0,medium,no_return,47.3,0,1,0,0
TX100273,CUST002875,3653.71,Sports,Credit Card,17.9,18.3,18,391,7,1,0.143,1,0,1,,,1,1,low,no_return,19.3,1,2,0,0
TX100274,CUST001255,1288.14,Home,COD,22.8,6.4,25,540,10,0,0.0,0,1,0,,,1,0,low,no_return,18.2,2,0,0,0
TX100275,CUST001447,3336.23,Fashion,Debit Card,27.9,4.3,34,15,9,4,0.444,0,2,0,4.8,4.7,3,0,low,changed_mind,20.0,0,2,0,1
TX100276,CUST001401,3150.77,Beauty,Net Banking,13.9,19.4,42,261,12,4,0.333,0,1,0,,,1,0,medium,no_return,15.6,0,1,0,1
TX100277,CUST002348,2901.96,Fashion,Credit Card,24.0,3.5,25,226,6,1,0.167,0,1,0,,,1,0,low,no_return,50.1,0,2,0,1
TX100278,CUST000195,1942.48,Sports,Credit Card,4.2,0.5,27,374,5,0,0.0,0,0,0,,,0,0,low,no_return,13.0,0,2,0,0
TX100279,CUST000249,736.71,Electronics,UPI,26.6,5.1,30,763,4,0,0.0,0,1,0,,,2,0,low,no_return,47.2,0,5,0,0
TX100280,CUST000828,1506.54,Home,UPI,23.1,5.2,23,34,6,1,0.167,0,0,0,,,0,0,low,no_return,21.3,0,1,0,0
TX100281,CUST001460,4297.43,Beauty,Debit Card,5.4,10.3,36,201,12,2,0.167,0,0,0,0.8,0.0,0,1,low,changed_mind,13.5,1,3,0,0
TX100282,CUST002013,3390.65,Electronics,UPI,21.4,11.8,36,302,9,1,0.111,0,0,0,,,2,0,low,no_return,10.9,1,2,0,0
TX100283,CUST001472,1561.17,Grocery,Credit Card,28.1,24.4,18,76,7,0,0.0,0,1,0,,,0,0,low,no_return,13.7,1,1,0,0
TX100284,CUST001324,1547.99,Books,UPI,15.9,19.5,38,57,3,0,0.0,0,0,0,10.8,9.9,1,0,low,changed_mind_repeated,16.2,1,4,0,0
TX100285,CUST002813,2739.42,Mobile,UPI,5.1,2.1,33,13,7,0,0.0,0,0,0,,,1,0,low,no_return,12.7,0,0,0,0
TX100286,CUST000483,2036.55,Fashion,Credit Card,17.1,3.8,34,173,15,1,0.067,0,0,0,11.7,11.2,1,0,high,size_issue,32.1,0,3,0,0
TX100287,CUST001715,1616.86,Fashion,Debit Card,21.6,0.9,43,171,12,0,0.0,0,0,0,,,1,0,low,no_return,31.7,1,1,0,0
TX100288,CUST001627,2594.59,Fashion,Credit Card,5.0,9.5,18,632,12,2,0.167,1,0,0,,,0,0,low,no_return,36.1,0,1,0,0
TX100289,CUST001420,2539.48,Footwear,COD,2.9,29.2,19,79,12,1,0.083,1,0,0,,,2,0,low,no_return,28.1,1,4,0,0
TX100290,CUST002422,1172.16,Home,UPI,21.3,10.4,31,462,8,1,0.125,0,1,0,,,3,0,low,no_return,18.9,0,4,0,0
TX100291,CUST000801,2307.97,Fashion,UPI,24.9,30.9,18,621,7,0,0.0,0,1,0,1.6,1.3,1,0,low,not_as_described_repeated,6.7,0,7,0,0
TX100292,CUST002861,2440.95,Books,Net Banking,40.8,27.4,29,1315,9,4,0.444,1,3,0,,,4,0,medium,no_return,14.6,0,1,0,0
TX100293,CUST000995,1845.51,Electronics,Net Banking,23.0,17.2,40,180,8,0,0.0,0,0,0,,,1,0,low,no_return,10.3,0,1,0,0
TX100294,CUST001635,1084.93,Sports,Credit Card,0.5,3.8,35,352,7,0,0.0,0,0,0,,,0,0,low,no_return,19.3,0,1,0,0
TX100295,CUST001562,1474.53,Home,Credit Card,39.5,37.0,32,154,11,0,0.0,0,1,0,,,1,0,high,no_return,40.4,1,1,0,1
TX100296,CUST002549,933.32,Grocery,Net Banking,27.7,0.6,29,299,8,0,0.0,0,0,0,,,2,0,low,no_return,16.9,1,1,0,0
TX100297,CUST001317,2348.86,Books,Debit Card,0.0,35.4,27,205,10,1,0.1,0,0,0,,,1,0,low,no_return,3.6,0,3,0,0
TX100298,CUST000854,558.57,Fashion,UPI,2.6,17.6,27,15,15,5,0.333,0,1,0,2.4,2.2,1,0,medium,size_issue,13.0,0,3,0,0
TX100299,CUST000065,4573.71,Grocery,UPI,9.1,16.3,34,92,5,1,0.2,0,0,0,,,2,1,low,no_return,38.7,0,3,0,0
TX100300,CUST001091,4004.08,Beauty,UPI,25.1,39.5,18,314,12,0,0.0,0,1,0,0.4,0.0,1,1,low,changed_mind,32.5,0,3,0,0
TX100301,CUST002479,2478.64,Electronics,COD,0.0,16.9,46,411,8,2,0.25,0,0,0,,,0,0,low,no_return,52.7,0,4,0,1
TX100302,CUST000030,3266.6,Footwear,Debit Card,13.6,2.1,24,532,10,2,0.2,0,0,0,,,3,0,low,no_return,44.7,0,4,0,0
TX100303,CUST002688,3130.45,Books,UPI,24.4,47.5,37,315,6,0,0.0,0,0,0,13.2,8.7,0,0,low,size_issue,50.7,1,2,0,0
TX100304,CUST001628,2057.25,Footwear,UPI,0.0,4.0,32,568,10,0,0.0,0,0,0,,,1,0,low,no_return,18.6,1,1,0,0
TX100305,CUST000421,1647.62,Books,UPI,24.0,4.3,20,445,11,2,0.182,0,1,0,10.7,10.0,2,0,low,not_as_described_repeated,39.4,2,3,0,0
TX100306,CUST000907,1523.26,Fashion,COD,25.4,15.9,44,310,9,3,0.333,0,1,0,,,2,0,low,no_return,36.0,2,1,0,0
TX100307,CUST001662,4678.39,Home,Net Banking,4.8,24.0,42,201,12,1,0.083,0,1,0,22.2,21.0,3,1,low,changed_mind_repeated,7.7,1,0,0,0
TX100308,CUST000947,1057.34,Home,Debit Card,1.2,13.2,18,622,5,0,0.0,0,0,0,7.0,5.1,2,0,low,not_as_described_repeated,13.3,0,2,0,0
TX100309,CUST000326,1072.25,Electronics,COD,4.7,4.1,31,68,4,0,0.0,0,0,0,,,3,0,medium,no_return,2.8,0,0,0,0
TX100310,CUST001998,3448.79,Home,UPI,0.0,43.9,34,618,8,0,0.0,0,0,0,,,0,1,low,no_return,6.1,1,2,0,0
TX100311,CUST002017,3246.84,Home,Debit Card,11.1,3.4,18,3,9,7,0.778,1,0,0,,,2,0,low,no_return,20.8,1,2,0,0
TX100312,CUST000357,1583.07,Electronics,Credit Card,17.6,3.3,18,1013,4,0,0.0,0,0,0,,,2,0,medium,no_return,50.2,2,1,0,0
TX100313,CUST000844,2650.79,Footwear,UPI,0.4,30.3,23,937,6,1,0.167,0,1,0,,,1,0,low,no_return,32.4,2,2,0,0
TX100314,CUST000732,2876.1,Electronics,Credit Card,26.7,20.8,18,10,10,1,0.1,0,1,0,,,1,0,low,no_return,16.5,0,1,0,0
TX100315,CUST001978,710.47,Beauty,COD,16.2,3.7,21,616,8,2,0.25,1,2,0,2.1,0.5,0,0,low,changed_mind_repeated,41.5,1,1,0,1
TX100316,CUST002191,4165.14,Toys,UPI,18.1,0.5,18,186,7,0,0.0,0,0,0,0.9,0.0,0,1,medium,defective,22.1,2,1,0,0
TX100317,CUST002181,2875.46,Sports,Credit Card,10.2,12.8,30,1065,11,0,0.0,0,0,0,2.4,1.5,1,0,low,defective,30.3,2,1,0,0
TX100318,CUST002816,2508.36,Fashion,Net Banking,23.9,4.6,23,478,6,1,0.167,1,0,0,,,3,0,medium,no_return,8.6,1,0,0,0
TX100319,CUST002306,2889.68,Grocery,COD,30.5,55.5,43,312,7,0,0.0,0,0,0,,,1,0,low,no_return,19.2,0,2,0,0
TX100320,CUST000962,2317.44,Books,Credit Card,10.1,5.9,33,861,12,0,0.0,0,0,0,,,1,0,low,no_return,21.6,0,2,0,0
TX100321,CUST000324,1775.26,Footwear,UPI,24.1,13.8,39,986,8,0,0.0,0,0,1,,,0,0,low,no_return,29.7,1,1,0,0
TX100322,CUST001844,2069.32,Fashion,COD,24.3,4.1,18,53,5,1,0.2,0,0,0,2.3,2.1,1,0,low,changed_mind_repeated,23.0,0,1,0,0
TX100323,CUST002748,663.64,Electronics,UPI,20.0,0.5,25,1048,6,2,0.333,0,2,0,,,1,0,low,no_return,40.4,1,3,0,0
TX100324,CUST002925,5834.27,Sports,UPI,35.1,3.2,33,140,8,0,0.0,0,1,0,,,4,1,low,no_return,29.0,0,1,0,1
TX100325,CUST000691,1755.31,Fashion,UPI,6.3,9.2,36,884,8,4,0.5,0,1,0,,,3,0,low,no_return,6.9,3,2,0,0
TX100326,CUST000710,5772.95,Toys,Credit Card,9.9,15.9,25,201,9,2,0.222,1,1,0,,,3,1,low,no_return,35.7,0,0,0,0
TX100327,CUST000113,2092.46,Grocery,Debit Card,5.7,15.4,26,160,9,0,0.0,0,0,0,3.5,2.7,0,0,low,changed_mind,44.6,0,2,0,0
TX100328,CUST000424,1243.16,Toys,COD,23.7,6.6,28,191,7,0,0.0,0,0,0,,,1,0,high,no_return,9.1,1,0,0,0
TX100329,CUST001665,4090.97,Mobile,Credit Card,11.7,1.1,29,167,6,0,0.0,0,0,0,,,0,1,low,no_return,36.8,1,4,0,0
TX100330,CUST001640,2443.5,Sports,Wallet,6.7,1.3,53,250,11,2,0.182,0,2,0,,,2,0,low,no_return,44.3,0,1,0,1
TX100331,CUST001113,7137.18,Footwear,Debit Card,35.0,11.6,35,114,6,0,0.0,0,2,0,,,0,1,low,no_return,18.1,1,0,0,1
TX100332,CUST000930,1221.03,Grocery,Debit Card,36.7,27.5,32,1477,11,1,0.091,0,0,0,0.1,0.0,1,0,low,not_as_described,41.7,0,1,0,0
TX100333,CUST002489,4197.79,Fashion,UPI,11.1,9.6,19,55,9,0,0.0,0,0,0,,,2,1,low,no_return,29.5,0,1,0,0
TX100334,CUST001380,4336.54,Toys,UPI,0.0,0.5,19,376,13,0,0.0,0,1,0,,,1,1,low,no_return,25.9,0,2,0,0
TX100335,CUST002424,3028.93,Grocery,Debit Card,37.4,4.8,29,130,7,0,0.0,0,0,0,10.0,9.4,3,0,low,not_as_described_repeated,16.7,3,0,0,0
TX100336,CUST002889,4358.98,Mobile,COD,20.6,3.8,43,458,4,0,0.0,0,0,0,1.1,0.6,2,1,low,defective,32.9,0,1,0,0
TX100337,CUST000952,1782.61,Fashion,UPI,20.0,2.6,30,1943,6,0,0.0,0,0,0,,,3,0,medium,no_return,15.3,0,1,0,0
TX100338,CUST000609,1053.57,Fashion,Credit Card,16.3,9.1,30,815,10,0,0.0,0,0,0,11.2,9.8,2,0,low,not_needed,19.4,1,2,0,0
TX100339,CUST002858,1322.14,Toys,Credit Card,5.4,6.8,24,61,6,0,0.0,0,0,0,,,1,0,low,no_return,12.3,0,0,0,0
TX100340,CUST001904,1998.64,Electronics,Credit Card,10.0,3.4,18,1117,4,0,0.0,0,0,0,,,1,0,low,no_return,58.0,2,1,0,0
TX100341,CUST000873,3128.05,Grocery,UPI,23.1,8.6,36,874,5,0,0.0,0,0,0,,,1,0,low,no_return,14.9,1,1,0,0
TX100342,CUST001865,1106.75,Beauty,UPI,9.6,4.3,29,2981,8,1,0.125,1,0,0,4.3,3.8,3,0,low,not_as_described,45.9,0,2,0,0
TX100343,CUST001545,1524.18,Fashion,Credit Card,20.2,30.2,36,1141,8,0,0.0,0,0,0,,,2,0,medium,no_return,40.7,0,0,0,1
TX100344,CUST002716,1170.44,Fashion,Net Banking,15.2,1.6,33,629,11,0,0.0,0,0,0,,,1,0,medium,no_return,66.1,2,3,0,0
TX100345,CUST000768,3484.14,Toys,COD,2.3,6.9,22,919,4,0,0.0,0,0,0,3.4,0.0,3,1,low,defective,30.5,0,0,0,0
TX100346,CUST002974,5744.86,Electronics,UPI,34.5,12.6,34,535,4,1,0.25,0,0,0,,,1,1,low,no_return,19.2,1,1,0,0
TX100347,CUST002808,929.17,Books,UPI,22.1,2.9,19,109,10,1,0.1,0,0,0,,,1,0,high,no_return,34.0,1,1,0,1
TX100348,CUST000542,2731.15,Books,Credit Card,19.0,3.6,34,706,5,1,0.2,0,1,0,2.2,1.8,0,0,low,changed_mind,17.4,0,1,0,0
TX100349,CUST000494,3760.44,Grocery,UPI,21.7,22.8,31,88,5,1,0.2,1,0,0,,,1,1,medium,no_return,7.8,1,3,0,0
TX100350,CUST001599,1678.33,Home,COD,0.0,4.6,47,324,6,0,0.0,0,0,0,,,3,0,low,no_return,28.3,0,1,0,0
TX100351,CUST000135,690.2,Electronics,Credit Card,9.1,4.1,23,110,9,0,0.0,0,0,0,,,3,0,low,no_return,18.3,1,0,0,0
TX100352,CUST000897,4067.26,Toys,Net Banking,0.0,3.5,18,1694,6,0,0.0,0,0,0,,,0,1,low,no_return,45.8,0,2,0,0
TX100353,CUST001305,658.9,Electronics,UPI,16.5,19.7,27,308,4,1,0.25,0,0,0,,,0,0,low,no_return,29.9,0,1,0,0
TX100354,CUST002908,4821.08,Fashion,Wallet,18.9,27.6,38,887,11,0,0.0,0,0,0,,,0,1,low,no_return,56.2,0,0,0,0
TX100355,CUST002977,1153.04,Mobile,COD,16.7,55.5,18,252,7,2,0.286,0,0,0,,,1,0,low,no_return,17.8,1,1,0,0
TX100356,CUST000455,589.52,Fashion,COD,29.1,8.5,40,30,3,0,0.0,0,1,0,2.0,0.0,0,0,low,changed_mind_repeated,2.8,1,2,0,0
TX100357,CUST002675,1391.55,Fashion,Net Banking,0.0,2.2,29,51,6,0,0.0,0,0,0,,,1,0,low,no_return,16.0,1,3,0,0
TX100358,CUST000273,1894.32,Mobile,Credit Card,5.4,30.0,20,961,10,0,0.0,0,1,0,,,0,0,high,no_return,39.5,1,1,0,0
TX100359,CUST002246,2165.82,Electronics,UPI,20.0,13.1,28,132,5,0,0.0,0,1,0,,,0,0,low,no_return,15.6,1,2,0,0
TX100360,CUST002537,2878.42,Fashion,Credit Card,18.2,48.2,24,149,6,2,0.333,2,0,0,4.8,4.2,0,0,low,changed_mind,14.2,0,2,0,0
TX100361,CUST002672,2295.18,Home,COD,0.0,28.8,19,593,9,1,0.111,1,0,0,,,3,0,low,no_return,28.9,1,1,0,0
TX100362,CUST000671,5457.4,Toys,Net Banking,29.4,1.3,18,322,9,0,0.0,0,0,0,5.8,0.6,1,1,low,not_as_described,34.2,0,1,0,0
TX100363,CUST002680,1835.3,Footwear,Credit Card,33.5,16.9,39,1020,8,1,0.125,1,0,0,,,4,0,low,no_return,30.2,1,1,0,0
TX100364,CUST000348,2375.03,Books,COD,20.1,1.3,26,214,2,0,0.0,0,0,0,1.8,0.8,3,0,medium,defective,11.0,1,4,0,0
TX100365,CUST001557,2247.5,Mobile,UPI,0.0,1.1,28,713,7,1,0.143,0,0,0,3.1,0.4,0,0,low,size_issue,35.5,0,3,0,0
TX100366,CUST001409,538.96,Electronics,UPI,16.9,0.5,40,982,8,1,0.125,0,1,0,,,2,0,medium,no_return,39.5,1,1,0,0
TX100367,CUST000948,807.56,Grocery,Debit Card,19.1,4.1,32,535,8,3,0.375,2,2,0,0.8,0.0,2,0,low,not_as_described_repeated,26.3,2,2,0,0
TX100368,CUST000067,2003.99,Electronics,Credit Card,11.7,0.8,18,86,4,1,0.25,0,0,0,5.3,2.9,0,0,low,size_issue,11.4,1,2,0,0
TX100369,CUST002316,2564.43,Footwear,UPI,31.2,6.2,38,410,7,0,0.0,0,0,0,,,3,0,low,no_return,8.4,1,3,0,0
TX100370,CUST001007,397.99,Mobile,COD,13.6,0.5,46,895,7,0,0.0,0,1,0,4.8,4.4,2,0,low,changed_mind_repeated,2.9,0,0,0,0
TX100371,CUST001985,5612.68,Fashion,Debit Card,40.3,5.4,37,808,13,1,0.077,0,0,0,11.0,8.3,0,1,low,changed_mind_repeated,33.7,2,0,0,0
TX100372,CUST001231,2698.61,Toys,Debit Card,24.4,0.5,23,1,9,0,0.0,0,0,0,,,3,0,medium,no_return,37.3,1,0,0,0
TX100373,CUST001121,1929.88,Grocery,UPI,18.3,9.6,18,141,9,2,0.222,0,0,0,,,3,0,low,no_return,50.2,1,0,0,0
TX100374,CUST002659,2619.41,Electronics,UPI,26.0,8.7,22,95,7,0,0.0,0,1,0,,,0,0,low,no_return,47.1,0,4,0,0
TX100375,CUST000284,1336.86,Sports,Debit Card,33.4,3.9,33,612,7,0,0.0,0,0,0,,,2,0,low,no_return,21.0,0,2,0,0
TX100376,CUST002210,2181.24,Mobile,Net Banking,25.8,1.5,46,356,7,1,0.143,0,0,0,,,1,0,low,no_return,29.3,0,2,0,0
TX100377,CUST002240,2412.37,Fashion,UPI,14.1,12.6,24,24,10,1,0.1,1,1,0,,,0,0,low,no_return,33.5,1,5,0,0
TX100378,CUST001140,4097.15,Electronics,COD,7.1,3.1,25,339,13,3,0.231,2,0,1,,,3,1,low,no_return,6.5,1,0,0,0
TX100379,CUST000788,1726.92,Mobile,COD,1.5,2.6,42,100,9,1,0.111,1,0,0,,,3,0,low,no_return,14.4,0,2,0,0
TX100380,CUST000016,672.2,Home,COD,0.0,23.8,27,128,7,0,0.0,0,1,0,,,4,0,low,no_return,14.6,1,3,0,0
TX100381,CUST002810,1033.99,Home,Debit Card,17.1,3.1,49,275,4,0,0.0,0,0,0,,,1,0,medium,no_return,31.1,1,0,0,0
TX100382,CUST002843,1634.43,Books,Credit Card,10.3,2.6,30,420,7,0,0.0,0,0,0,,,1,0,low,no_return,47.6,0,0,0,0
TX100383,CUST000723,727.97,Sports,COD,11.0,13.2,43,2307,7,0,0.0,0,0,0,,,1,0,low,no_return,13.6,0,2,0,0
TX100384,CUST000096,954.9,Fashion,Credit Card,27.3,2.2,35,929,7,1,0.143,0,1,0,,,2,0,low,no_return,42.3,2,2,0,1
TX100385,CUST000369,1040.87,Electronics,UPI,13.7,9.6,39,72,7,1,0.143,0,0,0,,,1,0,low,no_return,31.4,0,1,0,0
TX100386,CUST000203,1560.43,Toys,Credit Card,37.7,4.4,30,61,9,1,0.111,0,0,0,,,1,0,low,no_return,8.7,0,1,0,0
TX100387,CUST002493,2676.12,Beauty,Credit Card,8.1,1.4,30,72,9,4,0.444,0,0,0,,,3,0,low,no_return,10.1,1,2,0,0
TX100388,CUST002675,1510.55,Grocery,Credit Card,3.3,22.7,36,249,5,2,0.4,0,1,0,,,2,0,low,no_return,39.3,0,1,0,0
TX100389,CUST000460,2792.86,Footwear,Net Banking,0.0,1.9,39,19,13,0,0.0,0,0,0,11.6,9.6,1,0,medium,defective,29.0,0,2,0,0
TX100390,CUST002240,1931.08,Electronics,Credit Card,23.7,2.9,37,1117,8,2,0.25,0,1,0,,,2,0,low,no_return,50.4,1,2,0,0
TX100391,CUST000538,978.35,Footwear,UPI,28.8,1.0,18,91,7,1,0.143,0,1,0,,,2,0,medium,no_return,11.4,1,0,0,0
TX100392,CUST001102,2438.66,Books,Wallet,7.9,7.1,34,324,11,0,0.0,0,0,0,0.2,0.0,0,0,low,not_as_described,14.4,1,2,0,0
TX100393,CUST001798,2199.55,Mobile,UPI,2.2,23.0,25,528,7,2,0.286,0,4,0,5.5,4.2,1,0,medium,not_as_described,12.3,1,0,0,0
TX100394,CUST002160,2840.07,Fashion,UPI,33.4,3.0,26,1514,11,0,0.0,0,0,0,,,1,0,high,no_return,48.9,0,2,0,0
TX100395,CUST002623,3218.04,Fashion,COD,0.0,4.4,36,33,10,0,0.0,0,0,0,,,3,0,low,no_return,9.4,0,0,0,0
TX100396,CUST000135,4177.72,Grocery,Wallet,27.1,44.7,48,233,6,2,0.333,0,4,0,,,3,1,low,no_return,31.5,1,3,0,1
TX100397,CUST000590,2733.73,Footwear,Debit Card,8.1,12.8,29,195,13,0,0.0,0,0,1,,,2,0,low,no_return,43.3,0,0,1,0
TX100398,CUST000842,2152.4,Mobile,Credit Card,19.8,12.8,51,747,7,2,0.286,2,1,0,,,2,0,low,no_return,38.6,0,3,0,0
TX100399,CUST000931,2848.39,Home,Debit Card,27.9,0.7,21,143,8,5,0.625,0,1,0,0.6,0.0,2,0,medium,defective,21.7,1,0,0,0
TX100400,CUST002994,1410.0,Beauty,COD,20.7,6.0,44,213,11,1,0.091,0,0,0,,,2,0,high,no_return,27.5,1,0,0,0
TX100401,CUST002332,1338.89,Fashion,Net Banking,11.5,7.9,36,71,8,0,0.0,0,0,0,,,0,0,medium,no_return,44.5,0,1,0,0
TX100402,CUST000961,4534.59,Grocery,UPI,31.8,0.5,34,71,8,1,0.125,0,0,0,,,0,1,low,no_return,18.4,0,0,0,0
TX100403,CUST002915,1311.88,Toys,Net Banking,18.5,5.0,45,21,16,5,0.312,0,1,0,,,1,0,low,no_return,4.6,1,2,0,0
TX100404,CUST001498,1060.0,Toys,Debit Card,59.2,12.0,25,632,11,0,0.0,0,0,0,6.4,2.2,1,0,medium,not_needed,23.8,0,3,0,1
TX100405,CUST001502,2732.79,Home,UPI,0.0,16.1,44,631,10,2,0.2,0,0,0,,,1,0,low,no_return,10.6,0,0,0,0
TX100406,CUST001301,1418.25,Mobile,UPI,0.0,0.5,29,82,6,0,0.0,0,1,0,4.8,3.0,3,0,low,defective,22.2,2,1,0,0
TX100407,CUST000432,3197.46,Electronics,UPI,26.9,1.6,25,553,14,2,0.143,0,2,0,1.4,0.9,1,0,low,not_needed,45.2,1,2,0,0
TX100408,CUST002803,3987.73,Beauty,Net Banking,14.6,3.1,18,268,7,0,0.0,0,0,0,3.0,2.9,1,1,low,changed_mind_repeated,33.8,0,0,0,0
TX100409,CUST000042,1166.7,Sports,Credit Card,24.5,18.0,47,283,8,0,0.0,0,0,0,,,2,0,low,no_return,15.3,0,2,0,0
TX100410,CUST000523,2944.67,Beauty,COD,1.8,18.7,43,619,9,0,0.0,0,0,0,,,1,0,low,no_return,37.8,1,2,0,0
TX100411,CUST000689,1290.24,Books,UPI,15.6,8.1,27,224,9,2,0.222,1,0,0,,,2,0,low,no_return,21.1,1,0,0,1
TX100412,CUST000838,1658.14,Sports,COD,20.5,6.8,37,374,10,1,0.1,0,0,0,,,0,0,low,no_return,16.1,0,2,0,0
TX100413,CUST000396,2367.02,Electronics,Credit Card,8.5,8.7,33,613,6,1,0.167,0,0,0,0.9,0.0,2,0,low,not_needed,55.7,0,0,0,0
TX100414,CUST000054,1340.93,Fashion,Net Banking,17.8,24.4,28,147,7,0,0.0,0,0,0,,,1,0,low,no_return,51.9,0,2,0,0
TX100415,CUST002033,2230.87,Beauty,Debit Card,0.0,18.8,41,901,11,4,0.364,0,1,0,,,1,0,low,no_return,18.3,1,0,0,0
TX100416,CUST002907,1751.28,Grocery,COD,19.7,8.2,25,1075,10,0,0.0,0,0,0,,,1,0,low,no_return,15.9,3,2,0,0
TX100417,CUST000366,3242.85,Beauty,Debit Card,32.3,43.0,18,911,4,0,0.0,0,2,0,12.5,12.5,1,0,low,size_issue,23.4,0,2,0,0
TX100418,CUST000890,3248.11,Home,Debit Card,0.1,0.5,34,2,6,1,0.167,0,0,0,,,1,0,low,no_return,17.4,0,1,0,0
TX100419,CUST001519,1345.49,Electronics,Net Banking,0.0,0.5,32,177,10,0,0.0,0,0,0,,,3,0,low,no_return,7.1,0,1,0,0
TX100420,CUST002782,2401.72,Toys,Credit Card,29.3,9.7,26,486,8,0,0.0,0,0,0,16.9,16.2,1,0,low,not_as_described,12.6,1,1,0,0
TX100421,CUST002083,3559.26,Beauty,Net Banking,0.0,4.8,23,240,11,0,0.0,0,0,0,11.1,7.8,6,1,low,not_needed,33.5,1,2,0,0
TX100422,CUST002298,943.74,Beauty,UPI,25.1,31.1,18,28,4,2,0.5,0,0,0,,,2,0,medium,no_return,30.1,1,3,0,0
TX100423,CUST001743,1744.0,Beauty,Debit Card,15.7,5.5,28,498,9,0,0.0,0,0,0,,,3,0,low,no_return,21.8,0,1,0,0
TX100424,CUST001251,2334.75,Fashion,Net Banking,10.0,19.1,23,321,9,0,0.0,0,1,0,,,2,0,low,no_return,15.2,3,0,0,0
TX100425,CUST000600,915.13,Fashion,Net Banking,32.6,0.5,41,127,4,2,0.5,0,1,0,,,1,0,low,no_return,19.2,0,1,0,0
TX100426,CUST002593,1456.65,Electronics,Credit Card,26.1,63.2,37,48,7,0,0.0,0,0,0,0.8,0.0,0,0,low,not_as_described_repeated,10.6,1,2,0,0
TX100427,CUST002412,5109.97,Grocery,Credit Card,18.4,1.9,27,194,5,2,0.4,0,0,0,0.2,0.0,1,1,low,defective,49.2,1,2,0,1
TX100428,CUST000076,1309.19,Fashion,COD,0.0,9.2,37,491,8,2,0.25,0,1,0,,,1,0,medium,no_return,21.0,1,0,1,0
TX100429,CUST002146,1410.0,Fashion,Credit Card,23.5,5.1,30,319,2,0,0.0,0,1,0,1.4,0.8,0,0,low,not_as_described_repeated,13.2,0,3,0,0
TX100430,CUST000254,2713.64,Mobile,Net Banking,2.1,1.7,29,60,7,0,0.0,0,0,0,,,1,0,low,no_return,26.8,1,2,0,0
TX100431,CUST002217,837.7,Home,UPI,12.3,9.8,31,60,8,0,0.0,0,0,0,5.4,4.5,1,0,low,changed_mind,38.6,0,3,0,0
TX100432,CUST002478,1769.38,Beauty,UPI,15.1,4.2,49,632,11,0,0.0,0,0,0,,,1,0,low,no_return,38.6,0,1,0,0
TX100433,CUST000394,1067.26,Home,COD,37.8,0.5,38,57,4,0,0.0,0,2,0,,,1,0,low,no_return,30.6,1,1,0,0
TX100434,CUST001302,2228.13,Fashion,Credit Card,12.0,41.5,29,380,6,1,0.167,0,3,1,,,1,0,low,no_return,15.2,1,1,0,0
TX100435,CUST000372,228.08,Electronics,Credit Card,0.0,11.9,40,58,7,0,0.0,0,0,1,,,0,0,low,no_return,48.4,0,3,0,0
TX100436,CUST001702,2033.32,Footwear,Credit Card,32.6,9.9,40,66,8,3,0.375,0,1,1,,,0,0,low,no_return,44.7,3,2,0,0
TX100437,CUST002782,2376.42,Beauty,Wallet,23.7,22.8,34,302,13,0,0.0,0,1,0,,,1,0,low,no_return,40.9,1,6,0,0
TX100438,CUST000243,1482.32,Books,Debit Card,24.2,13.7,28,54,11,2,0.182,0,3,0,,,1,0,low,no_return,33.4,0,1,0,1
TX100439,CUST001193,1545.84,Mobile,Wallet,32.9,2.5,28,545,10,1,0.1,0,0,0,4.0,0.8,3,0,low,defective,32.9,0,0,0,0
TX100440,CUST002919,1360.86,Electronics,Credit Card,35.7,11.2,21,745,5,2,0.4,1,0,0,,,2,0,low,no_return,37.6,0,3,0,0
TX100441,CUST000903,1753.95,Grocery,Credit Card,4.3,8.2,33,133,8,2,0.25,0,0,0,,,1,0,low,no_return,49.0,1,3,0,0
TX100442,CUST000397,4571.75,Electronics,UPI,0.0,21.0,25,286,11,0,0.0,0,0,0,0.4,0.3,1,1,low,changed_mind_repeated,26.9,1,1,0,0
TX100443,CUST001466,3306.28,Home,Credit Card,25.1,28.5,27,1004,4,0,0.0,0,0,0,2.8,2.0,2,0,medium,size_issue,7.1,0,2,0,0
TX100444,CUST001525,1752.82,Footwear,UPI,11.9,10.5,38,164,3,0,0.0,0,1,0,3.1,2.3,3,0,low,changed_mind_repeated,43.5,0,4,0,0
TX100445,CUST001988,1457.0,Electronics,UPI,12.9,18.9,48,190,10,0,0.0,0,0,0,,,5,0,medium,no_return,44.3,0,2,0,0
TX100446,CUST000941,3114.53,Mobile,Credit Card,1.5,8.3,35,96,8,1,0.125,1,2,0,,,0,0,low,no_return,20.1,0,2,0,0
TX100447,CUST002866,2136.25,Sports,COD,22.0,17.3,30,539,10,3,0.3,2,1,0,10.9,8.8,1,0,low,defective,33.3,2,0,0,0
TX100448,CUST001563,899.06,Home,Credit Card,19.8,7.3,31,309,9,2,0.222,0,0,0,,,2,0,medium,no_return,18.0,1,1,0,0
TX100449,CUST000860,1620.69,Electronics,Credit Card,13.1,1.2,43,59,8,0,0.0,0,0,0,0.8,0.7,1,0,low,defective,14.8,1,2,0,0
TX100450,CUST002880,4275.65,Sports,Credit Card,0.0,9.0,35,379,6,0,0.0,0,0,0,,,3,1,low,no_return,32.0,1,0,0,0
TX100451,CUST002774,2645.91,Beauty,Debit Card,29.5,25.5,33,139,9,0,0.0,0,1,0,,,0,0,low,no_return,26.7,1,2,1,0
TX100452,CUST001497,1467.82,Fashion,COD,18.1,8.6,34,87,7,0,0.0,0,0,0,,,0,0,low,no_return,20.9,0,0,0,0
TX100453,CUST000075,638.83,Beauty,COD,28.4,20.3,18,552,7,0,0.0,0,1,0,11.6,8.2,1,0,medium,not_as_described,16.9,3,1,0,1
TX100454,CUST001791,2220.94,Electronics,COD,0.0,2.8,35,567,4,0,0.0,0,0,0,,,3,0,low,no_return,48.3,0,2,0,0
TX100455,CUST001666,1937.98,Mobile,UPI,15.7,35.8,23,110,6,1,0.167,0,0,0,,,3,0,low,no_return,30.8,2,2,0,0
TX100456,CUST000445,1717.06,Fashion,Credit Card,6.4,15.5,35,192,8,0,0.0,0,0,0,,,0,0,low,no_return,23.8,1,1,0,0
TX100457,CUST001902,3136.36,Beauty,COD,15.4,6.4,24,915,10,3,0.3,0,0,0,,,0,0,low,no_return,16.7,1,1,0,0
TX100458,CUST002522,2666.71,Toys,Net Banking,26.3,8.3,37,406,9,1,0.111,0,0,0,13.1,10.6,1,0,low,changed_mind,4.9,3,3,0,0
TX100459,CUST000318,654.61,Books,Debit Card,19.4,8.4,30,265,5,0,0.0,0,0,0,,,2,0,low,no_return,43.8,1,1,0,0
TX100460,CUST002170,1945.08,Footwear,Credit Card,15.2,5.5,20,249,8,1,0.125,1,2,0,,,0,0,low,no_return,14.1,1,0,0,0
TX100461,CUST000421,776.1,Mobile,COD,15.2,12.6,29,1373,3,0,0.0,0,1,0,3.8,0.0,1,0,low,defective,15.0,2,1,0,0
TX100462,CUST002246,1376.42,Fashion,Wallet,0.0,0.5,54,1116,11,0,0.0,0,0,0,3.4,3.4,1,0,low,not_needed,32.5,1,1,1,0
TX100463,CUST001257,735.3,Home,Credit Card,4.1,46.6,18,814,10,3,0.3,0,2,0,,,2,0,low,no_return,6.6,1,0,0,1
TX100464,CUST000020,754.32,Grocery,UPI,28.5,0.7,33,430,5,1,0.2,0,0,0,,,2,0,low,no_return,9.3,0,4,0,0
TX100465,CUST002898,2397.25,Electronics,COD,8.9,28.7,21,1125,7,1,0.143,0,0,0,,,2,0,low,no_return,19.2,0,1,0,0
TX100466,CUST000498,2247.93,Books,COD,28.7,12.4,45,248,11,4,0.364,0,0,0,2.5,2.5,3,0,high,not_as_described_repeated,11.8,0,2,0,1
TX100467,CUST001788,1851.66,Electronics,UPI,24.9,12.4,40,660,8,0,0.0,0,0,0,1.4,0.0,2,0,low,changed_mind,40.2,2,3,0,0
TX100468,CUST000545,1296.51,Footwear,Credit Card,25.6,31.9,33,267,6,0,0.0,0,0,0,,,0,0,low,no_return,11.1,0,1,1,0
TX100469,CUST002799,697.17,Books,Debit Card,19.0,23.0,41,815,7,0,0.0,0,0,0,,,3,0,low,no_return,6.5,1,2,0,0
TX100470,CUST002215,1380.78,Sports,COD,9.8,12.3,34,348,9,0,0.0,0,0,0,,,0,0,low,no_return,51.8,0,3,0,0
TX100471,CUST002413,2254.37,Home,COD,13.2,16.4,32,841,4,1,0.25,1,2,0,0.9,0.0,1,0,low,size_issue,12.0,0,6,0,1
TX100472,CUST001296,2221.43,Mobile,UPI,22.7,12.1,26,778,7,0,0.0,0,0,0,1.2,1.0,1,0,low,not_needed,12.0,2,1,0,0
TX100473,CUST001402,4221.09,Books,UPI,0.0,1.7,28,428,9,1,0.111,0,0,0,,,2,1,low,no_return,2.8,0,2,0,0
TX100474,CUST001903,3853.75,Toys,COD,29.9,4.1,27,442,9,0,0.0,0,0,0,,,0,1,low,no_return,46.9,1,2,0,0
TX100475,CUST002354,1899.99,Toys,UPI,9.0,2.7,32,49,8,0,0.0,0,2,0,,,1,0,low,no_return,41.7,0,0,0,0
TX100476,CUST002541,1371.01,Electronics,Credit Card,14.0,8.6,18,82,7,0,0.0,0,0,0,11.8,11.4,2,0,low,changed_mind_repeated,17.9,0,1,0,0
TX100477,CUST000054,1086.19,Electronics,Debit Card,14.1,1.4,42,127,7,2,0.286,0,0,0,,,1,0,medium,no_return,28.2,0,0,0,0
TX100478,CUST001991,622.4,Fashion,Credit Card,14.5,8.7,51,206,13,0,0.0,0,0,0,,,2,0,low,no_return,32.8,1,1,0,0
TX100479,CUST000328,837.08,Grocery,COD,0.0,5.7,27,405,11,1,0.091,0,0,0,4.9,1.9,1,0,low,size_issue,56.5,0,2,0,0
TX100480,CUST000864,2256.5,Grocery,UPI,16.8,41.7,43,98,8,2,0.25,1,1,0,,,1,0,low,no_return,8.4,0,2,0,0
TX100481,CUST002488,2783.44,Fashion,COD,22.1,3.5,30,3,4,0,0.0,0,0,0,,,0,0,medium,no_return,45.3,0,2,0,0
TX100482,CUST000752,1561.6,Mobile,Debit Card,0.0,22.4,25,878,11,1,0.091,0,0,0,,,2,0,low,no_return,18.1,1,1,0,0
TX100483,CUST002390,6990.59,Electronics,Credit Card,0.0,6.4,28,16,9,3,0.333,0,0,0,,,0,1,low,no_return,33.0,1,1,0,0
TX100484,CUST001389,842.86,Toys,Net Banking,25.8,27.7,32,993,7,2,0.286,1,3,0,15.6,15.1,0,0,low,changed_mind,26.3,1,1,0,0
TX100485,CUST000698,579.86,Beauty,UPI,23.5,16.3,24,107,11,0,0.0,0,2,0,,,2,0,low,no_return,27.9,0,1,0,0
TX100486,CUST001003,6916.02,Home,COD,18.6,10.8,38,481,5,2,0.4,0,0,0,,,1,1,low,no_return,7.7,0,2,0,0
TX100487,CUST001592,673.25,Electronics,UPI,6.8,0.5,26,205,6,3,0.5,2,3,0,2.9,2.5,0,0,low,defective,18.4,0,1,0,0
TX100488,CUST002295,1547.36,Books,Wallet,23.6,6.3,21,1134,7,0,0.0,0,0,0,,,1,0,low,no_return,5.7,2,1,0,0
TX100489,CUST001818,1149.66,Toys,UPI,0.6,8.7,31,700,7,0,0.0,0,3,0,2.4,1.5,1,0,low,changed_mind,10.5,0,2,0,0
TX100490,CUST002799,2364.27,Fashion,Debit Card,13.4,9.9,25,405,8,1,0.125,0,0,0,,,1,0,medium,no_return,13.1,0,0,0,0
TX100491,CUST002603,1470.49,Beauty,UPI,0.0,17.3,28,9,6,1,0.167,1,2,0,5.2,3.2,1,0,low,not_needed,17.2,1,1,0,1
TX100492,CUST002260,2788.93,Sports,Credit Card,13.1,11.6,31,337,6,1,0.167,0,0,0,,,2,0,low,no_return,19.0,0,2,0,0
TX100493,CUST001809,3176.21,Home,UPI,2.6,0.6,18,223,9,0,0.0,0,0,0,,,2,0,low,no_return,18.7,0,2,0,0
TX100494,CUST000870,618.06,Grocery,UPI,24.1,6.6,46,453,8,1,0.125,0,0,0,3.7,3.2,0,0,medium,changed_mind,24.8,2,0,0,0
TX100495,CUST001238,1061.69,Home,UPI,20.2,13.8,40,193,12,0,0.0,0,0,0,,,0,0,medium,no_return,18.6,0,1,0,0
TX100496,CUST000357,2940.32,Footwear,UPI,8.2,16.8,25,677,8,0,0.0,0,0,0,0.5,0.4,0,0,medium,not_as_described_repeated,41.4,1,2,0,0
TX100497,CUST001123,3576.46,Books,COD,28.1,17.9,31,157,6,0,0.0,0,0,0,,,3,1,low,no_return,2.7,0,0,0,0
TX100498,CUST002779,2099.84,Electronics,Credit Card,3.5,7.5,38,115,4,0,0.0,0,0,0,,,0,0,medium,no_return,14.0,0,0,0,0
TX100499,CUST001278,2476.31,Toys,UPI,14.6,1.5,34,241,7,2,0.286,1,0,0,1.8,0.0,1,0,low,not_as_described,18.8,1,2,0,0
TX100500,CUST000342,4387.1,Fashion,Net Banking,7.6,3.2,50,94,7,0,0.0,0,0,0,,,2,1,low,no_return,23.7,0,2,0,0
TX100501,CUST001956,1482.87,Mobile,Debit Card,23.9,33.1,29,134,3,0,0.0,0,0,0,,,2,0,medium,no_return,15.0,2,1,0,0
TX100502,CUST002887,2085.06,Sports,UPI,22.7,20.6,43,404,7,0,0.0,0,0,0,,,1,0,low,no_return,15.1,1,0,0,0
TX100503,CUST002602,3856.39,Electronics,Credit Card,30.6,13.6,18,87,8,0,0.0,0,0,0,,,2,1,low,no_return,15.6,1,1,0,0
TX100504,CUST000822,4006.04,Books,Credit Card,16.0,28.1,20,541,6,1,0.167,0,0,0,0.3,0.0,0,1,low,not_as_described,18.4,0,1,0,0
TX100505,CUST001362,1762.73,Electronics,Debit Card,0.0,6.3,48,89,3,0,0.0,0,0,0,2.7,0.0,0,0,low,changed_mind_repeated,51.1,2,1,0,0
TX100506,CUST001593,1085.24,Footwear,Net Banking,9.8,2.4,27,849,13,5,0.385,1,0,0,6.7,6.3,1,0,high,not_as_described,4.9,0,0,0,1
TX100507,CUST000744,1749.91,Mobile,Debit Card,33.8,0.5,20,758,9,0,0.0,0,0,0,,,1,0,low,no_return,26.2,0,0,0,0
TX100508,CUST000806,1862.13,Grocery,Wallet,11.1,5.0,31,66,10,1,0.1,0,0,0,,,1,0,medium,no_return,24.2,0,2,0,0
TX100509,CUST000710,1058.16,Beauty,COD,0.0,6.6,44,79,7,0,0.0,0,0,0,5.1,4.4,6,0,medium,not_needed,27.6,3,0,0,0
TX100510,CUST002983,1169.23,Sports,Wallet,20.4,8.7,24,700,5,0,0.0,0,0,0,0.6,0.3,1,0,low,not_as_described,32.2,1,0,0,1
TX100511,CUST002238,4009.48,Home,Debit Card,21.3,12.8,31,908,2,0,0.0,0,0,0,8.4,7.5,0,1,low,changed_mind_repeated,7.3,0,1,0,0
TX100512,CUST002522,2549.26,Electronics,Debit Card,6.3,8.6,18,410,10,1,0.1,0,0,0,1.6,0.5,1,0,low,changed_mind,21.9,0,0,0,0
TX100513,CUST002449,1552.41,Footwear,COD,12.0,5.5,27,842,5,0,0.0,0,1,0,4.4,4.0,3,0,low,not_as_described_repeated,27.3,1,0,0,0
TX100514,CUST002877,879.65,Fashion,COD,4.8,6.6,41,384,7,0,0.0,0,0,0,,,2,0,medium,no_return,27.5,2,1,0,0
TX100515,CUST000316,1178.86,Fashion,UPI,21.3,11.7,24,418,7,0,0.0,0,0,0,,,1,0,low,no_return,15.4,0,2,0,0
TX100516,CUST002645,547.48,Fashion,UPI,15.7,11.9,19,341,10,1,0.1,1,0,0,,,1,0,low,no_return,10.0,0,2,0,0
TX100517,CUST000200,2135.29,Mobile,UPI,1.0,12.8,24,367,7,1,0.143,0,0,0,14.9,12.8,2,0,low,defective,8.9,0,1,0,0
TX100518,CUST001426,1134.91,Mobile,UPI,14.9,10.5,25,547,4,0,0.0,0,0,0,,,2,0,low,no_return,20.3,1,1,0,0
TX100519,CUST001783,2244.6,Home,Net Banking,6.2,11.5,39,94,7,2,0.286,1,1,1,,,4,0,low,no_return,39.4,0,1,0,0
TX100520,CUST001074,2921.53,Fashion,COD,32.5,19.2,35,592,3,0,0.0,0,2,0,,,0,0,medium,no_return,14.1,0,0,0,0
TX100521,CUST000439,2265.61,Toys,UPI,25.7,4.0,37,102,8,3,0.375,1,3,0,0.7,0.0,2,0,low,not_as_described,8.8,1,2,0,0
TX100522,CUST000577,1427.6,Home,Credit Card,13.5,30.1,32,239,16,1,0.062,1,0,0,,,0,0,low,no_return,41.8,0,2,0,0
TX100523,CUST002474,1021.1,Mobile,UPI,16.0,34.3,25,605,10,1,0.1,0,2,1,,,0,0,low,no_return,7.2,1,2,0,0
TX100524,CUST000956,792.28,Footwear,COD,27.2,21.5,24,184,11,3,0.273,2,0,1,,,1,0,low,no_return,33.6,0,2,0,0
TX100525,CUST000931,3772.79,Books,Net Banking,12.9,33.3,36,1884,6,1,0.167,0,1,0,,,0,1,high,no_return,6.2,0,2,0,0
TX100526,CUST002770,2203.19,Electronics,UPI,24.1,10.8,47,374,6,0,0.0,0,0,0,,,0,0,medium,no_return,20.5,3,1,0,0
TX100527,CUST000432,1482.26,Grocery,Credit Card,32.7,18.1,22,1016,9,1,0.111,0,0,0,,,2,0,medium,no_return,37.2,0,1,0,0
TX100528,CUST002745,2684.11,Mobile,Wallet,9.1,8.1,21,560,7,0,0.0,0,0,0,7.8,7.7,0,0,low,not_as_described,31.0,2,2,0,0
TX100529,CUST002762,3406.27,Home,Debit Card,34.8,5.7,20,227,8,0,0.0,0,0,0,,,2,0,low,no_return,26.1,0,1,0,0
TX100530,CUST001796,1151.13,Footwear,Net Banking,31.3,45.4,40,663,7,0,0.0,0,0,0,,,2,0,low,no_return,46.3,0,3,0,0
TX100531,CUST000497,2160.98,Home,Credit Card,18.0,4.5,31,194,9,0,0.0,0,1,0,0.7,0.2,3,0,low,changed_mind_repeated,64.5,0,0,0,0
TX100532,CUST000468,2188.99,Mobile,UPI,9.7,11.3,37,216,10,2,0.2,1,0,0,,,0,0,low,no_return,50.6,0,1,0,0
TX100533,CUST000854,4272.71,Grocery,Debit Card,17.8,1.0,26,1550,4,0,0.0,0,0,0,,,1,1,low,no_return,7.5,3,1,0,0
TX100534,CUST001732,1468.5,Electronics,UPI,12.1,11.9,38,615,12,0,0.0,0,0,0,6.7,6.2,1,0,low,not_as_described,8.8,1,2,0,0
TX100535,CUST000461,995.87,Beauty,COD,5.5,4.0,29,136,8,0,0.0,0,1,0,,,0,0,low,no_return,32.0,2,2,0,0
TX100536,CUST001367,2315.02,Electronics,COD,21.4,12.5,18,184,10,2,0.2,1,1,0,3.4,2.8,0,0,low,not_as_described,29.9,0,3,0,0
TX100537,CUST000347,2824.18,Home,Credit Card,2.7,1.5,41,175,7,0,0.0,0,0,0,,,1,0,low,no_return,7.7,3,1,0,0
TX100538,CUST001621,2049.1,Footwear,Credit Card,10.9,2.2,31,732,8,1,0.125,0,0,0,,,1,0,low,no_return,36.7,2,1,0,1
TX100539,CUST000064,4451.83,Fashion,COD,11.1,15.0,28,323,6,3,0.5,1,1,0,2.2,0.0,5,1,medium,changed_mind,32.1,1,3,0,1
TX100540,CUST002127,1465.41,Mobile,Net Banking,0.0,0.7,34,1175,13,4,0.308,1,0,0,2.0,0.9,1,0,low,changed_mind,4.7,1,2,0,1
TX100541,CUST000167,2081.88,Electronics,Credit Card,22.9,1.3,18,713,9,0,0.0,0,1,0,,,2,0,low,no_return,28.5,1,2,0,0
TX100542,CUST000585,653.08,Grocery,COD,12.3,4.4,36,457,8,1,0.125,1,1,0,,,0,0,low,no_return,9.9,0,6,0,0
TX100543,CUST000524,958.02,Mobile,UPI,30.6,29.2,26,272,5,2,0.4,2,1,0,,,3,0,low,no_return,22.5,2,3,0,0
TX100544,CUST002493,1156.17,Grocery,Net Banking,12.1,0.6,30,589,14,3,0.214,0,0,0,,,3,0,low,no_return,8.5,0,1,0,0
TX100545,CUST000161,1630.72,Footwear,Debit Card,10.1,11.2,43,175,7,0,0.0,0,0,0,,,1,0,low,no_return,45.2,0,1,0,0
TX100546,CUST001288,729.46,Mobile,UPI,4.1,4.4,38,125,11,0,0.0,0,0,0,2.3,1.0,0,0,medium,not_needed,11.4,1,2,1,0
TX100547,CUST001773,2660.51,Grocery,COD,15.5,8.6,30,255,6,1,0.167,0,0,0,2.3,0.0,1,0,low,changed_mind_repeated,37.6,2,1,0,0
TX100548,CUST001548,1087.26,Toys,COD,15.5,30.2,30,687,11,0,0.0,0,1,0,,,1,0,medium,no_return,36.1,0,2,0,0
TX100549,CUST002042,6243.63,Electronics,COD,23.9,25.2,18,432,7,1,0.143,0,0,0,,,1,1,low,no_return,12.3,0,1,0,0
TX100550,CUST002409,1113.66,Home,Credit Card,15.8,15.0,23,215,6,1,0.167,0,1,0,13.3,10.7,3,0,low,defective,15.6,0,1,0,0
TX100551,CUST001181,1945.91,Fashion,COD,40.1,0.7,33,507,9,3,0.333,0,0,0,,,5,0,low,no_return,39.3,1,3,0,0
TX100552,CUST002484,1791.74,Toys,COD,20.5,10.1,24,111,8,2,0.25,0,0,0,,,0,0,low,no_return,9.6,1,1,0,0
TX100553,CUST000954,902.55,Grocery,Credit Card,3.2,1.2,18,3,6,4,0.667,1,0,1,,,1,0,low,no_return,33.8,3,0,0,0
TX100554,CUST002953,1634.86,Grocery,UPI,2.1,17.0,36,284,9,1,0.111,0,0,0,,,2,0,medium,no_return,22.2,0,1,0,0
TX100555,CUST001514,1621.6,Mobile,Net Banking,21.4,6.5,45,255,7,0,0.0,0,0,0,27.1,26.4,1,0,low,not_as_described_repeated,16.1,1,4,0,0
TX100556,CUST002208,3178.14,Electronics,Debit Card,2.8,13.0,24,367,9,0,0.0,0,0,0,,,3,0,low,no_return,2.2,1,1,0,0
TX100557,CUST002625,2370.09,Mobile,Credit Card,22.1,6.0,40,537,3,0,0.0,0,0,0,,,3,0,low,no_return,37.6,0,5,0,0
TX100558,CUST002378,2636.22,Electronics,Net Banking,25.7,3.5,39,167,13,2,0.154,1,0,0,1.6,0.0,2,0,low,size_issue,28.1,0,2,0,0
TX100559,CUST002553,3135.37,Home,UPI,26.0,2.0,22,1046,12,1,0.083,1,0,0,,,2,0,low,no_return,27.7,0,3,0,0
TX100560,CUST001610,2662.89,Grocery,COD,4.6,2.2,24,146,8,0,0.0,0,1,0,,,3,0,low,no_return,38.9,0,2,0,0
TX100561,CUST000131,2149.54,Home,Credit Card,26.1,19.6,50,1210,13,1,0.077,0,0,0,,,2,0,low,no_return,43.0,0,3,0,0
TX100562,CUST001479,1148.98,Grocery,UPI,18.9,27.6,20,115,7,1,0.143,0,0,0,26.2,25.6,0,0,low,not_needed,20.9,0,1,0,0
TX100563,CUST000545,2063.12,Toys,Wallet,7.7,7.6,25,478,8,1,0.125,0,0,0,,,1,0,low,no_return,38.2,0,0,0,0
TX100564,CUST002667,1006.74,Toys,COD,13.1,6.2,51,2,13,3,0.231,0,0,0,0.7,0.0,1,0,medium,not_needed,13.8,0,2,0,0
TX100565,CUST000710,1717.05,Fashion,UPI,20.7,3.3,26,14,5,2,0.4,0,0,0,1.8,0.8,0,0,low,not_as_described_repeated,10.7,1,1,0,0
TX100566,CUST000684,1574.19,Fashion,Net Banking,6.9,13.6,45,174,5,0,0.0,0,0,0,1.9,0.8,0,0,high,changed_mind,25.0,0,1,0,0
TX100567,CUST000748,1640.51,Electronics,Net Banking,18.6,0.5,21,62,10,0,0.0,0,0,0,,,2,0,low,no_return,28.9,2,2,0,0
TX100568,CUST001928,734.62,Beauty,COD,32.3,25.5,33,463,8,0,0.0,0,0,0,,,0,0,low,no_return,42.5,0,4,1,0
TX100569,CUST001714,230.15,Electronics,UPI,26.6,23.5,42,436,10,1,0.1,0,0,0,0.5,0.3,1,0,low,size_issue,51.1,1,0,0,0
TX100570,CUST002846,1388.95,Fashion,UPI,16.0,4.1,27,228,5,1,0.2,0,0,0,,,0,0,low,no_return,54.4,0,0,0,0
TX100571,CUST001249,3593.28,Footwear,COD,17.8,7.0,32,178,14,5,0.357,0,0,0,,,0,1,low,no_return,23.5,0,3,0,0
TX100572,CUST000847,1927.57,Mobile,Net Banking,8.5,1.4,39,174,5,0,0.0,0,0,0,,,0,0,low,no_return,33.2,0,1,0,0
TX100573,CUST000148,3434.12,Toys,UPI,8.9,0.5,22,95,7,0,0.0,0,0,0,,,2,1,medium,no_return,16.0,0,1,0,0
TX100574,CUST000022,1011.33,Electronics,Credit Card,0.0,1.0,54,446,6,2,0.333,0,0,0,0.8,0.6,2,0,high,changed_mind,9.1,0,2,0,0
TX100575,CUST001121,1343.68,Sports,UPI,18.0,2.7,42,1170,13,0,0.0,0,0,0,,,2,0,low,no_return,40.7,0,1,0,0
TX100576,CUST002777,6471.95,Fashion,Credit Card,23.2,0.5,28,147,8,1,0.125,0,1,1,,,0,1,low,no_return,7.8,0,0,0,1
TX100577,CUST001571,1053.69,Home,Debit Card,14.1,26.7,29,76,7,2,0.286,0,2,0,3.4,1.3,0,0,high,defective,12.2,1,2,0,0
TX100578,CUST002680,2604.2,Home,UPI,4.5,2.2,51,976,9,1,0.111,0,1,0,4.4,1.1,4,0,low,changed_mind,3.2,1,1,0,0
TX100579,CUST000305,2601.65,Mobile,Debit Card,15.8,2.4,28,439,5,1,0.2,0,1,0,9.4,8.6,2,0,low,not_needed,35.9,2,1,0,0
TX100580,CUST000280,2425.59,Grocery,Debit Card,31.1,2.7,27,550,5,0,0.0,0,1,0,,,2,0,high,no_return,25.8,2,0,0,0
TX100581,CUST002500,2624.82,Fashion,Credit Card,25.8,1.0,43,475,6,0,0.0,0,1,0,,,1,0,low,no_return,15.6,0,3,0,0
TX100582,CUST000321,1043.34,Grocery,Net Banking,14.6,10.8,18,253,12,2,0.167,1,1,0,,,2,0,medium,no_return,14.8,1,1,0,0
TX100583,CUST000156,1433.61,Mobile,UPI,39.6,8.2,31,140,6,0,0.0,0,0,0,,,4,0,low,no_return,41.3,2,3,0,0
TX100584,CUST001212,265.72,Electronics,UPI,47.4,4.1,32,1054,12,3,0.25,1,0,0,,,0,0,low,no_return,45.8,0,0,0,0
TX100585,CUST002774,4360.53,Toys,Credit Card,9.2,5.8,24,308,10,0,0.0,0,1,0,6.5,3.8,3,1,medium,size_issue,10.1,0,3,0,0
TX100586,CUST002068,2615.01,Fashion,Debit Card,12.0,0.5,18,78,12,2,0.167,0,0,0,1.3,0.0,2,0,high,changed_mind_repeated,19.8,0,1,0,1
TX100587,CUST000298,1157.08,Electronics,UPI,23.3,21.1,32,252,13,1,0.077,0,0,0,,,2,0,low,no_return,16.5,0,0,0,0
TX100588,CUST002511,1018.95,Footwear,Wallet,4.0,0.5,38,117,8,1,0.125,0,1,1,,,0,0,medium,no_return,29.3,2,1,0,0
TX100589,CUST002530,3631.65,Electronics,UPI,25.2,36.8,25,1091,7,0,0.0,0,1,0,,,1,1,low,no_return,22.0,0,2,0,0
TX100590,CUST002402,1102.51,Books,UPI,16.2,1.8,20,604,5,1,0.2,0,0,0,,,2,0,low,no_return,21.6,0,2,0,0
TX100591,CUST002708,1154.63,Electronics,COD,19.5,1.6,44,30,8,0,0.0,0,1,0,,,0,0,low,no_return,22.1,1,1,0,0
TX100592,CUST000720,875.98,Grocery,Net Banking,8.1,0.5,37,241,5,3,0.6,1,0,0,4.1,0.8,0,0,low,not_as_described_repeated,13.4,0,1,0,1
TX100593,CUST002938,2925.85,Grocery,Debit Card,5.5,5.2,28,382,3,0,0.0,0,0,0,,,0,0,low,no_return,59.4,3,0,0,0
TX100594,CUST000962,3403.22,Footwear,UPI,0.0,1.0,41,234,7,1,0.143,0,0,0,,,3,0,medium,no_return,17.5,1,2,0,0
TX100595,CUST002406,1580.52,Toys,Credit Card,32.8,6.6,34,126,9,2,0.222,0,0,0,,,0,0,low,no_return,35.7,1,3,0,0
TX100596,CUST001738,3416.83,Grocery,UPI,26.3,25.1,49,1103,10,1,0.1,0,1,0,25.6,24.1,0,0,low,not_needed,9.8,1,1,0,0
TX100597,CUST002338,2297.84,Home,Credit Card,23.1,2.8,38,6,8,2,0.25,0,0,0,,,1,0,medium,no_return,18.0,0,1,0,0
TX100598,CUST001883,839.5,Fashion,Debit Card,19.2,11.5,18,256,6,0,0.0,0,1,1,,,1,0,low,no_return,34.8,0,0,0,0
TX100599,CUST001927,4168.65,Grocery,Credit Card,0.0,24.0,25,291,10,3,0.3,0,2,0,2.4,0.5,3,1,high,size_issue,10.5,0,2,0,0
TX100600,CUST001849,869.56,Beauty,Debit Card,6.0,5.8,25,58,7,2,0.286,2,1,0,,,1,0,medium,no_return,42.7,0,1,1,1
TX100601,CUST002337,1656.66,Electronics,COD,11.9,20.0,35,478,9,0,0.0,0,0,0,,,1,0,low,no_return,35.3,0,1,0,0
TX100602,CUST002217,1583.55,Mobile,UPI,2.0,2.1,28,193,4,0,0.0,0,2,0,,,2,0,medium,no_return,19.0,0,3,0,0
TX100603,CUST000404,1404.09,Fashion,UPI,0.0,17.7,20,121,13,3,0.231,0,0,0,6.8,4.9,1,0,low,size_issue,64.1,0,4,0,0
TX100604,CUST002478,430.78,Electronics,COD,3.3,7.2,37,388,4,0,0.0,0,0,0,,,3,0,low,no_return,17.0,0,0,0,0
TX100605,CUST001608,5669.29,Footwear,UPI,15.6,6.2,42,107,10,2,0.2,0,0,0,,,2,1,low,no_return,8.4,1,3,0,0
TX100606,CUST000969,472.93,Sports,UPI,15.6,10.9,30,150,3,0,0.0,0,1,0,0.5,0.0,3,0,low,not_needed,60.7,1,2,0,0
TX100607,CUST001543,4328.29,Books,UPI,25.9,5.5,34,474,14,0,0.0,0,0,0,7.4,7.2,2,1,low,not_as_described_repeated,13.7,0,0,0,0
TX100608,CUST002900,995.22,Electronics,Debit Card,39.8,1.7,22,97,3,1,0.333,1,3,0,,,2,0,low,no_return,13.4,1,1,0,0
TX100609,CUST002572,1231.48,Home,Debit Card,23.2,2.8,26,210,7,0,0.0,0,0,0,,,2,0,medium,no_return,35.7,0,0,0,0
TX100610,CUST002501,4071.19,Grocery,Debit Card,12.9,2.3,27,116,8,0,0.0,0,1,0,,,0,1,medium,no_return,39.4,0,4,0,0
TX100611,CUST001388,2455.43,Fashion,Credit Card,36.6,0.6,37,277,7,0,0.0,0,0,0,,,0,0,low,no_return,15.9,0,1,0,0
TX100612,CUST002352,669.02,Grocery,Debit Card,0.0,17.6,34,463,11,0,0.0,0,0,0,,,0,0,low,no_return,21.8,0,0,0,0
TX100613,CUST001155,659.23,Fashion,UPI,0.0,15.0,28,611,9,0,0.0,0,0,0,4.5,3.5,1,0,high,not_as_described_repeated,35.9,0,4,0,0
TX100614,CUST002058,2232.43,Fashion,COD,4.4,13.3,28,79,3,1,0.333,0,0,0,2.5,0.0,1,0,low,not_as_described_repeated,29.6,0,1,0,1
TX100615,CUST001919,859.05,Electronics,Wallet,24.7,3.3,18,289,7,2,0.286,0,0,0,,,1,0,low,no_return,11.5,0,1,0,0
TX100616,CUST000750,2528.52,Fashion,Debit Card,17.0,10.0,48,304,9,1,0.111,0,0,0,,,1,0,low,no_return,18.4,1,0,1,0
TX100617,CUST000800,2692.47,Fashion,Credit Card,1.5,10.6,18,180,8,0,0.0,0,0,0,,,0,0,medium,no_return,31.9,1,3,0,0
TX100618,CUST000184,1069.36,Books,COD,6.3,5.7,36,771,10,0,0.0,0,0,0,,,2,0,medium,no_return,20.0,0,2,0,0
TX100619,CUST000420,1276.85,Sports,UPI,0.1,3.8,32,352,8,0,0.0,0,0,0,,,2,0,low,no_return,23.7,0,0,0,0
TX100620,CUST001301,2278.85,Fashion,Credit Card,0.1,25.3,29,80,6,2,0.333,0,0,0,,,3,0,medium,no_return,35.5,0,4,0,1
TX100621,CUST001434,1037.26,Sports,Net Banking,33.6,0.9,31,191,10,1,0.1,0,0,0,,,1,0,medium,no_return,40.4,0,2,0,0
TX100622,CUST000496,1929.3,Fashion,UPI,13.3,15.2,25,16,12,0,0.0,0,0,0,,,1,0,high,no_return,4.5,0,2,1,0
TX100623,CUST001251,6710.75,Home,UPI,36.2,15.8,38,888,7,1,0.143,0,2,0,21.6,18.5,1,1,medium,changed_mind,22.5,1,1,0,0
TX100624,CUST001812,2348.29,Footwear,Debit Card,4.3,1.4,18,423,6,0,0.0,0,1,0,,,0,0,low,no_return,20.6,0,1,0,0
TX100625,CUST000698,1417.32,Books,Debit Card,20.9,5.5,35,224,10,2,0.2,0,2,0,0.7,0.1,0,0,low,changed_mind_repeated,13.6,0,4,0,0
TX100626,CUST001015,6022.35,Grocery,Debit Card,17.7,6.6,25,105,7,0,0.0,0,0,0,1.1,0.0,1,1,low,not_as_described,37.9,0,2,0,0
TX100627,CUST001103,3056.9,Fashion,UPI,25.6,0.9,27,280,11,1,0.091,0,0,0,,,1,0,low,no_return,43.1,0,0,1,0
TX100628,CUST001515,873.64,Electronics,COD,18.1,45.9,28,1772,15,0,0.0,0,1,0,,,2,0,low,no_return,25.3,0,2,0,0
TX100629,CUST001099,991.89,Books,UPI,26.8,7.6,30,550,10,0,0.0,0,0,0,11.6,9.1,1,0,low,not_as_described,35.1,3,2,0,0
TX100630,CUST002211,512.93,Sports,Net Banking,21.7,9.7,37,425,8,2,0.25,0,0,0,15.0,14.7,2,0,medium,changed_mind_repeated,34.3,1,0,0,0
TX100631,CUST000983,2252.56,Grocery,UPI,1.9,7.2,31,458,5,0,0.0,0,0,0,,,1,0,low,no_return,24.6,0,0,0,0
TX100632,CUST001302,379.06,Mobile,UPI,23.8,0.5,41,319,8,0,0.0,0,0,0,,,1,0,low,no_return,28.4,1,2,0,0
TX100633,CUST001139,6017.84,Home,Debit Card,13.8,3.2,42,356,4,0,0.0,0,0,0,0.3,0.0,0,1,low,defective,21.0,2,1,1,0
TX100634,CUST000549,1533.04,Toys,UPI,5.7,10.3,35,617,5,0,0.0,0,0,0,,,1,0,low,no_return,8.3,1,2,0,0
TX100635,CUST002057,3175.03,Sports,Debit Card,23.3,4.8,38,384,6,0,0.0,0,1,0,10.5,9.5,2,0,low,not_as_described_repeated,5.7,1,1,0,0
TX100636,CUST000707,1441.99,Fashion,UPI,26.1,2.2,52,613,6,0,0.0,0,0,0,1.0,0.0,0,0,low,not_as_described_repeated,11.9,1,0,0,0
TX100637,CUST000891,2227.42,Electronics,Credit Card,9.2,1.3,18,339,7,0,0.0,0,0,0,,,1,0,low,no_return,13.4,0,0,0,0
TX100638,CUST002378,1671.62,Grocery,UPI,10.8,1.9,42,342,8,0,0.0,0,0,0,,,4,0,low,no_return,20.6,2,0,0,0
TX100639,CUST002846,1893.52,Fashion,Credit Card,0.0,19.8,47,240,9,3,0.333,1,1,0,,,2,0,low,no_return,15.9,0,0,0,0
TX100640,CUST002012,3799.32,Grocery,UPI,0.0,14.6,36,737,9,0,0.0,0,0,0,,,1,1,low,no_return,21.7,0,1,0,0
TX100641,CUST002749,4954.43,Grocery,Credit Card,12.1,2.3,51,68,9,0,0.0,0,0,0,1.7,1.4,2,1,medium,not_needed,44.7,1,0,0,0
TX100642,CUST002562,4720.18,Home,UPI,24.5,1.1,49,442,7,2,0.286,1,2,0,,,1,1,low,no_return,11.9,2,2,0,1
TX100643,CUST001443,9915.93,Beauty,COD,8.1,0.5,28,269,12,2,0.167,0,0,0,3.6,2.8,2,1,low,not_as_described,4.4,0,2,0,0
TX100644,CUST002311,1116.92,Grocery,COD,32.1,0.8,29,166,4,1,0.25,1,1,0,12.6,12.3,2,0,high,changed_mind,12.3,1,3,0,1
TX100645,CUST000985,2367.32,Beauty,UPI,12.5,9.6,37,55,8,3,0.375,1,1,0,,,3,0,low,no_return,19.8,3,3,0,1
TX100646,CUST001382,1134.88,Footwear,UPI,12.6,8.9,25,446,3,0,0.0,0,0,0,,,2,0,low,no_return,64.3,1,2,0,0
TX100647,CUST001606,3703.13,Electronics,UPI,11.5,1.1,59,463,2,0,0.0,0,0,0,,,0,1,low,no_return,20.4,0,1,0,0
TX100648,CUST002881,903.73,Mobile,UPI,26.8,7.5,39,161,13,1,0.077,0,0,0,0.4,0.0,0,0,medium,not_as_described,15.0,0,2,0,0
TX100649,CUST002545,3840.32,Electronics,Credit Card,3.5,4.8,32,252,6,0,0.0,0,0,0,,,2,1,low,no_return,50.3,1,4,0,0
TX100650,CUST001468,2094.01,Fashion,Credit Card,13.5,1.7,18,48,11,0,0.0,0,0,0,10.0,10.0,1,0,low,not_needed,12.1,1,3,0,0
TX100651,CUST001958,1735.03,Grocery,Wallet,8.4,4.2,34,372,9,2,0.222,0,0,0,,,0,0,low,no_return,6.6,1,0,0,0
TX100652,CUST000607,1868.58,Electronics,COD,8.3,8.9,20,211,7,0,0.0,0,0,0,8.7,3.7,1,0,low,changed_mind_repeated,12.5,0,2,0,0
TX100653,CUST002413,794.09,Fashion,UPI,15.4,35.2,39,314,9,1,0.111,0,0,0,,,2,0,medium,no_return,28.2,0,0,0,1
TX100654,CUST001659,842.35,Electronics,UPI,13.6,21.9,18,101,10,1,0.1,0,2,0,,,1,0,low,no_return,19.2,1,0,0,0
TX100655,CUST001598,2118.21,Books,UPI,27.6,15.4,45,1215,8,1,0.125,1,1,0,,,1,0,low,no_return,54.9,0,1,0,0
TX100656,CUST002299,2108.95,Sports,UPI,14.9,0.5,27,498,8,0,0.0,0,1,0,,,1,0,medium,no_return,30.7,0,0,0,0
TX100657,CUST001899,1170.66,Electronics,Debit Card,21.7,10.0,18,725,4,0,0.0,0,1,0,9.3,8.6,2,0,low,not_as_described_repeated,9.2,1,3,0,0
TX100658,CUST000218,1521.85,Beauty,UPI,17.1,5.5,31,71,4,0,0.0,0,0,0,0.4,0.0,0,0,low,changed_mind_repeated,20.5,1,2,0,0
TX100659,CUST000865,2495.71,Fashion,UPI,31.8,8.4,32,412,12,0,0.0,0,0,0,,,1,0,low,no_return,52.1,0,1,0,0
TX100660,CUST000530,1033.36,Mobile,UPI,11.4,12.9,31,276,7,0,0.0,0,1,0,,,1,0,low,no_return,31.4,1,0,0,0
TX100661,CUST002204,471.24,Electronics,Debit Card,11.4,5.4,45,367,6,0,0.0,0,0,0,13.2,10.4,0,0,low,changed_mind,17.8,0,4,0,0
TX100662,CUST000106,4457.39,Sports,UPI,23.9,3.5,35,39,8,0,0.0,0,0,0,9.8,9.1,2,1,low,size_issue,31.3,0,2,0,0
TX100663,CUST000608,2214.98,Beauty,Wallet,11.2,0.8,39,572,5,2,0.4,0,0,0,7.5,7.3,0,0,low,not_as_described_repeated,6.1,0,1,0,0
TX100664,CUST001792,1318.91,Sports,Credit Card,21.0,12.3,29,1028,3,1,0.333,0,1,0,9.8,8.6,2,0,low,changed_mind,13.6,1,0,0,1
TX100665,CUST002084,1132.49,Mobile,Credit Card,43.1,0.9,36,273,11,0,0.0,0,1,0,2.0,1.3,5,0,low,size_issue,35.2,1,3,0,0
TX100666,CUST001510,1026.33,Home,Credit Card,3.3,9.7,18,104,12,0,0.0,0,0,0,9.8,6.9,0,0,medium,changed_mind,47.2,3,1,0,0
TX100667,CUST002582,3694.03,Books,Credit Card,33.4,1.1,34,18,8,0,0.0,0,0,0,,,1,1,low,no_return,29.5,0,1,0,0
TX100668,CUST002756,701.53,Home,Credit Card,9.1,10.4,24,22,7,0,0.0,0,1,0,,,1,0,low,no_return,14.4,1,1,0,0
TX100669,CUST000397,2363.42,Grocery,Credit Card,31.1,9.3,45,1174,7,2,0.286,1,0,0,,,1,0,low,no_return,23.8,0,4,0,0
TX100670,CUST002857,2362.13,Home,Credit Card,23.2,43.2,32,242,7,2,0.286,0,0,0,,,1,0,low,no_return,44.6,0,0,0,0
TX100671,CUST001843,2959.21,Fashion,Credit Card,22.2,5.1,38,579,12,1,0.083,0,2,0,,,1,0,low,no_return,56.7,0,1,0,0
TX100672,CUST001909,1406.46,Electronics,UPI,13.2,6.5,34,742,4,0,0.0,0,0,1,3.5,2.4,1,0,low,defective,28.7,2,0,0,1
TX100673,CUST000286,4225.16,Electronics,Debit Card,12.0,24.4,50,1071,11,3,0.273,0,1,0,1.7,0.3,4,1,low,size_issue,18.8,1,2,0,0
TX100674,CUST001865,3014.44,Mobile,Debit Card,6.3,3.5,18,1088,11,0,0.0,0,0,0,0.5,0.0,3,0,low,size_issue,46.3,0,0,0,0
TX100675,CUST002177,1374.26,Toys,Debit Card,15.1,8.9,30,287,3,0,0.0,0,2,0,,,1,0,low,no_return,18.1,0,3,0,0
TX100676,CUST001742,1095.99,Fashion,Net Banking,12.8,6.6,22,876,6,0,0.0,0,0,0,,,1,0,low,no_return,37.5,1,0,0,0
TX100677,CUST000254,1674.71,Beauty,Credit Card,17.3,5.4,18,679,8,1,0.125,0,0,0,26.3,23.5,1,0,low,not_needed,41.1,1,2,0,0
TX100678,CUST001570,1343.15,Books,Net Banking,0.0,15.0,21,684,5,0,0.0,0,0,0,,,4,0,low,no_return,5.9,0,2,0,0
TX100679,CUST002807,974.51,Home,Credit Card,15.3,7.0,43,204,6,2,0.333,1,0,0,,,1,0,low,no_return,54.6,2,3,0,0
TX100680,CUST002170,1923.64,Home,Credit Card,30.2,8.9,31,193,7,0,0.0,0,0,0,3.9,1.7,1,0,low,not_as_described,27.8,0,4,0,0
TX100681,CUST000413,1528.61,Books,Debit Card,26.3,12.7,29,546,5,0,0.0,0,1,0,,,4,0,low,no_return,17.8,0,1,0,0
TX100682,CUST002879,4852.25,Fashion,UPI,15.3,7.4,39,152,13,3,0.231,0,2,0,,,2,1,low,no_return,14.1,1,0,0,0
TX100683,CUST002876,1341.66,Beauty,UPI,45.7,4.8,33,630,8,0,0.0,0,0,0,,,0,0,low,no_return,31.5,1,0,0,0
TX100684,CUST000509,1089.11,Fashion,Credit Card,8.1,5.4,38,274,11,2,0.182,0,0,0,,,0,0,low,no_return,44.5,1,1,0,0
TX100685,CUST002402,1842.63,Electronics,UPI,14.0,6.2,35,343,7,0,0.0,0,0,0,,,0,0,medium,no_return,20.1,0,3,0,0
TX100686,CUST001220,2169.87,Grocery,UPI,0.0,11.1,37,337,11,0,0.0,0,0,0,,,3,0,medium,no_return,39.0,0,0,0,0
TX100687,CUST001781,2278.31,Grocery,COD,10.2,12.0,27,263,15,0,0.0,0,0,0,10.8,10.1,0,0,low,size_issue,7.2,0,3,0,0
TX100688,CUST001336,2264.02,Mobile,Credit Card,36.5,11.8,42,1706,9,3,0.333,0,1,0,0.9,0.4,1,0,low,not_needed,19.1,1,3,0,1
TX100689,CUST002348,1884.0,Fashion,UPI,10.6,11.0,19,497,8,0,0.0,0,0,0,,,1,0,medium,no_return,9.5,1,3,0,0
TX100690,CUST002989,1794.98,Books,UPI,0.0,10.9,31,263,7,4,0.571,0,0,0,,,0,0,medium,no_return,25.0,0,2,0,0
TX100691,CUST002385,2702.19,Mobile,Net Banking,25.5,18.2,42,249,8,0,0.0,0,2,0,,,1,0,medium,no_return,25.6,0,3,0,0
TX100692,CUST002794,913.36,Grocery,Wallet,19.7,0.7,30,35,11,0,0.0,0,0,0,,,0,0,low,no_return,10.9,1,0,0,0
TX100693,CUST002838,1094.54,Mobile,Debit Card,25.0,16.4,27,97,4,0,0.0,0,0,0,,,1,0,low,no_return,15.6,3,1,0,1
TX100694,CUST000271,580.36,Mobile,UPI,11.4,13.2,54,418,6,0,0.0,0,0,0,7.1,6.7,2,0,low,not_needed,32.2,0,0,0,0
TX100695,CUST000760,923.92,Toys,Credit Card,2.9,18.9,46,37,6,0,0.0,0,1,0,12.1,12.1,2,0,medium,size_issue,6.4,0,1,0,0
TX100696,CUST002165,3470.54,Mobile,Credit Card,12.8,0.5,33,142,4,1,0.25,0,1,0,0.2,0.0,2,1,low,not_needed,21.0,1,2,0,0
TX100697,CUST001770,2630.34,Grocery,COD,21.7,0.7,22,540,8,0,0.0,0,0,0,,,3,0,medium,no_return,12.9,0,2,0,0
TX100698,CUST000151,5252.18,Beauty,Debit Card,14.1,2.0,18,681,12,0,0.0,0,0,0,,,1,1,low,no_return,19.3,1,3,0,1
TX100699,CUST000286,4497.66,Footwear,COD,19.7,17.3,39,244,6,2,0.333,0,0,0,,,0,1,low,no_return,17.4,0,2,0,0
TX100700,CUST001562,2644.6,Toys,Credit Card,8.6,33.3,44,13,15,3,0.2,0,0,0,,,2,0,low,no_return,24.2,0,3,0,0
TX100701,CUST001848,2023.38,Electronics,Net Banking,20.1,7.9,35,162,10,1,0.1,0,0,0,,,1,0,low,no_return,23.1,0,1,0,0
TX100702,CUST000503,1865.96,Fashion,Credit Card,15.0,10.1,18,302,8,1,0.125,0,0,0,,,3,0,low,no_return,27.5,0,1,0,0
TX100703,CUST000514,363.33,Fashion,Credit Card,6.5,5.0,33,671,9,3,0.333,2,0,0,4.6,3.0,3,0,low,not_as_described,23.4,0,3,0,1
TX100704,CUST000388,1732.23,Footwear,Credit Card,16.7,1.8,27,568,8,0,0.0,0,0,0,,,2,0,low,no_return,34.9,2,1,0,0
TX100705,CUST001695,1230.9,Fashion,Debit Card,10.4,10.3,33,20,12,0,0.0,0,0,0,,,1,0,medium,no_return,28.9,1,2,1,0
TX100706,CUST000024,953.23,Fashion,Net Banking,22.4,14.6,51,820,8,0,0.0,0,0,0,,,1,0,medium,no_return,25.6,1,2,0,0
TX100707,CUST001717,2381.99,Beauty,Credit Card,25.5,20.4,39,297,12,0,0.0,0,0,0,,,0,0,medium,no_return,8.4,1,1,0,0
TX100708,CUST001428,1596.29,Electronics,Net Banking,21.0,5.9,37,589,8,2,0.25,2,2,0,,,1,0,low,no_return,52.8,0,1,0,0
TX100709,CUST001398,1941.75,Mobile,Credit Card,0.0,3.2,31,4,8,2,0.25,0,0,0,6.7,2.9,0,0,low,changed_mind_repeated,19.6,1,1,0,0
TX100710,CUST002038,857.0,Beauty,Credit Card,3.4,7.9,36,450,7,0,0.0,0,0,0,,,0,0,low,no_return,34.4,0,3,0,0
TX100711,CUST001568,3096.07,Fashion,UPI,7.4,12.0,24,756,11,0,0.0,0,0,0,8.8,6.5,1,0,high,not_as_described,29.0,0,0,0,0
TX100712,CUST002183,1337.27,Fashion,UPI,5.4,31.7,37,637,9,0,0.0,0,1,0,,,0,0,low,no_return,13.3,1,0,0,0
TX100713,CUST002292,2301.74,Toys,COD,8.5,11.0,30,234,12,3,0.25,0,1,0,2.8,2.1,1,0,low,not_as_described,10.5,1,2,0,0
TX100714,CUST002760,1415.17,Grocery,UPI,26.1,10.4,23,298,5,0,0.0,0,0,1,,,1,0,low,no_return,19.9,0,3,0,0
TX100715,CUST002397,320.63,Beauty,Credit Card,23.4,5.3,40,263,6,1,0.167,0,1,0,7.5,5.2,0,0,low,not_as_described_repeated,29.6,0,1,0,0
TX100716,CUST001553,2443.75,Fashion,UPI,9.9,3.9,18,190,8,2,0.25,1,2,0,2.0,0.0,2,0,low,changed_mind_repeated,31.6,2,0,0,0
TX100717,CUST001476,1666.85,Footwear,COD,22.1,23.0,26,369,12,3,0.25,1,2,0,,,1,0,low,no_return,4.4,0,3,0,0
TX100718,CUST000707,551.73,Toys,Net Banking,18.9,6.2,38,16,7,1,0.143,0,1,0,,,1,0,low,no_return,5.9,0,2,0,0
TX100719,CUST001799,784.32,Books,COD,14.6,28.5,44,53,7,0,0.0,0,1,0,,,1,0,low,no_return,9.8,0,1,0,0
TX100720,CUST000418,3153.15,Home,Credit Card,28.8,2.8,36,51,9,0,0.0,0,0,0,,,2,0,low,no_return,26.7,0,1,0,0
TX100721,CUST002793,571.44,Mobile,Credit Card,7.1,5.4,25,210,5,0,0.0,0,0,0,2.9,2.1,0,0,low,changed_mind_repeated,18.3,0,1,0,0
TX100722,CUST002535,1313.46,Books,UPI,15.6,20.1,31,42,4,0,0.0,0,0,0,,,1,0,low,no_return,28.8,0,1,1,0
TX100723,CUST000360,5535.43,Home,Net Banking,2.4,1.2,34,1242,10,0,0.0,0,1,0,,,2,1,low,no_return,46.7,0,0,0,0
TX100724,CUST002358,2484.1,Mobile,UPI,3.0,2.7,47,203,7,1,0.143,0,0,0,,,1,0,low,no_return,13.2,0,6,0,0
TX100725,CUST000352,2883.83,Footwear,Wallet,0.0,3.9,41,92,10,1,0.1,1,0,0,16.5,12.8,1,0,high,not_needed,10.1,1,2,0,0
TX100726,CUST002163,1505.12,Books,COD,3.2,2.7,41,140,8,0,0.0,0,0,0,1.1,0.8,1,0,low,changed_mind_repeated,21.3,0,1,0,0
TX100727,CUST000264,517.55,Books,COD,16.0,8.9,32,354,8,4,0.5,0,0,0,,,2,0,low,no_return,27.7,1,0,0,0
TX100728,CUST001465,2064.4,Home,COD,11.4,5.7,21,153,8,1,0.125,0,0,0,,,2,0,medium,no_return,26.1,1,1,0,0
TX100729,CUST001973,824.24,Beauty,Credit Card,11.8,2.0,18,165,8,0,0.0,0,0,0,,,4,0,low,no_return,31.5,0,1,0,0
TX100730,CUST002186,768.02,Fashion,UPI,11.4,1.8,28,532,9,1,0.111,0,0,0,27.5,26.4,3,0,low,not_needed,47.2,2,4,0,0
TX100731,CUST001256,1912.45,Sports,Credit Card,36.3,10.3,38,165,5,0,0.0,0,0,0,,,3,0,low,no_return,28.4,0,5,0,1
TX100732,CUST002764,866.13,Home,UPI,1.4,42.8,26,224,6,1,0.167,0,0,0,0.1,0.0,4,0,low,defective,30.4,1,3,0,0
TX100733,CUST002323,1771.08,Home,COD,0.1,9.7,37,40,5,0,0.0,0,1,0,5.5,4.2,1,0,low,changed_mind_repeated,55.9,2,2,0,1
TX100734,CUST000625,1120.11,Mobile,Credit Card,4.9,7.9,24,622,4,0,0.0,0,1,0,,,3,0,low,no_return,20.3,0,1,0,0
TX100735,CUST002014,1730.79,Fashion,Net Banking,14.1,0.5,25,114,13,0,0.0,0,0,0,0.8,0.0,1,0,low,defective,18.7,0,1,0,0
TX100736,CUST002191,1255.9,Toys,Net Banking,21.2,12.5,46,1226,9,0,0.0,0,0,0,,,1,0,medium,no_return,16.8,1,0,0,0
TX100737,CUST001001,1762.7,Fashion,UPI,22.4,4.7,39,39,8,1,0.125,0,1,0,6.5,6.0,1,0,low,defective,32.2,0,3,0,0
TX100738,CUST002214,4269.47,Electronics,UPI,26.3,39.0,28,409,12,0,0.0,0,1,0,11.6,10.8,0,1,medium,not_as_described_repeated,56.0,0,1,0,0
TX100739,CUST002695,2925.11,Electronics,Credit Card,13.7,3.5,23,774,1,0,0.0,0,0,0,15.8,9.1,1,0,medium,not_as_described,4.7,1,2,0,0
TX100740,CUST002451,1635.34,Home,UPI,10.2,40.9,41,695,11,1,0.091,0,1,0,,,0,0,low,no_return,32.9,2,2,0,0
TX100741,CUST002287,3854.2,Home,Debit Card,34.6,4.4,40,343,10,0,0.0,0,0,0,,,3,1,medium,no_return,5.3,0,2,0,0
TX100742,CUST001903,2322.97,Fashion,COD,0.0,25.9,38,147,8,2,0.25,0,0,0,3.2,2.5,1,0,low,changed_mind_repeated,12.2,2,1,0,1
TX100743,CUST000812,3690.74,Grocery,COD,15.8,9.7,30,289,14,1,0.071,0,0,0,,,2,1,low,no_return,23.5,0,2,0,0
TX100744,CUST002385,618.08,Beauty,Credit Card,20.2,24.3,21,127,7,1,0.143,0,1,0,,,1,0,low,no_return,34.2,1,1,0,0
TX100745,CUST001093,873.24,Electronics,COD,37.5,12.2,31,667,5,0,0.0,0,1,0,30.0,30.0,2,0,medium,changed_mind_repeated,18.2,0,2,0,0
TX100746,CUST001597,2048.7,Home,Debit Card,0.0,12.2,46,1064,4,0,0.0,0,0,0,,,0,0,low,no_return,15.8,1,1,0,0
TX100747,CUST000944,1608.44,Electronics,Wallet,10.0,5.2,22,507,10,0,0.0,0,0,0,,,1,0,medium,no_return,24.7,1,3,0,0
TX100748,CUST000939,1765.48,Electronics,COD,0.0,60.0,32,596,9,0,0.0,0,0,0,,,0,0,medium,no_return,11.0,0,1,0,0
TX100749,CUST000473,2567.77,Fashion,COD,0.0,6.9,48,416,8,1,0.125,0,0,0,3.4,3.0,1,0,low,defective,35.9,0,2,0,0
TX100750,CUST002883,2062.08,Grocery,UPI,12.5,5.6,28,84,5,0,0.0,0,0,0,,,4,0,low,no_return,13.0,2,1,0,0
TX100751,CUST000444,3103.11,Grocery,COD,25.0,0.5,30,1120,6,0,0.0,0,0,0,1.9,1.6,0,0,low,not_as_described_repeated,29.1,2,3,0,0
TX100752,CUST000259,3050.06,Footwear,Credit Card,29.5,2.2,18,38,10,0,0.0,0,1,0,1.2,0.0,0,0,low,changed_mind,16.2,0,1,0,0
TX100753,CUST002808,902.66,Books,Credit Card,8.6,4.4,38,440,11,1,0.091,0,1,0,18.9,18.6,3,0,low,changed_mind_repeated,25.8,0,1,0,0
TX100754,CUST001665,328.28,Beauty,Credit Card,23.0,4.5,24,1219,8,2,0.25,1,0,0,,,2,0,low,no_return,9.3,2,1,0,1
TX100755,CUST001314,861.82,Fashion,Credit Card,12.6,30.3,18,215,6,0,0.0,0,0,0,,,1,0,low,no_return,54.7,1,3,0,0
TX100756,CUST002212,822.69,Electronics,UPI,21.7,19.9,22,503,6,0,0.0,0,1,0,6.8,6.4,1,0,medium,defective,2.7,0,2,0,0
TX100757,CUST001150,1853.88,Grocery,UPI,28.9,5.8,34,79,10,1,0.1,0,0,0,10.7,10.2,0,0,low,defective,41.3,2,0,0,0
TX100758,CUST000384,1838.29,Fashion,COD,12.7,3.4,18,348,7,0,0.0,0,0,0,,,0,0,low,no_return,2.8,1,0,0,0
TX100759,CUST002189,1544.34,Fashion,Debit Card,27.9,6.5,18,596,8,2,0.25,1,2,0,0.4,0.0,1,0,low,not_as_described,38.3,0,1,0,0
TX100760,CUST000528,2380.52,Mobile,Net Banking,0.4,14.5,37,508,10,3,0.3,0,1,0,1.9,1.6,1,0,low,not_as_described,27.4,0,3,0,0
TX100761,CUST001659,7062.58,Fashion,COD,22.9,2.3,31,320,9,4,0.444,2,2,0,2.8,0.0,1,1,low,not_needed,18.0,0,0,0,0
TX100762,CUST002847,1521.76,Electronics,Credit Card,27.4,12.0,22,172,8,0,0.0,0,0,0,,,0,0,low,no_return,53.7,1,2,0,0
TX100763,CUST002808,2104.55,Mobile,COD,26.2,1.3,28,36,7,1,0.143,1,1,0,0.7,0.0,1,0,low,changed_mind,5.7,0,0,0,0
TX100764,CUST001082,1765.22,Fashion,Debit Card,0.8,8.8,49,483,8,1,0.125,0,0,0,,,2,0,low,no_return,32.1,0,1,0,0
TX100765,CUST002341,1179.81,Home,UPI,12.5,5.7,44,333,4,0,0.0,0,1,0,,,1,0,low,no_return,38.0,1,1,0,1
TX100766,CUST001838,2582.96,Electronics,Wallet,18.6,7.2,30,8,5,0,0.0,0,0,0,3.8,2.9,1,0,medium,changed_mind_repeated,21.4,0,2,0,0
TX100767,CUST001438,1471.74,Home,Net Banking,20.3,16.5,40,222,12,1,0.083,1,2,1,,,4,0,low,no_return,45.8,0,0,0,0
TX100768,CUST000420,1012.32,Mobile,UPI,16.4,20.3,33,7,9,0,0.0,0,2,0,,,1,0,low,no_return,39.7,1,3,0,1
TX100769,CUST001129,1066.05,Grocery,COD,32.2,1.5,18,199,6,1,0.167,0,1,0,5.6,0.0,3,0,low,not_as_described,33.3,0,1,0,0
TX100770,CUST001956,3173.43,Beauty,UPI,0.0,5.7,18,801,11,1,0.091,1,0,0,,,3,0,low,no_return,5.6,0,3,0,0
TX100771,CUST002959,2542.42,Fashion,Net Banking,12.1,5.5,22,343,6,1,0.167,1,0,0,0.4,0.0,0,0,high,not_needed,6.5,0,2,0,0
TX100772,CUST000015,1271.45,Home,Debit Card,0.0,19.4,18,268,12,1,0.083,0,0,0,0.3,0.0,1,0,high,changed_mind,37.4,0,2,0,0
TX100773,CUST002153,2355.61,Grocery,UPI,22.5,7.0,34,415,10,1,0.1,0,0,0,5.0,4.6,4,0,low,not_as_described_repeated,10.0,0,5,0,1
TX100774,CUST002539,1778.98,Fashion,COD,21.7,9.8,26,2014,14,0,0.0,0,0,0,,,0,0,low,no_return,9.5,1,2,0,0
TX100775,CUST002853,2128.14,Electronics,Credit Card,55.2,3.6,36,206,3,0,0.0,0,0,0,30.0,27.1,1,0,high,size_issue,28.6,0,3,0,0
TX100776,CUST001271,1158.63,Grocery,UPI,27.3,1.7,36,440,9,1,0.111,1,1,0,,,2,0,low,no_return,9.8,0,1,0,1
TX100777,CUST000356,841.11,Footwear,COD,19.0,9.0,38,642,4,1,0.25,0,0,0,,,0,0,low,no_return,19.6,0,1,0,0
TX100778,CUST000813,1466.19,Footwear,COD,18.1,3.0,22,629,5,0,0.0,0,0,0,7.8,7.6,1,0,low,not_needed,24.1,0,3,0,0
TX100779,CUST002551,945.94,Footwear,Credit Card,11.2,10.2,37,264,5,0,0.0,0,1,0,0.7,0.4,2,0,low,defective,57.5,0,1,1,0
TX100780,CUST002633,897.39,Beauty,COD,16.6,3.7,22,78,17,3,0.176,0,2,0,8.5,8.2,2,0,low,not_needed,46.7,0,2,0,0
TX100781,CUST001911,644.08,Toys,UPI,18.3,0.9,39,438,5,0,0.0,0,0,0,,,1,0,low,no_return,13.1,2,0,0,0
TX100782,CUST000369,329.91,Footwear,Credit Card,0.0,33.7,44,1718,9,0,0.0,0,0,0,,,2,0,low,no_return,20.9,2,1,0,0
TX100783,CUST000366,1286.93,Electronics,Debit Card,17.4,8.6,39,80,9,1,0.111,0,0,0,,,3,0,low,no_return,22.6,0,3,0,0
TX100784,CUST001435,3549.68,Home,UPI,16.2,6.7,30,125,9,0,0.0,0,0,0,,,1,1,medium,no_return,24.4,1,1,0,0
TX100785,CUST001765,3012.83,Fashion,Credit Card,36.0,44.1,37,521,7,3,0.429,2,3,0,10.8,10.1,2,0,low,changed_mind_repeated,13.7,2,2,0,1
TX100786,CUST000098,4669.08,Mobile,Net Banking,13.4,5.5,18,4,7,0,0.0,0,0,0,,,0,1,low,no_return,19.3,0,4,0,0
TX100787,CUST002058,870.33,Footwear,COD,5.8,41.4,18,326,9,0,0.0,0,0,0,,,1,0,low,no_return,1.0,0,4,0,0
TX100788,CUST001633,2689.99,Toys,Debit Card,18.2,3.7,36,10,5,0,0.0,0,1,0,7.2,6.3,1,0,low,not_as_described_repeated,7.2,1,2,0,0
TX100789,CUST000037,1630.26,Fashion,Debit Card,15.9,7.5,45,121,14,0,0.0,0,0,0,,,0,0,low,no_return,31.2,0,3,0,0
TX100790,CUST000287,1067.31,Mobile,Net Banking,13.4,38.8,19,174,10,1,0.1,0,0,0,,,0,0,low,no_return,35.9,0,2,0,0
TX100791,CUST001363,3298.46,Electronics,Net Banking,0.0,8.8,32,191,9,0,0.0,0,0,0,,,2,0,medium,no_return,26.7,0,3,0,0
TX100792,CUST002168,1641.28,Fashion,UPI,13.1,1.7,36,529,10,1,0.1,1,0,0,14.4,13.1,1,0,low,changed_mind,27.2,1,3,1,0
TX100793,CUST002476,470.67,Grocery,Credit Card,8.0,19.2,25,7,5,0,0.0,0,0,0,12.6,12.4,1,0,low,not_as_described_repeated,36.0,1,4,0,0
TX100794,CUST001294,2992.53,Toys,UPI,12.4,13.1,28,382,11,2,0.182,0,0,0,,,2,0,low,no_return,27.4,0,1,0,0
TX100795,CUST000886,2252.66,Footwear,UPI,23.8,3.2,38,19,6,0,0.0,0,1,0,4.2,2.5,0,0,medium,not_as_described_repeated,14.9,0,1,0,0
TX100796,CUST002904,1923.83,Fashion,UPI,6.9,4.4,33,1236,8,1,0.125,0,0,0,,,3,0,low,no_return,19.5,0,2,0,0
TX100797,CUST001376,752.11,Home,Debit Card,12.3,12.9,33,291,10,4,0.4,0,2,0,,,1,0,low,no_return,18.9,1,0,0,1
TX100798,CUST000946,2072.89,Home,COD,21.5,32.2,22,88,15,1,0.067,1,0,0,,,1,0,medium,no_return,32.8,1,1,0,0
TX100799,CUST001327,4276.5,Electronics,Net Banking,11.8,16.6,31,607,12,2,0.167,1,1,0,,,3,1,medium,no_return,6.8,1,3,0,0
TX100800,CUST000037,2212.61,Footwear,Credit Card,46.3,2.3,28,49,11,1,0.091,0,0,0,,,1,0,medium,no_return,20.8,0,0,0,0
TX100801,CUST000906,578.75,Fashion,Credit Card,18.0,14.5,28,18,13,1,0.077,0,0,0,12.5,11.5,1,0,low,not_as_described_repeated,23.6,0,0,0,0
TX100802,CUST001547,2321.92,Fashion,UPI,0.1,5.3,26,662,7,0,0.0,0,0,0,1.5,0.0,1,0,low,defective,26.5,0,1,0,0
TX100803,CUST002755,2227.56,Home,UPI,4.9,5.2,31,526,12,3,0.25,0,1,0,,,1,0,low,no_return,8.8,0,1,0,0
TX100804,CUST002214,2830.23,Books,UPI,3.7,1.3,23,186,7,0,0.0,0,0,0,,,2,0,low,no_return,8.1,0,2,0,0
TX100805,CUST002344,2187.61,Footwear,Wallet,5.1,1.7,32,935,13,0,0.0,0,0,0,0.8,0.2,1,0,low,not_as_described,24.4,1,1,0,0
TX100806,CUST001635,899.56,Fashion,UPI,21.4,23.7,28,2,15,4,0.267,0,0,0,,,1,0,low,no_return,38.5,1,2,0,0
TX100807,CUST000332,1856.2,Fashion,COD,1.7,31.7,22,1471,7,0,0.0,0,0,0,8.2,6.3,3,0,low,not_as_described,31.6,0,4,0,0
TX100808,CUST001173,1483.43,Mobile,Credit Card,11.0,35.0,18,774,7,0,0.0,0,1,0,,,1,0,high,no_return,32.5,0,2,0,0
TX100809,CUST002991,2003.7,Sports,Debit Card,28.7,1.8,41,275,9,0,0.0,0,0,0,3.6,1.7,2,0,high,not_as_described,15.1,0,0,0,0
TX100810,CUST000133,3374.44,Home,Net Banking,8.8,6.9,39,419,8,0,0.0,0,1,0,,,2,0,low,no_return,31.9,0,0,0,0
TX100811,CUST002637,1117.68,Fashion,Net Banking,23.1,9.2,23,692,7,0,0.0,0,0,0,,,1,0,low,no_return,16.0,0,1,0,0
TX100812,CUST002053,5109.49,Mobile,UPI,0.0,6.7,38,153,5,1,0.2,0,1,0,,,2,1,medium,no_return,21.4,0,1,0,0
TX100813,CUST000852,2312.27,Books,Net Banking,10.6,0.5,21,749,9,0,0.0,0,0,0,,,0,0,medium,no_return,14.2,0,5,0,0
TX100814,CUST002334,3003.29,Fashion,UPI,4.4,23.6,28,2202,10,1,0.1,1,1,0,,,1,0,medium,no_return,48.9,3,1,0,0
TX100815,CUST002510,2753.07,Electronics,COD,18.6,0.5,26,512,4,0,0.0,0,2,0,,,2,0,low,no_return,27.7,0,1,0,0
TX100816,CUST000130,2252.83,Fashion,UPI,2.6,5.0,29,97,10,0,0.0,0,0,0,6.9,5.5,1,0,low,changed_mind,28.2,0,3,0,0
TX100817,CUST000320,2524.74,Fashion,Debit Card,39.8,3.3,38,359,13,5,0.385,0,3,0,,,1,0,low,no_return,8.0,0,3,0,0
TX100818,CUST001997,176.33,Electronics,COD,0.0,19.2,27,432,7,3,0.429,0,1,0,,,1,0,low,no_return,43.3,1,3,0,1
TX100819,CUST002997,2749.78,Fashion,COD,28.6,26.6,28,193,2,0,0.0,0,1,0,,,1,0,low,no_return,26.7,0,0,0,0
TX100820,CUST000072,949.83,Electronics,COD,25.5,0.6,39,380,5,0,0.0,0,0,0,5.4,3.0,3,0,low,not_as_described_repeated,45.8,1,2,0,0
TX100821,CUST001997,1706.99,Home,UPI,18.7,0.5,32,104,6,1,0.167,1,1,0,0.5,0.0,2,0,low,defective,18.1,0,2,0,0
TX100822,CUST000410,2242.7,Beauty,Net Banking,15.7,0.8,26,399,11,1,0.091,0,0,0,2.6,2.3,1,0,low,not_needed,28.5,0,0,0,0
TX100823,CUST001950,3469.43,Home,Credit Card,37.3,10.7,34,330,6,0,0.0,0,1,0,,,0,1,low,no_return,27.7,0,1,0,1
TX100824,CUST001870,950.03,Toys,UPI,44.7,31.1,41,223,6,0,0.0,0,1,0,,,0,0,high,no_return,36.9,0,2,0,0
TX100825,CUST000272,1308.96,Fashion,UPI,12.5,5.2,42,1095,5,0,0.0,0,0,0,4.3,2.3,1,0,low,not_needed,43.4,1,1,0,0
TX100826,CUST002042,1432.15,Footwear,UPI,16.9,12.5,18,298,10,0,0.0,0,1,0,,,1,0,low,no_return,25.3,1,1,0,0
TX100827,CUST002691,2019.6,Footwear,UPI,8.4,14.1,19,106,7,0,0.0,0,0,0,,,1,0,low,no_return,9.3,0,2,0,0
TX100828,CUST002590,1492.51,Mobile,Debit Card,1.0,2.0,41,1098,8,2,0.25,2,2,0,,,2,0,low,no_return,10.9,0,1,0,0
TX100829,CUST000087,2531.99,Fashion,UPI,20.6,3.3,29,163,8,0,0.0,0,0,0,,,3,0,low,no_return,2.8,0,2,0,0
TX100830,CUST000738,483.97,Fashion,Debit Card,18.0,23.2,18,241,6,0,0.0,0,0,0,,,1,0,low,no_return,32.9,0,1,0,0
TX100831,CUST000723,1618.33,Grocery,UPI,0.0,2.0,24,570,9,0,0.0,0,1,0,,,1,0,low,no_return,37.8,1,0,0,0
TX100832,CUST001360,4537.96,Electronics,COD,20.5,11.9,27,765,11,0,0.0,0,0,0,,,0,1,low,no_return,31.5,1,1,0,0
TX100833,CUST000429,1495.17,Electronics,UPI,18.4,7.6,28,383,9,0,0.0,0,0,0,0.5,0.0,0,0,low,not_needed,40.7,0,2,0,0
TX100834,CUST002563,2317.87,Electronics,Credit Card,7.8,3.1,39,304,11,0,0.0,0,0,0,1.5,0.7,2,0,low,not_as_described,21.4,1,2,0,0
TX100835,CUST002330,3140.57,Sports,Debit Card,7.0,4.7,22,1871,6,0,0.0,0,0,0,,,1,0,low,no_return,6.9,2,4,0,0
TX100836,CUST002425,2269.77,Toys,Net Banking,20.1,9.0,41,367,12,0,0.0,0,1,0,6.2,6.1,1,0,high,defective,35.8,1,2,0,0
TX100837,CUST000595,5391.56,Fashion,Wallet,34.3,0.8,34,357,5,1,0.2,0,0,0,1.4,0.0,0,1,low,not_as_described_repeated,24.3,1,3,0,0
TX100838,CUST000044,1884.86,Mobile,Credit Card,19.8,48.5,19,274,10,4,0.4,1,0,0,,,2,0,low,no_return,25.1,0,3,0,1
TX100839,CUST002732,2612.83,Toys,Net Banking,24.4,15.4,28,9,16,3,0.188,1,0,0,,,3,0,low,no_return,38.9,0,2,0,1
TX100840,CUST000867,2074.14,Electronics,Debit Card,5.0,10.4,36,280,6,0,0.0,0,0,0,2.1,1.8,1,0,low,not_needed,19.5,2,1,0,0
TX100841,CUST001969,3982.85,Home,Net Banking,10.0,5.3,32,445,12,0,0.0,0,0,0,20.2,19.1,0,1,low,defective,28.6,0,4,0,0
TX100842,CUST002728,1352.71,Electronics,UPI,22.3,16.3,35,375,8,0,0.0,0,0,0,6.5,4.7,0,0,low,size_issue,22.5,2,1,0,0
TX100843,CUST000109,5659.95,Footwear,UPI,0.0,3.1,26,191,3,0,0.0,0,0,0,1.3,1.1,2,1,high,not_as_described_repeated,13.0,1,1,0,1
TX100844,CUST000017,1136.91,Books,UPI,17.5,5.7,37,69,7,0,0.0,0,0,0,,,1,0,medium,no_return,5.6,0,3,0,0
TX100845,CUST000017,4806.8,Grocery,COD,20.9,4.3,28,14,7,0,0.0,0,0,0,,,1,1,high,no_return,12.9,1,2,0,0
TX100846,CUST000469,874.05,Grocery,UPI,14.5,36.2,57,520,8,0,0.0,0,0,0,1.2,0.0,2,0,low,changed_mind_repeated,17.0,1,0,0,0
TX100847,CUST000155,2666.34,Fashion,UPI,18.8,27.8,18,229,6,2,0.333,2,1,1,,,1,0,low,no_return,26.8,0,1,0,0
TX100848,CUST002460,1778.98,Mobile,Debit Card,15.7,6.9,58,238,13,5,0.385,2,2,0,,,2,0,medium,no_return,26.9,1,3,0,0
TX100849,CUST001818,3099.98,Footwear,Wallet,7.5,21.9,22,1224,6,2,0.333,0,1,0,,,1,0,medium,no_return,40.9,1,3,0,0
TX100850,CUST002940,2354.5,Books,Debit Card,0.9,16.7,44,160,10,1,0.1,1,0,0,,,1,0,low,no_return,76.0,0,1,0,0
TX100851,CUST002404,2995.57,Beauty,COD,13.9,15.8,40,231,8,0,0.0,0,0,0,,,3,0,low,no_return,45.9,1,3,0,0
TX100852,CUST002889,852.79,Electronics,UPI,30.7,51.8,22,306,10,0,0.0,0,0,0,,,0,0,medium,no_return,42.0,1,2,0,0
TX100853,CUST000716,546.81,Electronics,Net Banking,27.3,8.7,37,15,4,1,0.25,0,0,0,,,2,0,high,no_return,25.2,0,0,0,0
TX100854,CUST000864,758.05,Electronics,UPI,10.9,4.3,27,107,9,0,0.0,0,0,0,,,6,0,low,no_return,25.6,1,0,0,0
TX100855,CUST002548,744.65,Sports,UPI,10.6,11.0,34,427,4,0,0.0,0,0,0,0.2,0.0,1,0,low,changed_mind,24.6,0,5,0,0
TX100856,CUST000735,845.54,Toys,Credit Card,9.7,7.1,33,1919,7,0,0.0,0,0,0,,,2,0,low,no_return,47.9,1,1,0,0
TX100857,CUST000172,1190.07,Mobile,UPI,9.7,8.8,28,35,8,1,0.125,0,0,0,,,1,0,low,no_return,20.9,1,1,0,0
TX100858,CUST002007,1182.86,Fashion,Debit Card,18.5,1.2,27,1331,7,1,0.143,0,0,0,,,0,0,low,no_return,26.4,1,0,0,0
TX100859,CUST002403,1806.77,Fashion,Debit Card,27.7,6.9,35,732,9,2,0.222,0,0,0,8.9,5.7,0,0,low,defective,27.9,0,1,0,0
TX100860,CUST002904,997.92,Electronics,UPI,42.2,1.6,22,1018,5,1,0.2,1,1,0,,,0,0,low,no_return,35.1,0,6,0,0
TX100861,CUST002783,1053.9,Mobile,UPI,5.0,7.8,23,240,2,1,0.5,0,0,0,,,2,0,low,no_return,56.1,0,1,0,0
TX100862,CUST000361,1555.92,Toys,UPI,22.8,13.8,41,1130,6,1,0.167,0,1,0,17.3,11.7,1,0,low,not_as_described_repeated,22.9,0,1,0,0
TX100863,CUST002316,3368.63,Beauty,UPI,21.5,5.6,36,231,11,0,0.0,0,0,0,,,1,0,low,no_return,21.5,3,4,0,0
TX100864,CUST002538,1337.08,Sports,Net Banking,11.0,7.4,18,7,7,0,0.0,0,0,0,,,4,0,low,no_return,14.3,0,1,0,0
TX100865,CUST002094,1729.02,Sports,Debit Card,2.7,1.6,21,251,6,1,0.167,0,1,0,1.2,0.0,2,0,low,defective,43.6,1,0,0,0
TX100866,CUST002459,1918.18,Fashion,UPI,18.3,3.1,18,456,6,1,0.167,0,0,0,0.0,0.0,1,0,low,not_as_described,6.1,1,1,0,0
TX100867,CUST002514,915.36,Fashion,UPI,40.4,7.0,41,5,5,0,0.0,0,1,0,,,0,0,low,no_return,33.6,2,1,0,0
TX100868,CUST001340,1426.5,Fashion,COD,18.2,26.2,38,101,9,0,0.0,0,1,0,,,1,0,low,no_return,31.8,0,1,0,0
TX100869,CUST000121,1112.41,Fashion,COD,5.6,0.9,21,779,7,0,0.0,0,0,0,,,0,0,high,no_return,39.2,0,2,0,0
TX100870,CUST001369,3171.35,Sports,Net Banking,13.1,1.3,38,1043,7,0,0.0,0,2,1,,,0,0,high,no_return,45.6,1,1,0,1
TX100871,CUST000606,3009.85,Fashion,UPI,1.3,23.2,51,754,15,3,0.2,0,1,0,16.4,16.2,2,0,low,size_issue,27.8,0,1,0,0
TX100872,CUST000342,1036.19,Books,Debit Card,15.2,24.5,18,370,9,0,0.0,0,0,0,,,0,0,low,no_return,27.1,0,2,0,0
TX100873,CUST000375,1707.28,Sports,UPI,23.2,2.3,25,233,7,0,0.0,0,1,0,,,2,0,low,no_return,31.4,1,2,0,0
TX100874,CUST002092,2614.13,Beauty,COD,6.7,11.3,18,734,4,0,0.0,0,0,0,2.7,0.0,1,0,medium,not_as_described,35.2,2,1,0,0
TX100875,CUST001514,2192.01,Mobile,Credit Card,0.0,51.9,41,358,5,0,0.0,0,0,0,10.9,10.5,2,0,low,defective,9.3,1,2,0,0
TX100876,CUST001619,2344.94,Fashion,Debit Card,18.3,6.2,31,257,4,0,0.0,0,0,0,10.3,10.3,0,0,low,not_as_described,61.1,2,2,1,0
TX100877,CUST002235,919.28,Grocery,UPI,9.0,0.5,28,578,8,2,0.25,0,0,0,9.0,6.8,1,0,low,size_issue,25.9,1,2,0,0
TX100878,CUST001645,4698.98,Electronics,COD,6.0,16.8,34,593,7,1,0.143,1,1,0,,,0,1,low,no_return,29.0,1,2,0,1
TX100879,CUST001890,1174.27,Books,UPI,5.9,57.1,26,190,9,0,0.0,0,0,0,,,0,0,low,no_return,70.9,0,1,0,0
TX100880,CUST000258,1151.55,Beauty,COD,19.8,8.5,27,218,15,1,0.067,1,0,0,,,1,0,low,no_return,5.0,3,1,0,0
TX100881,CUST002553,694.59,Fashion,UPI,10.1,23.2,34,76,8,2,0.25,0,1,0,,,3,0,low,no_return,21.5,1,1,0,0
TX100882,CUST001346,1601.44,Electronics,COD,26.2,1.8,25,354,4,0,0.0,0,0,0,,,1,0,low,no_return,46.9,1,0,0,0
TX100883,CUST000466,3592.25,Grocery,UPI,26.4,26.1,27,425,10,0,0.0,0,0,0,,,1,1,low,no_return,19.6,1,0,0,0
TX100884,CUST002440,2177.82,Grocery,Debit Card,11.8,9.3,30,73,9,1,0.111,0,1,0,,,3,0,medium,no_return,10.9,0,2,0,0
TX100885,CUST002204,1685.53,Grocery,COD,8.7,10.6,32,135,10,0,0.0,0,0,0,,,1,0,low,no_return,32.7,0,1,0,0
TX100886,CUST000160,2873.5,Home,Credit Card,16.5,14.2,38,185,7,1,0.143,0,0,0,,,0,0,low,no_return,66.1,1,1,1,0
TX100887,CUST000579,3536.94,Grocery,UPI,13.3,32.9,37,35,6,2,0.333,0,1,0,16.6,16.3,0,1,low,not_as_described,9.8,2,1,0,0
TX100888,CUST000048,3005.65,Sports,Credit Card,0.0,2.4,18,232,8,0,0.0,0,0,0,,,0,0,low,no_return,14.6,0,0,0,0
TX100889,CUST000813,441.53,Fashion,UPI,38.0,3.6,46,406,11,2,0.182,0,1,0,7.4,7.0,3,0,low,not_as_described_repeated,23.7,1,1,0,0
TX100890,CUST000300,2889.02,Beauty,Debit Card,23.6,28.2,32,514,4,0,0.0,0,3,0,,,1,0,low,no_return,15.2,0,1,0,0
TX100891,CUST002130,2404.44,Beauty,UPI,9.4,9.3,28,1350,5,0,0.0,0,0,0,,,2,0,low,no_return,9.3,0,1,0,0
TX100892,CUST001568,1020.44,Toys,UPI,0.0,6.5,22,333,4,2,0.5,0,1,0,1.2,0.6,0,0,low,not_needed,23.7,1,0,0,0
TX100893,CUST002940,2410.82,Home,UPI,12.8,7.9,51,1701,6,1,0.167,0,0,0,,,6,0,medium,no_return,8.3,0,1,0,0
TX100894,CUST002248,3596.75,Home,UPI,7.9,17.5,55,578,4,0,0.0,0,0,0,1.4,0.8,4,1,low,changed_mind,18.6,2,1,0,0
TX100895,CUST001835,1209.78,Mobile,UPI,14.3,28.7,50,179,8,0,0.0,0,1,1,,,3,0,high,no_return,16.6,0,1,0,1
TX100896,CUST001528,3140.36,Footwear,COD,0.0,23.8,33,271,8,1,0.125,0,1,0,1.2,1.1,1,0,medium,not_as_described,7.5,1,2,0,1
TX100897,CUST000164,2208.73,Fashion,UPI,9.3,32.2,35,235,9,1,0.111,0,1,0,,,2,0,low,no_return,7.2,1,1,0,0
TX100898,CUST000211,210.45,Footwear,Net Banking,10.1,1.8,46,821,12,0,0.0,0,0,0,,,0,0,medium,no_return,4.7,1,2,0,0
TX100899,CUST001849,1768.25,Electronics,COD,12.7,3.6,29,1467,8,3,0.375,0,0,0,,,2,0,medium,no_return,13.8,0,2,0,1
TX100900,CUST000014,2152.53,Footwear,Credit Card,12.2,2.7,37,81,7,0,0.0,0,0,0,,,1,0,medium,no_return,33.9,1,2,0,0
TX100901,CUST000128,1464.83,Fashion,Net Banking,15.6,0.5,34,208,7,0,0.0,0,0,0,,,1,0,low,no_return,10.3,0,2,0,0
TX100902,CUST000658,2261.94,Home,Debit Card,33.3,34.1,51,301,6,0,0.0,0,0,0,,,2,0,low,no_return,21.8,0,2,0,0
TX100903,CUST002652,1645.31,Mobile,Debit Card,8.8,3.1,46,141,8,0,0.0,0,1,0,0.8,0.0,0,0,low,not_as_described_repeated,18.9,1,0,0,0
TX100904,CUST001377,6369.28,Electronics,Credit Card,4.1,1.5,30,1115,9,3,0.333,3,1,0,3.1,0.0,1,1,low,not_as_described_repeated,42.1,0,2,0,1
TX100905,CUST002129,1396.3,Toys,Debit Card,0.0,31.2,47,57,12,0,0.0,0,0,0,16.3,10.0,2,0,high,changed_mind_repeated,32.0,0,1,0,1
TX100906,CUST001235,1040.91,Beauty,UPI,8.9,3.7,31,13,9,0,0.0,0,0,0,,,0,0,low,no_return,26.0,2,2,0,0
TX100907,CUST000520,3041.55,Electronics,Debit Card,0.0,0.5,26,174,9,0,0.0,0,0,0,1.7,1.4,0,0,low,size_issue,48.1,1,2,1,0
TX100908,CUST001114,1518.67,Mobile,UPI,26.5,12.5,29,1728,7,0,0.0,0,0,0,,,0,0,low,no_return,53.2,1,1,0,0
TX100909,CUST000276,1704.42,Sports,Credit Card,13.8,3.5,33,168,5,0,0.0,0,0,0,1.4,0.0,0,0,low,changed_mind,24.4,3,1,0,0
TX100910,CUST002310,1609.27,Footwear,Debit Card,26.3,32.3,24,50,2,0,0.0,0,0,0,,,0,0,medium,no_return,18.4,0,0,0,1
TX100911,CUST000551,2936.8,Footwear,UPI,32.6,20.0,26,121,11,0,0.0,0,0,0,,,0,0,low,no_return,11.5,0,2,0,0
TX100912,CUST001129,840.94,Electronics,UPI,4.6,1.0,18,724,6,1,0.167,0,0,0,,,0,0,low,no_return,18.0,1,1,0,0
TX100913,CUST002940,3136.41,Fashion,COD,10.8,11.2,23,209,4,0,0.0,0,0,0,4.2,3.9,2,0,low,not_as_described_repeated,29.0,0,4,0,0
TX100914,CUST001776,2531.03,Fashion,UPI,31.0,5.4,34,48,11,2,0.182,1,1,0,,,5,0,low,no_return,45.1,0,1,0,0
TX100915,CUST001376,5119.39,Beauty,UPI,17.3,19.2,42,52,6,0,0.0,0,0,0,,,1,1,low,no_return,7.9,0,1,0,0
TX100916,CUST001629,2045.44,Electronics,Credit Card,21.3,20.8,41,208,13,0,0.0,0,0,0,7.6,5.9,0,0,low,not_needed,46.1,1,0,0,0
TX100917,CUST002352,885.16,Home,Net Banking,27.4,22.2,36,529,5,3,0.6,1,1,0,5.8,3.3,1,0,high,not_as_described,14.3,1,2,0,0
TX100918,CUST000764,2060.09,Toys,Debit Card,25.8,2.0,18,268,8,0,0.0,0,0,0,,,2,0,low,no_return,17.7,0,0,0,0
TX100919,CUST001909,2228.14,Fashion,Debit Card,19.9,25.8,23,526,10,1,0.1,0,0,0,,,2,0,medium,no_return,26.3,3,1,0,0
TX100920,CUST002618,3791.39,Grocery,COD,31.8,3.9,30,622,10,0,0.0,0,1,0,,,4,1,low,no_return,9.1,0,1,0,0
TX100921,CUST001717,883.59,Beauty,Debit Card,14.2,2.1,41,586,6,0,0.0,0,1,0,1.1,0.4,3,0,low,not_as_described_repeated,35.1,0,4,0,0
TX100922,CUST001340,579.14,Electronics,COD,21.2,2.9,26,107,8,0,0.0,0,0,0,,,1,0,low,no_return,23.0,0,2,0,0
TX100923,CUST000436,2088.13,Fashion,Debit Card,12.9,1.9,19,263,7,0,0.0,0,0,0,,,1,0,low,no_return,33.9,0,1,0,0
TX100924,CUST000745,5256.61,Electronics,Net Banking,27.2,33.3,46,118,10,2,0.2,0,0,0,,,2,1,low,no_return,13.3,1,0,0,0
TX100925,CUST002838,2769.23,Grocery,Debit Card,6.6,13.3,24,290,10,1,0.1,0,0,0,,,1,0,low,no_return,13.1,1,0,0,1
TX100926,CUST001624,2871.48,Electronics,UPI,0.0,31.0,20,403,5,0,0.0,0,1,0,,,3,0,medium,no_return,9.4,2,1,0,0
TX100927,CUST000904,681.45,Toys,UPI,22.9,50.2,34,57,10,1,0.1,0,0,0,,,2,0,low,no_return,54.2,0,1,0,0
TX100928,CUST001255,1869.11,Toys,UPI,2.8,20.5,31,163,8,1,0.125,0,0,0,,,0,0,low,no_return,14.3,3,1,0,0
TX100929,CUST001734,3836.09,Electronics,Credit Card,1.6,34.4,26,161,9,1,0.111,0,1,0,,,0,1,low,no_return,19.3,0,0,0,0
TX100930,CUST001613,2245.25,Footwear,Wallet,30.2,2.9,32,547,6,0,0.0,0,1,0,,,0,0,low,no_return,11.3,0,1,0,0
TX100931,CUST002099,550.78,Mobile,COD,26.6,1.6,22,833,6,0,0.0,0,0,0,,,1,0,low,no_return,25.7,0,0,0,0
TX100932,CUST000773,1844.69,Electronics,COD,10.9,5.0,26,19,9,3,0.333,0,0,0,,,3,0,high,no_return,38.2,0,2,0,1
TX100933,CUST001948,2647.7,Mobile,Debit Card,0.0,17.9,31,3,5,0,0.0,0,1,0,,,1,0,high,no_return,47.1,1,1,0,0
TX100934,CUST001328,1714.45,Fashion,Net Banking,21.4,12.6,18,2782,12,1,0.083,0,0,0,,,3,0,high,no_return,13.2,0,4,0,0
TX100935,CUST002821,963.07,Grocery,COD,23.0,12.4,41,1922,12,1,0.083,0,1,0,,,0,0,low,no_return,25.1,1,4,0,0
TX100936,CUST000474,3100.07,Fashion,UPI,21.2,18.4,18,64,12,2,0.167,1,2,0,,,1,0,high,no_return,32.5,2,2,0,0
TX100937,CUST000446,1358.65,Toys,Credit Card,20.7,3.6,22,1393,9,0,0.0,0,0,0,4.2,3.3,1,0,high,changed_mind,16.5,3,0,0,0
TX100938,CUST001385,2384.32,Footwear,Credit Card,12.8,4.6,42,341,6,0,0.0,0,0,0,,,1,0,low,no_return,21.9,1,0,0,0
TX100939,CUST001525,1812.44,Mobile,UPI,10.1,10.7,37,7,5,0,0.0,0,0,0,30.0,29.7,5,0,medium,size_issue,23.3,3,1,0,0
TX100940,CUST002072,1323.6,Mobile,UPI,1.7,13.9,32,498,8,2,0.25,2,1,0,,,0,0,medium,no_return,52.0,0,1,0,1
TX100941,CUST001212,5622.0,Electronics,UPI,6.6,4.1,18,898,8,0,0.0,0,0,0,,,1,1,low,no_return,10.8,2,3,0,0
TX100942,CUST002741,1223.48,Grocery,UPI,18.9,1.9,25,1058,9,0,0.0,0,0,0,12.6,11.5,0,0,medium,changed_mind_repeated,10.7,0,1,0,0
TX100943,CUST001423,1913.97,Fashion,UPI,19.1,7.4,29,25,9,2,0.222,0,1,0,0.1,0.0,2,0,medium,changed_mind,38.6,0,0,0,0
TX100944,CUST000388,1808.65,Electronics,Net Banking,24.5,14.7,30,182,12,0,0.0,0,0,0,,,0,0,low,no_return,29.5,0,1,0,0
TX100945,CUST000358,2054.26,Electronics,Credit Card,0.0,11.3,43,304,8,0,0.0,0,0,0,,,4,0,low,no_return,7.2,0,1,0,0
TX100946,CUST002920,5366.44,Mobile,COD,0.0,9.2,51,161,10,0,0.0,0,0,0,,,2,1,low,no_return,14.5,0,2,0,0
TX100947,CUST000403,2649.87,Grocery,UPI,10.4,7.4,38,226,6,0,0.0,0,0,0,9.4,6.9,1,0,low,defective,16.3,0,4,0,0
TX100948,CUST002843,1314.85,Electronics,Wallet,2.8,13.6,26,377,4,0,0.0,0,0,0,,,0,0,low,no_return,13.9,1,1,0,0
TX100949,CUST000834,4362.7,Mobile,COD,17.2,26.6,44,33,8,2,0.25,0,1,0,1.2,0.0,1,1,low,changed_mind,23.4,0,4,0,0
TX100950,CUST000281,2945.2,Toys,Net Banking,0.0,2.1,26,21,7,1,0.143,0,0,0,,,0,0,low,no_return,32.6,0,0,0,0
TX100951,CUST000914,1332.64,Fashion,Debit Card,29.2,33.5,18,71,4,0,0.0,0,0,0,,,1,0,low,no_return,13.0,0,2,0,0
TX100952,CUST001844,3954.76,Beauty,Debit Card,5.1,20.7,19,22,8,2,0.25,1,0,0,10.9,10.5,2,1,low,not_needed,7.2,0,1,0,0
TX100953,CUST001284,675.94,Books,Credit Card,34.1,7.1,18,86,6,0,0.0,0,0,0,1.8,0.0,2,0,low,changed_mind,42.1,0,1,0,0
TX100954,CUST002356,816.19,Grocery,Credit Card,21.3,22.2,28,209,14,0,0.0,0,0,0,,,2,0,low,no_return,33.9,1,1,0,0
TX100955,CUST001833,524.07,Beauty,COD,2.3,22.1,30,85,9,2,0.222,0,0,0,,,1,0,low,no_return,29.8,0,0,0,0
TX100956,CUST001202,370.84,Beauty,UPI,40.1,6.7,18,21,7,0,0.0,0,0,0,,,1,0,low,no_return,24.8,0,1,0,0
TX100957,CUST001904,3780.58,Electronics,UPI,18.2,1.5,23,204,10,0,0.0,0,0,0,,,4,1,low,no_return,41.3,0,4,0,0
TX100958,CUST002914,2071.22,Beauty,Net Banking,17.0,12.3,18,58,11,0,0.0,0,0,0,11.4,7.4,1,0,low,size_issue,29.7,1,3,0,0
TX100959,CUST001236,560.62,Home,UPI,14.2,3.4,30,139,5,1,0.2,0,0,0,2.7,1.3,1,0,low,size_issue,39.6,0,3,0,0
TX100960,CUST000461,1777.43,Fashion,COD,20.6,5.8,23,402,7,0,0.0,0,0,0,6.9,4.4,1,0,low,not_as_described_repeated,15.6,1,2,0,0
TX100961,CUST001226,3201.79,Fashion,UPI,21.3,7.7,42,634,12,0,0.0,0,0,0,6.3,6.1,1,0,low,changed_mind_repeated,28.4,0,2,0,0
TX100962,CUST002520,1076.48,Grocery,Credit Card,4.6,10.2,33,103,7,0,0.0,0,0,0,,,0,0,low,no_return,29.7,0,2,0,0
TX100963,CUST000653,1465.04,Home,UPI,12.4,2.2,48,760,9,0,0.0,0,0,0,2.5,1.9,0,0,low,not_needed,17.9,1,0,0,0
TX100964,CUST002847,5786.14,Home,Credit Card,16.4,25.6,27,428,7,0,0.0,0,0,0,,,0,1,low,no_return,30.3,0,0,0,0
TX100965,CUST001765,1557.64,Electronics,COD,22.0,5.0,53,677,11,0,0.0,0,0,0,1.8,1.7,2,0,low,defective,12.5,0,1,0,0
TX100966,CUST001805,595.29,Mobile,Net Banking,22.2,17.7,32,644,9,3,0.333,0,0,0,,,0,0,low,no_return,32.6,0,1,0,0
TX100967,CUST000951,1259.83,Fashion,UPI,17.0,27.7,26,489,10,1,0.1,0,0,0,,,1,0,low,no_return,9.4,0,1,0,0
TX100968,CUST002761,532.5,Home,Credit Card,8.4,3.6,56,1402,10,3,0.3,2,0,0,,,0,0,low,no_return,11.7,2,2,0,1
TX100969,CUST000109,2789.69,Fashion,COD,7.8,17.7,18,300,8,3,0.375,2,1,0,,,1,0,low,no_return,14.5,2,0,0,1
TX100970,CUST000896,970.94,Grocery,UPI,0.7,17.7,26,714,8,1,0.125,0,0,0,7.4,3.3,0,0,medium,size_issue,17.6,0,4,0,0
TX100971,CUST001255,948.96,Home,UPI,22.1,5.2,18,337,7,0,0.0,0,0,0,5.7,2.4,2,0,low,not_as_described,20.0,1,0,1,0
TX100972,CUST001432,6112.85,Home,Credit Card,7.6,14.7,18,739,7,0,0.0,0,0,0,2.7,1.6,1,1,low,not_needed,41.2,0,1,0,0
TX100973,CUST001422,751.98,Footwear,COD,12.7,0.5,18,257,9,1,0.111,0,1,0,,,0,0,low,no_return,40.3,1,4,0,1
TX100974,CUST000444,655.72,Books,Credit Card,17.9,3.4,38,319,13,0,0.0,0,0,0,,,3,0,medium,no_return,38.2,0,2,0,0
TX100975,CUST000677,847.45,Beauty,UPI,15.0,1.2,18,228,8,0,0.0,0,0,0,,,1,0,high,no_return,16.7,2,0,0,0
TX100976,CUST000286,3265.57,Beauty,Wallet,14.9,3.5,29,1234,4,1,0.25,1,1,0,,,1,0,low,no_return,11.1,0,0,0,0
TX100977,CUST001717,2558.64,Mobile,Net Banking,4.1,13.4,40,372,6,2,0.333,0,0,0,,,3,0,low,no_return,54.3,0,0,0,0
TX100978,CUST001053,1248.42,Mobile,Debit Card,18.2,4.2,36,357,7,1,0.143,1,0,0,,,1,0,medium,no_return,5.6,0,0,0,0
TX100979,CUST001697,1169.78,Grocery,Debit Card,11.2,2.4,36,72,9,0,0.0,0,0,0,,,2,0,low,no_return,11.9,2,3,0,0
TX100980,CUST001769,2433.25,Books,Net Banking,14.0,18.2,44,93,15,2,0.133,2,0,0,,,1,0,medium,no_return,15.2,0,2,0,1
TX100981,CUST002106,2123.58,Footwear,Debit Card,28.9,5.9,48,39,9,4,0.444,1,2,0,,,0,0,low,no_return,20.3,1,1,0,0
TX100982,CUST001641,1627.41,Mobile,COD,21.1,20.0,19,448,6,0,0.0,0,0,0,,,2,0,high,no_return,25.6,1,0,0,0
TX100983,CUST001944,2615.96,Electronics,Credit Card,8.2,41.7,36,875,10,0,0.0,0,0,0,2.7,0.4,3,0,low,not_as_described,27.6,0,1,0,0
TX100984,CUST001761,806.52,Mobile,UPI,13.2,24.7,29,466,8,2,0.25,0,2,0,0.5,0.0,0,0,low,not_as_described,36.7,1,1,0,0
TX100985,CUST001957,982.85,Grocery,COD,34.2,6.0,30,125,9,0,0.0,0,0,0,13.0,9.3,2,0,low,not_needed,38.9,1,5,0,0
TX100986,CUST001850,2704.79,Sports,Debit Card,11.3,4.2,18,306,4,1,0.25,1,1,0,,,1,0,medium,no_return,35.6,0,0,0,1
TX100987,CUST000949,2238.15,Home,UPI,15.5,0.6,26,74,7,2,0.286,0,0,0,,,0,0,low,no_return,17.2,1,2,0,0
TX100988,CUST000739,1861.89,Fashion,Debit Card,23.0,7.6,27,204,8,0,0.0,0,0,0,5.5,5.2,1,0,low,size_issue,48.6,0,1,0,0
TX100989,CUST002362,5978.74,Toys,COD,17.6,6.9,46,337,10,0,0.0,0,0,0,,,1,1,low,no_return,8.5,0,1,0,0
TX100990,CUST001028,2992.04,Grocery,UPI,10.5,17.8,20,463,12,2,0.167,2,1,0,,,1,0,low,no_return,6.3,0,3,0,0
TX100991,CUST001647,1274.86,Fashion,COD,6.1,5.6,18,425,3,0,0.0,0,1,0,,,1,0,low,no_return,4.8,0,0,0,0
TX100992,CUST000591,1045.54,Sports,UPI,14.9,0.5,31,675,5,2,0.4,0,1,0,,,0,0,low,no_return,30.2,2,2,0,0
TX100993,CUST001294,2308.19,Electronics,Debit Card,22.9,6.2,19,343,6,0,0.0,0,0,0,,,0,0,low,no_return,13.5,0,0,0,0
TX100994,CUST001589,3773.18,Beauty,Wallet,30.9,17.5,30,1854,7,3,0.429,2,1,1,,,0,1,low,no_return,20.4,0,1,0,0
TX100995,CUST001878,474.66,Sports,Net Banking,0.0,2.1,38,634,5,0,0.0,0,0,0,,,2,0,medium,no_return,37.7,1,1,0,0
TX100996,CUST001579,2200.05,Grocery,Net Banking,36.2,13.2,31,524,11,0,0.0,0,0,0,5.9,1.9,2,0,low,not_as_described,29.4,1,1,0,0
TX100997,CUST001082,1448.26,Electronics,Debit Card,11.5,25.4,27,706,5,3,0.6,1,1,0,,,1,0,low,no_return,51.2,0,1,0,1
TX100998,CUST002885,2070.78,Electronics,Credit Card,26.1,23.0,30,1257,9,2,0.222,0,0,0,,,2,0,low,no_return,36.2,2,4,0,0
TX100999,CUST001538,621.53,Fashion,Debit Card,6.1,11.5,40,269,6,0,0.0,0,0,0,8.6,8.1,1,0,low,not_needed,20.0,1,0,0,0
TX101000,CUST002425,3771.47,Sports,Credit Card,0.0,4.4,20,55,9,1,0.111,0,0,0,2.1,1.3,3,1,low,not_as_described_repeated,3.9,0,3,0,0
TX101001,CUST002210,4421.95,Mobile,Debit Card,0.0,11.4,39,348,7,0,0.0,0,0,0,,,1,1,low,no_return,4.1,1,0,0,0
TX101002,CUST001675,2818.61,Toys,Debit Card,11.0,11.5,21,1301,8,0,0.0,0,0,0,,,3,0,low,no_return,22.0,1,1,0,0
TX101003,CUST002659,4985.01,Books,Debit Card,21.3,13.5,38,1266,4,0,0.0,0,0,0,0.3,0.1,2,1,high,changed_mind_repeated,3.6,0,1,0,0
TX101004,CUST000385,1398.82,Fashion,Credit Card,15.4,0.9,18,604,9,1,0.111,0,1,0,,,4,0,low,no_return,19.2,0,2,0,0
TX101005,CUST002763,2165.94,Electronics,Credit Card,12.0,3.0,37,240,6,0,0.0,0,0,0,,,1,0,low,no_return,29.7,0,2,0,0
TX101006,CUST002550,2845.56,Footwear,Credit Card,28.4,22.9,30,509,9,0,0.0,0,0,0,6.6,6.5,2,0,low,size_issue,14.2,1,2,0,0
TX101007,CUST001511,2328.16,Beauty,UPI,15.0,2.7,32,108,2,0,0.0,0,0,0,,,2,0,low,no_return,11.2,0,1,0,0
TX101008,CUST002200,1525.39,Electronics,Credit Card,18.4,3.6,41,263,9,4,0.444,1,1,0,,,0,0,low,no_return,3.5,1,2,0,0
TX101009,CUST001561,1639.44,Beauty,UPI,52.3,2.0,23,471,9,1,0.111,1,0,0,,,2,0,low,no_return,22.9,1,3,0,0
TX101010,CUST000807,4173.46,Grocery,Net Banking,14.9,9.0,31,653,9,0,0.0,0,1,0,10.3,9.3,1,1,medium,not_as_described,47.2,0,1,0,0
TX101011,CUST002399,1799.09,Fashion,UPI,6.6,12.4,35,455,7,1,0.143,0,1,0,2.8,1.7,0,0,low,not_as_described,0.7,0,1,0,0
TX101012,CUST000738,3637.7,Electronics,COD,20.8,2.2,29,283,12,0,0.0,0,0,0,,,2,1,low,no_return,16.1,1,0,0,0
TX101013,CUST000944,1736.57,Grocery,UPI,23.8,51.3,39,29,7,0,0.0,0,0,0,,,3,0,high,no_return,23.0,0,3,0,0
TX101014,CUST001558,3623.97,Electronics,Net Banking,18.6,21.0,35,362,13,2,0.154,1,2,0,10.9,9.6,2,1,low,changed_mind,23.5,0,0,0,0
TX101015,CUST002512,1930.41,Home,COD,16.9,2.4,26,17,7,0,0.0,0,0,0,,,0,0,high,no_return,4.1,0,1,0,0
TX101016,CUST001152,2695.44,Toys,Net Banking,32.8,0.6,44,1,11,2,0.182,1,0,0,,,2,0,low,no_return,17.6,1,0,0,0
TX101017,CUST001482,1139.21,Mobile,Net Banking,31.3,0.6,37,155,8,0,0.0,0,0,0,14.7,14.3,0,0,high,defective,23.9,0,2,0,0
TX101018,CUST000125,2162.85,Home,COD,13.6,5.6,23,163,8,1,0.125,1,1,0,,,0,0,low,no_return,21.8,0,2,0,0
TX101019,CUST000348,1151.13,Electronics,UPI,7.3,27.0,23,1290,7,0,0.0,0,0,0,,,1,0,low,no_return,44.1,0,2,0,0
TX101020,CUST000168,1375.13,Beauty,Debit Card,20.2,36.1,29,800,7,0,0.0,0,0,0,0.9,0.0,0,0,low,changed_mind_repeated,37.3,0,2,0,0
TX101021,CUST000217,1453.35,Fashion,Credit Card,7.2,2.1,36,241,8,0,0.0,0,0,0,5.9,4.8,1,0,low,defective,15.9,2,0,0,0
TX101022,CUST002605,1620.38,Footwear,Net Banking,25.6,8.2,18,753,4,0,0.0,0,3,0,0.5,0.0,1,0,low,not_needed,26.1,0,1,0,0
TX101023,CUST002526,3363.27,Books,Net Banking,20.1,55.3,23,154,12,1,0.083,0,1,0,,,3,0,low,no_return,11.1,0,2,0,0
TX101024,CUST002465,1338.74,Home,Credit Card,47.0,3.5,26,188,16,1,0.062,1,0,0,,,1,0,high,no_return,18.2,0,3,0,0
TX101025,CUST000167,2018.87,Books,Debit Card,32.7,7.7,18,121,11,0,0.0,0,0,0,,,1,0,low,no_return,4.8,0,2,0,0
TX101026,CUST000233,3631.29,Home,Credit Card,2.1,3.6,21,7,9,0,0.0,0,1,0,,,2,1,low,no_return,20.8,1,0,0,0
TX101027,CUST000842,2659.43,Beauty,Debit Card,8.8,2.4,33,417,8,3,0.375,1,0,0,,,0,0,low,no_return,17.1,1,3,0,0
TX101028,CUST001696,481.92,Footwear,Debit Card,0.0,6.8,27,75,9,3,0.333,1,0,0,1.9,0.7,0,0,low,size_issue,16.9,1,3,0,0
TX101029,CUST001003,609.19,Fashion,Credit Card,0.0,30.1,27,59,7,0,0.0,0,0,0,,,0,0,low,no_return,46.3,0,4,0,0
TX101030,CUST001463,2356.58,Fashion,Net Banking,16.4,8.7,18,483,10,0,0.0,0,0,0,,,0,0,low,no_return,15.9,1,1,0,0
TX101031,CUST000519,1292.28,Footwear,UPI,0.7,14.4,29,27,6,2,0.333,0,0,0,12.3,12.1,3,0,low,not_as_described_repeated,15.9,1,1,0,0
TX101032,CUST002192,549.05,Beauty,COD,34.7,15.4,18,706,3,0,0.0,0,2,0,,,0,0,low,no_return,30.6,2,2,0,0
TX101033,CUST000942,1227.65,Fashion,Debit Card,28.9,5.3,46,472,7,0,0.0,0,0,0,7.6,5.6,0,0,medium,not_as_described,4.9,1,2,0,0
TX101034,CUST000200,2414.27,Electronics,UPI,11.7,3.3,49,1353,13,0,0.0,0,0,0,17.2,16.0,2,0,low,changed_mind,39.6,2,2,0,0
TX101035,CUST002228,1442.28,Home,Credit Card,11.1,48.7,27,183,11,1,0.091,0,0,0,,,0,0,low,no_return,32.7,1,1,0,0
TX101036,CUST002708,1891.91,Beauty,UPI,32.8,38.6,20,336,6,1,0.167,1,1,1,,,2,0,low,no_return,16.7,0,2,0,0
TX101037,CUST000045,1532.36,Home,Debit Card,35.6,18.3,40,34,11,0,0.0,0,0,0,,,0,0,medium,no_return,18.4,1,1,0,0
TX101038,CUST001310,1110.71,Fashion,Net Banking,3.8,0.5,37,211,10,0,0.0,0,0,0,,,1,0,medium,no_return,10.1,1,2,0,0
TX101039,CUST002481,2135.36,Home,UPI,2.3,11.0,50,199,9,1,0.111,0,0,0,1.6,1.6,0,0,high,size_issue,5.8,0,1,0,0
TX101040,CUST002118,507.59,Grocery,UPI,11.4,44.5,53,377,13,0,0.0,0,0,0,11.3,10.8,0,0,low,defective,17.1,2,0,0,0
TX101041,CUST002569,1013.68,Footwear,Credit Card,20.2,0.6,18,1103,11,0,0.0,0,1,0,0.7,0.4,1,0,medium,not_as_described_repeated,50.9,0,0,0,0
TX101042,CUST001246,2984.84,Grocery,UPI,8.8,10.5,43,94,9,0,0.0,0,0,0,,,3,0,low,no_return,24.9,0,1,0,0
TX101043,CUST001117,623.44,Grocery,UPI,20.4,15.4,29,40,4,0,0.0,0,0,0,,,0,0,medium,no_return,12.6,0,2,0,0
TX101044,CUST002127,1829.23,Toys,Debit Card,38.4,4.3,37,41,10,0,0.0,0,0,0,5.1,2.1,0,0,low,not_as_described,38.5,0,2,0,0
TX101045,CUST000461,1365.42,Fashion,Credit Card,0.0,9.7,39,469,3,1,0.333,1,0,0,,,0,0,low,no_return,4.2,0,0,0,0
TX101046,CUST000719,1277.26,Fashion,COD,9.7,16.5,39,1229,7,0,0.0,0,0,0,,,0,0,low,no_return,53.6,2,3,0,0
TX101047,CUST001802,3167.22,Electronics,Credit Card,0.0,14.2,42,790,12,0,0.0,0,0,0,5.1,3.1,2,0,low,not_needed,39.5,0,1,0,0
TX101048,CUST002005,3565.3,Home,Debit Card,5.0,19.4,26,364,5,2,0.4,0,1,0,1.5,0.0,0,1,low,changed_mind_repeated,35.2,0,1,0,0
TX101049,CUST000359,845.92,Mobile,Credit Card,11.5,11.9,22,59,12,1,0.083,0,0,0,,,1,0,low,no_return,27.7,1,2,0,0
TX101050,CUST001525,1629.38,Fashion,UPI,6.3,19.0,43,57,4,0,0.0,0,0,0,,,1,0,low,no_return,23.2,1,0,0,0
TX101051,CUST001095,414.23,Footwear,Credit Card,21.2,3.9,23,647,11,0,0.0,0,0,0,,,2,0,medium,no_return,36.5,0,3,0,0
TX101052,CUST001505,3054.53,Electronics,COD,16.8,14.5,50,82,3,0,0.0,0,0,0,3.8,3.5,0,0,low,not_as_described,13.5,0,2,0,0
TX101053,CUST002875,1766.0,Home,Wallet,18.6,23.5,24,47,6,2,0.333,0,1,0,0.4,0.0,1,0,low,not_needed,14.3,0,2,0,0
TX101054,CUST000230,592.58,Home,UPI,11.3,0.5,28,145,6,1,0.167,1,1,0,12.8,12.5,2,0,low,changed_mind,7.2,1,3,0,0
TX101055,CUST002986,1048.97,Fashion,Debit Card,12.4,9.0,30,1372,10,2,0.2,2,0,0,,,1,0,low,no_return,23.1,1,1,0,0
TX101056,CUST001349,792.17,Home,Debit Card,10.8,21.4,18,196,6,0,0.0,0,0,0,,,2,0,low,no_return,26.9,1,2,0,0
TX101057,CUST002316,1006.59,Grocery,UPI,12.0,9.6,18,415,12,0,0.0,0,0,0,,,0,0,high,no_return,39.3,1,2,0,1
TX101058,CUST001273,443.2,Beauty,COD,20.0,0.5,41,947,10,1,0.1,0,0,0,5.3,4.1,2,0,low,changed_mind_repeated,27.6,3,1,0,0
TX101059,CUST000933,4145.63,Footwear,UPI,0.0,0.5,18,514,8,2,0.25,0,0,0,,,3,1,low,no_return,22.3,1,3,0,0
TX101060,CUST002312,869.43,Footwear,Net Banking,18.5,8.7,57,126,7,0,0.0,0,0,0,,,3,0,high,no_return,55.6,0,2,0,0
TX101061,CUST002063,1826.31,Beauty,Debit Card,4.6,18.1,31,190,13,1,0.077,0,0,0,,,1,0,medium,no_return,24.4,1,1,0,0
TX101062,CUST000433,2399.98,Mobile,UPI,10.9,15.8,21,193,12,2,0.167,1,0,0,1.1,0.5,1,0,low,size_issue,19.9,2,1,0,0
TX101063,CUST002116,3568.49,Electronics,COD,0.0,3.7,36,650,15,0,0.0,0,0,0,,,3,1,low,no_return,49.0,0,3,0,0
TX101064,CUST002259,1868.63,Fashion,UPI,10.7,20.5,18,1543,4,0,0.0,0,0,0,,,0,0,low,no_return,18.4,1,2,0,0
TX101065,CUST001164,1516.43,Home,COD,18.3,41.1,28,321,6,2,0.333,0,0,0,,,1,0,low,no_return,12.6,1,1,0,0
TX101066,CUST002777,1921.2,Sports,COD,20.5,7.0,29,1075,7,0,0.0,0,0,0,,,5,0,low,no_return,22.4,3,1,0,0
TX101067,CUST001923,842.46,Sports,Debit Card,0.8,15.7,19,15,7,1,0.143,0,0,0,,,1,0,low,no_return,51.3,1,1,0,0
TX101068,CUST001001,892.69,Sports,UPI,19.9,1.4,25,45,11,3,0.273,1,1,0,5.0,4.9,0,0,medium,changed_mind_repeated,31.2,0,1,0,0
TX101069,CUST000033,1492.44,Footwear,Credit Card,28.7,20.1,47,464,8,0,0.0,0,0,0,3.6,2.6,0,0,high,not_as_described,48.3,0,1,0,0
TX101070,CUST002025,339.29,Fashion,Debit Card,9.1,3.4,33,13,6,1,0.167,0,0,0,,,3,0,low,no_return,26.6,1,0,0,0
TX101071,CUST000627,1127.47,Toys,Debit Card,15.0,14.4,35,193,7,1,0.143,1,0,0,0.4,0.0,1,0,low,not_as_described_repeated,13.7,3,2,0,0
TX101072,CUST002269,1307.96,Sports,Debit Card,0.0,0.5,24,31,10,2,0.2,0,0,0,,,2,0,low,no_return,6.6,0,3,0,0
TX101073,CUST001575,5453.04,Beauty,Credit Card,4.2,17.0,18,1011,8,0,0.0,0,2,0,1.4,0.0,1,1,low,size_issue,31.5,0,1,0,0
TX101074,CUST001400,3860.14,Fashion,COD,18.2,0.5,29,2832,6,1,0.167,0,0,0,,,3,1,low,no_return,55.1,1,1,0,0
TX101075,CUST000492,2394.33,Fashion,COD,26.5,27.7,18,347,8,0,0.0,0,0,1,1.0,1.0,1,0,low,not_as_described_repeated,16.3,0,1,0,0
TX101076,CUST002134,3103.07,Home,Debit Card,7.8,0.5,21,111,9,1,0.111,0,0,0,1.4,0.0,0,0,high,size_issue,17.1,2,1,0,0
TX101077,CUST000498,887.24,Books,UPI,47.0,6.8,19,106,6,0,0.0,0,0,0,1.0,0.0,0,0,low,size_issue,17.0,2,2,0,0
TX101078,CUST001253,1955.61,Beauty,Credit Card,18.8,26.8,18,49,8,1,0.125,0,0,0,,,1,0,low,no_return,56.4,1,0,0,0
TX101079,CUST002509,2863.47,Electronics,Credit Card,0.0,9.8,38,134,8,0,0.0,0,0,0,,,2,0,medium,no_return,26.5,0,1,0,0
TX101080,CUST002761,893.08,Books,COD,30.4,0.5,30,238,8,0,0.0,0,0,0,4.3,3.8,3,0,low,changed_mind,37.7,0,1,0,1
TX101081,CUST002967,610.5,Grocery,COD,0.0,2.8,25,87,9,1,0.111,1,1,0,,,0,0,low,no_return,26.2,2,2,0,0
TX101082,CUST002874,2233.17,Mobile,Net Banking,18.9,14.0,38,28,3,0,0.0,0,0,0,,,2,0,low,no_return,31.8,2,2,0,0
TX101083,CUST001668,662.15,Beauty,UPI,3.8,0.8,18,1157,10,2,0.2,1,3,0,,,3,0,low,no_return,35.2,0,1,0,0
TX101084,CUST000602,2537.21,Grocery,COD,0.0,4.9,18,846,5,1,0.2,0,0,0,,,2,0,low,no_return,18.7,0,1,0,0
TX101085,CUST002517,3530.24,Beauty,Net Banking,26.5,3.9,43,667,4,1,0.25,0,0,0,,,1,1,low,no_return,11.9,1,4,0,0
TX101086,CUST002405,913.81,Grocery,UPI,11.9,11.8,54,300,6,1,0.167,1,0,0,1.4,0.0,2,0,low,defective,29.4,1,1,0,0
TX101087,CUST002970,965.32,Home,UPI,35.7,1.6,38,289,7,0,0.0,0,0,0,,,1,0,low,no_return,7.1,0,0,0,0
TX101088,CUST001953,3465.3,Electronics,UPI,2.8,0.6,36,200,8,0,0.0,0,0,0,,,1,1,low,no_return,8.5,1,1,0,0
TX101089,CUST000425,1875.36,Mobile,Debit Card,0.0,5.9,26,225,7,0,0.0,0,0,0,,,1,0,low,no_return,46.5,0,0,0,0
TX101090,CUST001509,3179.25,Books,Credit Card,9.2,22.5,26,240,5,0,0.0,0,0,0,,,0,0,low,no_return,19.0,0,3,0,0
TX101091,CUST001345,1530.06,Sports,UPI,49.7,4.7,34,193,13,1,0.077,0,0,0,,,1,0,low,no_return,36.0,1,2,0,0
TX101092,CUST002528,1609.28,Beauty,Debit Card,25.0,5.4,45,569,10,1,0.1,1,0,0,,,3,0,low,no_return,22.6,1,1,0,0
TX101093,CUST001178,1843.04,Books,COD,21.6,5.4,36,171,6,0,0.0,0,0,0,,,6,0,low,no_return,34.7,1,0,0,0
TX101094,CUST000986,4776.77,Electronics,Net Banking,22.0,2.2,41,1443,10,2,0.2,1,0,0,,,1,1,low,no_return,12.3,0,3,0,0
TX101095,CUST000241,3024.02,Fashion,COD,9.2,23.0,22,139,8,0,0.0,0,0,0,,,0,0,low,no_return,17.1,2,1,0,0
TX101096,CUST002506,1101.31,Electronics,Net Banking,47.8,7.3,38,65,6,3,0.5,2,2,0,,,1,0,medium,no_return,16.6,1,0,0,0
TX101097,CUST002266,2049.48,Electronics,Debit Card,20.5,19.4,25,310,9,2,0.222,1,0,0,,,2,0,low,no_return,12.9,0,2,0,0
TX101098,CUST000124,1458.02,Electronics,COD,19.4,7.7,33,541,5,1,0.2,1,0,1,,,4,0,low,no_return,31.8,0,2,0,0
TX101099,CUST001301,1277.25,Books,Credit Card,26.8,6.7,38,352,8,0,0.0,0,1,0,,,1,0,low,no_return,4.0,0,1,0,0
TX101100,CUST001439,2491.8,Fashion,Net Banking,0.0,9.1,26,505,5,1,0.2,1,0,0,6.1,5.6,1,0,low,defective,26.5,0,1,0,0
TX101101,CUST001408,2175.18,Toys,Net Banking,4.4,13.8,21,377,5,1,0.2,0,0,0,,,1,0,high,no_return,12.4,0,6,0,1
TX101102,CUST002756,921.45,Footwear,Debit Card,12.1,18.2,35,187,8,0,0.0,0,0,0,2.6,2.1,1,0,medium,not_as_described_repeated,52.0,0,4,0,0
TX101103,CUST000452,1846.1,Fashion,Credit Card,26.9,2.7,30,304,9,1,0.111,0,0,0,,,0,0,low,no_return,36.3,1,4,0,0
TX101104,CUST000919,1250.07,Grocery,UPI,0.0,12.1,33,149,8,0,0.0,0,1,0,,,1,0,medium,no_return,16.7,0,2,0,0
TX101105,CUST000543,2391.44,Beauty,Credit Card,14.2,2.4,38,1178,6,0,0.0,0,1,0,1.7,1.6,1,0,medium,not_as_described,15.4,0,1,0,0
TX101106,CUST000733,1211.78,Footwear,UPI,12.5,15.6,45,550,7,1,0.143,1,1,0,0.0,0.0,2,0,low,not_needed,8.9,1,3,0,1
TX101107,CUST002721,1615.91,Beauty,UPI,0.0,32.4,38,244,8,0,0.0,0,0,0,2.3,0.5,2,0,low,not_as_described_repeated,6.6,2,1,0,0
TX101108,CUST002822,1301.7,Home,Credit Card,8.9,8.5,37,448,7,0,0.0,0,1,0,,,1,0,low,no_return,20.8,0,0,0,0
TX101109,CUST000134,494.48,Fashion,UPI,21.5,12.6,26,571,11,0,0.0,0,0,0,,,0,0,low,no_return,37.0,0,1,0,0
TX101110,CUST001896,4630.4,Footwear,Net Banking,0.0,3.5,28,384,2,0,0.0,0,2,1,,,0,1,low,no_return,15.6,0,5,0,0
TX101111,CUST000699,1832.64,Fashion,Debit Card,31.9,14.3,36,223,8,0,0.0,0,0,0,,,1,0,medium,no_return,13.0,0,4,0,0
TX101112,CUST000578,4730.39,Toys,COD,20.6,16.2,28,185,10,1,0.1,0,1,0,,,0,1,low,no_return,38.4,0,2,0,0
TX101113,CUST000876,1887.99,Fashion,Credit Card,19.2,4.0,36,452,6,1,0.167,0,0,0,,,0,0,medium,no_return,19.0,2,2,0,0
TX101114,CUST000583,2781.7,Grocery,UPI,15.1,3.5,23,199,6,3,0.5,1,3,0,,,1,0,medium,no_return,20.4,1,1,0,0
TX101115,CUST001471,1153.16,Home,UPI,1.9,12.3,51,218,7,1,0.143,0,0,0,,,2,0,low,no_return,5.0,0,1,0,0
TX101116,CUST002986,1173.49,Electronics,Net Banking,7.2,2.9,33,382,9,0,0.0,0,0,0,1.1,0.2,1,0,low,not_needed,26.2,0,3,0,0
TX101117,CUST001759,1765.38,Electronics,UPI,19.3,67.9,33,81,8,0,0.0,0,1,0,,,1,0,low,no_return,16.8,0,3,0,0
TX101118,CUST002170,4704.16,Fashion,Debit Card,7.2,5.4,27,202,9,1,0.111,0,2,0,,,1,1,low,no_return,17.5,2,2,0,0
TX101119,CUST001480,944.67,Books,UPI,17.3,4.6,51,245,6,1,0.167,1,1,0,,,1,0,low,no_return,10.6,0,3,0,0
TX101120,CUST000042,413.12,Books,Credit Card,4.2,4.1,19,73,14,2,0.143,0,0,0,,,0,0,low,no_return,11.7,1,0,0,0
TX101121,CUST000253,3415.19,Fashion,UPI,20.4,1.6,24,176,12,1,0.083,0,0,0,30.0,28.0,1,0,low,defective,43.4,1,2,0,0
TX101122,CUST000807,2890.85,Beauty,Credit Card,21.3,2.9,40,284,8,1,0.125,1,0,0,9.8,9.5,2,0,low,defective,16.3,0,5,0,0
TX101123,CUST000731,1352.86,Electronics,UPI,0.0,3.2,34,42,13,0,0.0,0,0,0,,,2,0,medium,no_return,27.2,0,4,0,0
TX101124,CUST002521,5848.75,Books,Net Banking,15.8,0.5,26,349,12,0,0.0,0,0,0,0.2,0.0,2,1,medium,defective,22.2,1,1,0,0
TX101125,CUST002530,6005.25,Toys,UPI,0.0,12.6,26,87,3,0,0.0,0,1,0,,,1,1,low,no_return,20.3,0,3,0,0
TX101126,CUST002562,469.87,Footwear,UPI,0.0,28.2,29,698,14,2,0.143,0,0,0,,,2,0,low,no_return,38.0,0,0,0,0
TX101127,CUST001913,1134.3,Footwear,UPI,7.9,14.7,33,155,5,0,0.0,0,0,0,,,1,0,low,no_return,52.8,0,3,0,0
TX101128,CUST001668,1756.92,Fashion,Wallet,48.6,15.2,47,9,7,2,0.286,0,0,0,,,2,0,high,no_return,26.5,1,1,0,0
TX101129,CUST001947,2349.72,Fashion,Debit Card,24.3,0.5,38,55,12,1,0.083,0,0,0,,,0,0,low,no_return,33.4,0,2,0,0
TX101130,CUST001221,2127.57,Footwear,Debit Card,31.7,5.2,42,341,9,0,0.0,0,0,0,,,1,0,medium,no_return,14.8,0,0,0,0
TX101131,CUST002010,1828.07,Electronics,Credit Card,22.3,8.1,27,1017,7,1,0.143,0,0,0,,,0,0,low,no_return,9.4,1,2,0,0
TX101132,CUST002383,844.93,Electronics,Net Banking,17.5,3.1,37,230,4,0,0.0,0,0,0,3.0,1.3,0,0,low,size_issue,28.4,1,2,0,0
TX101133,CUST002288,2540.56,Fashion,UPI,25.7,4.1,18,136,2,0,0.0,0,1,0,,,1,0,low,no_return,9.1,0,1,0,0
TX101134,CUST001841,2633.2,Books,COD,7.3,10.5,33,10,1,0,0.0,0,1,0,,,1,0,low,no_return,64.9,0,2,0,0
TX101135,CUST000175,3265.57,Grocery,COD,20.6,0.5,33,10,7,0,0.0,0,0,0,7.3,6.8,0,0,low,size_issue,35.6,3,2,0,0
TX101136,CUST002175,761.82,Mobile,UPI,29.1,26.3,50,236,8,1,0.125,0,0,0,0.1,0.0,1,0,low,not_needed,21.8,1,1,0,0
TX101137,CUST001100,1574.15,Home,UPI,23.4,11.6,47,215,11,1,0.091,1,0,0,,,0,0,low,no_return,25.4,0,4,0,0
TX101138,CUST002231,1307.8,Fashion,Debit Card,29.9,7.9,29,208,1,1,1.0,0,0,0,,,2,0,medium,no_return,30.2,2,1,0,1
TX101139,CUST001619,751.57,Home,UPI,17.2,0.8,23,47,9,0,0.0,0,0,0,9.1,7.5,1,0,low,size_issue,16.2,0,4,0,0
TX101140,CUST002643,1557.34,Toys,UPI,35.3,4.7,24,164,7,0,0.0,0,0,0,,,0,0,low,no_return,1.9,2,4,0,0
TX101141,CUST001016,875.6,Fashion,Credit Card,12.5,18.9,29,1104,10,0,0.0,0,0,0,7.0,6.7,0,0,low,not_needed,32.9,1,2,0,0
TX101142,CUST002794,664.55,Mobile,UPI,40.4,8.9,45,767,10,0,0.0,0,0,0,,,0,0,low,no_return,40.9,0,3,0,0
TX101143,CUST002533,2914.48,Beauty,COD,21.9,12.7,36,372,13,0,0.0,0,0,0,9.7,7.9,0,0,low,size_issue,23.0,0,2,0,0
TX101144,CUST000993,1347.88,Toys,Credit Card,10.4,8.4,37,209,5,0,0.0,0,0,0,,,2,0,low,no_return,7.6,0,0,0,0
TX101145,CUST001448,1096.1,Toys,Debit Card,0.9,5.4,40,300,9,1,0.111,0,0,0,4.5,3.9,1,0,low,not_needed,42.1,1,0,0,0
TX101146,CUST001594,3772.53,Beauty,Credit Card,5.3,9.1,22,28,4,3,0.75,0,4,0,,,0,1,medium,no_return,21.6,1,1,0,0
TX101147,CUST002306,2683.56,Books,Credit Card,3.5,14.8,24,25,10,0,0.0,0,0,0,,,4,0,low,no_return,4.5,2,1,0,0
TX101148,CUST002067,382.96,Home,Credit Card,13.9,26.3,37,530,8,0,0.0,0,1,0,,,0,0,low,no_return,19.2,0,2,0,0
TX101149,CUST002556,2359.68,Toys,Net Banking,0.0,51.8,24,226,6,0,0.0,0,1,0,1.1,0.7,4,0,low,changed_mind_repeated,27.3,0,5,0,0
TX101150,CUST001110,2352.45,Toys,Credit Card,30.5,2.6,18,634,10,1,0.1,1,0,0,28.8,28.6,2,0,low,not_as_described,21.7,2,2,0,0
TX101151,CUST001514,1513.7,Sports,Debit Card,16.3,11.8,21,351,7,3,0.429,0,0,0,,,1,0,low,no_return,20.0,1,1,0,0
TX101152,CUST001293,1475.08,Fashion,COD,15.8,2.7,42,930,7,0,0.0,0,0,0,6.3,1.6,1,0,low,size_issue,11.6,2,3,0,0
TX101153,CUST002728,536.88,Mobile,Debit Card,1.0,0.5,28,84,10,1,0.1,0,0,0,,,0,0,low,no_return,25.6,1,1,0,0
TX101154,CUST000915,5807.37,Mobile,UPI,5.8,15.1,34,980,10,1,0.1,1,0,0,0.0,0.0,2,1,low,changed_mind,41.1,0,2,0,0
TX101155,CUST001761,1553.27,Grocery,UPI,0.0,6.2,21,78,5,1,0.2,0,0,0,,,0,0,low,no_return,13.3,0,5,0,0
TX101156,CUST000361,2277.73,Mobile,Debit Card,34.4,10.0,35,517,10,0,0.0,0,0,0,,,0,0,low,no_return,33.1,0,5,0,0
TX101157,CUST002550,1611.95,Beauty,COD,0.0,5.9,29,881,9,0,0.0,0,0,0,,,1,0,low,no_return,22.8,0,1,0,0
TX101158,CUST001153,1108.93,Home,COD,0.0,2.3,36,231,9,2,0.222,0,0,0,1.3,0.2,1,0,low,size_issue,12.0,1,1,0,0
TX101159,CUST001022,3057.42,Beauty,Debit Card,32.0,3.8,27,149,3,0,0.0,0,1,0,,,0,0,low,no_return,23.4,0,4,0,0
TX101160,CUST001749,2008.81,Electronics,UPI,19.7,10.9,37,204,8,0,0.0,0,0,0,,,1,0,low,no_return,16.3,0,2,0,0
TX101161,CUST001496,1562.17,Sports,COD,16.4,18.3,26,174,10,1,0.1,0,0,0,,,0,0,medium,no_return,36.3,1,3,0,0
TX101162,CUST002544,2261.98,Grocery,Debit Card,19.1,4.9,31,890,10,1,0.1,0,1,0,11.6,10.0,2,0,low,changed_mind,23.9,2,0,0,0
TX101163,CUST001594,1713.46,Electronics,Wallet,26.4,1.9,29,28,4,0,0.0,0,1,0,,,1,0,low,no_return,52.2,1,1,0,0
TX101164,CUST001551,4930.75,Fashion,COD,16.2,13.3,32,1041,7,1,0.143,0,1,0,,,3,1,low,no_return,24.3,0,1,0,0
TX101165,CUST000315,2992.27,Books,Credit Card,0.0,18.1,34,228,8,2,0.25,0,0,0,,,1,0,low,no_return,21.1,2,0,0,0
TX101166,CUST000066,2503.05,Toys,Debit Card,23.8,31.5,27,320,6,1,0.167,0,0,0,0.5,0.0,0,0,low,changed_mind_repeated,10.3,1,1,0,0
TX101167,CUST001196,584.43,Mobile,Debit Card,20.1,7.6,30,166,10,0,0.0,0,1,0,,,2,0,low,no_return,10.4,0,1,0,0
TX101168,CUST002994,2558.96,Fashion,Credit Card,29.1,0.7,33,729,9,1,0.111,0,0,0,,,2,0,low,no_return,7.1,0,2,0,0
TX101169,CUST002752,2518.44,Footwear,Debit Card,0.0,7.3,37,2,8,1,0.125,1,0,0,12.5,12.4,3,0,low,defective,31.0,0,1,0,0
TX101170,CUST001887,886.81,Fashion,UPI,6.2,13.5,31,126,7,0,0.0,0,0,0,,,1,0,low,no_return,5.7,0,0,0,0
TX101171,CUST001892,574.7,Electronics,UPI,19.7,1.9,23,350,7,0,0.0,0,0,0,,,3,0,low,no_return,27.6,2,4,0,0
TX101172,CUST001175,2915.2,Books,COD,3.7,3.1,32,91,14,1,0.071,0,0,0,,,2,0,low,no_return,5.1,0,0,0,0
TX101173,CUST000533,3147.43,Home,Credit Card,0.0,56.3,38,243,14,0,0.0,0,0,0,,,0,0,high,no_return,4.9,0,3,0,0
TX101174,CUST000026,1177.74,Toys,COD,17.4,3.6,18,67,4,0,0.0,0,1,0,,,1,0,medium,no_return,47.3,0,0,0,0
TX101175,CUST001017,1141.11,Fashion,Credit Card,25.7,19.4,18,424,6,0,0.0,0,0,0,,,0,0,low,no_return,13.5,1,3,0,0
TX101176,CUST000950,1986.23,Fashion,COD,13.5,4.6,25,91,9,0,0.0,0,0,0,5.1,4.9,2,0,low,not_needed,18.8,0,0,0,0
TX101177,CUST000575,1344.88,Sports,COD,21.6,7.5,30,426,13,0,0.0,0,0,0,,,0,0,low,no_return,13.0,1,0,0,0
TX101178,CUST000778,565.55,Electronics,COD,19.8,7.3,18,181,6,1,0.167,1,0,0,,,0,0,medium,no_return,36.7,0,1,0,0
TX101179,CUST000075,879.62,Fashion,Credit Card,15.1,14.5,37,1324,5,1,0.2,0,1,0,,,1,0,low,no_return,32.2,1,2,0,0
TX101180,CUST001824,2224.33,Fashion,Wallet,16.6,16.0,30,229,10,1,0.1,1,0,0,6.5,5.1,1,0,low,not_as_described_repeated,16.3,1,1,0,0
TX101181,CUST002782,915.39,Fashion,Credit Card,31.2,11.9,18,153,4,2,0.5,0,0,0,,,0,0,low,no_return,59.7,1,1,0,0
TX101182,CUST002072,3247.57,Books,COD,3.4,0.8,20,9,7,2,0.286,0,0,0,1.6,1.2,1,0,high,not_needed,34.2,0,3,0,0
TX101183,CUST001345,2492.51,Electronics,Credit Card,24.3,11.6,28,241,10,2,0.2,0,0,0,,,1,0,low,no_return,10.3,1,3,0,0
TX101184,CUST001261,2282.18,Grocery,UPI,0.8,1.9,18,2064,10,1,0.1,0,0,0,3.1,3.0,0,0,low,defective,33.0,0,1,0,0
TX101185,CUST000923,1959.12,Sports,Debit Card,5.5,27.1,41,368,5,0,0.0,0,0,0,0.3,0.0,1,0,low,changed_mind,16.7,0,0,0,0
TX101186,CUST000428,1074.19,Beauty,Credit Card,29.4,16.4,33,141,4,0,0.0,0,1,0,,,5,0,medium,no_return,48.5,0,2,0,1
TX101187,CUST001795,2712.8,Beauty,UPI,0.5,9.4,38,512,4,0,0.0,0,0,0,,,2,0,low,no_return,29.8,1,1,0,0
TX101188,CUST001700,1052.85,Grocery,Credit Card,12.1,10.8,21,251,9,0,0.0,0,0,0,,,2,0,low,no_return,52.5,1,2,0,0
TX101189,CUST000022,3361.79,Footwear,UPI,43.3,5.9,36,280,2,0,0.0,0,0,0,,,4,0,low,no_return,10.8,0,3,0,0
TX101190,CUST001247,4459.71,Fashion,Wallet,27.3,2.3,25,115,10,2,0.2,0,0,0,0.3,0.0,1,1,low,not_needed,17.1,1,1,0,0
TX101191,CUST000834,2001.03,Toys,Debit Card,6.2,14.4,30,321,6,1,0.167,0,1,0,2.1,0.7,0,0,high,not_as_described,1.0,2,5,0,0
TX101192,CUST000511,4098.94,Electronics,UPI,8.2,45.1,35,512,4,0,0.0,0,0,0,15.8,14.6,7,1,low,size_issue,25.6,2,2,0,0
TX101193,CUST002109,888.37,Beauty,COD,13.0,9.0,31,63,5,0,0.0,0,1,0,3.6,1.6,1,0,low,changed_mind_repeated,33.6,3,2,0,0
TX101194,CUST001577,2510.4,Beauty,Debit Card,30.7,0.5,40,128,8,0,0.0,0,0,0,,,0,0,medium,no_return,34.8,0,2,0,0
TX101195,CUST001901,1797.71,Fashion,COD,3.0,0.5,33,604,5,0,0.0,0,1,0,,,0,0,low,no_return,39.3,1,1,0,0
TX101196,CUST002140,2946.85,Electronics,Debit Card,2.3,13.4,27,689,10,2,0.2,1,1,0,,,0,0,low,no_return,11.4,1,0,0,0
TX101197,CUST002945,398.35,Electronics,UPI,23.6,1.4,40,50,5,0,0.0,0,0,0,,,3,0,low,no_return,16.3,1,2,0,0
TX101198,CUST002408,2837.17,Electronics,UPI,0.0,1.1,42,1768,7,1,0.143,0,1,0,,,2,0,low,no_return,18.7,0,1,0,0
TX101199,CUST001861,1146.53,Sports,COD,4.1,3.6,32,106,12,2,0.167,0,1,0,,,1,0,low,no_return,41.2,0,0,0,0
TX101200,CUST002637,1856.82,Electronics,COD,14.0,4.2,45,238,1,1,1.0,0,0,0,,,1,0,low,no_return,26.4,1,3,0,0
TX101201,CUST001433,5746.17,Toys,COD,14.6,8.6,29,61,8,1,0.125,1,1,0,1.1,0.3,0,1,low,not_as_described_repeated,34.8,1,1,0,0
TX101202,CUST002954,2564.21,Footwear,UPI,0.0,2.7,30,120,11,1,0.091,0,0,0,,,1,0,medium,no_return,24.6,1,1,0,0
TX101203,CUST002284,2353.13,Fashion,COD,19.2,8.2,32,369,11,0,0.0,0,0,0,,,0,0,low,no_return,8.4,0,4,0,0
TX101204,CUST001952,2231.85,Fashion,Credit Card,21.6,53.6,30,169,4,0,0.0,0,0,0,,,1,0,low,no_return,17.6,1,3,0,1
TX101205,CUST002710,3582.95,Home,Debit Card,7.1,21.3,28,217,9,1,0.111,1,0,0,,,1,1,low,no_return,21.7,1,1,0,0
TX101206,CUST001545,3010.69,Footwear,UPI,34.9,7.1,24,1529,7,0,0.0,0,0,0,,,0,0,low,no_return,28.4,1,0,0,0
TX101207,CUST002162,2247.82,Home,COD,19.1,9.7,22,984,8,1,0.125,0,1,0,13.5,13.0,2,0,low,not_as_described,7.7,1,0,0,0
TX101208,CUST000854,2072.04,Electronics,Wallet,2.9,1.1,33,52,9,0,0.0,0,0,0,,,0,0,medium,no_return,30.2,1,1,0,0
TX101209,CUST002889,1983.53,Mobile,UPI,34.4,4.1,43,233,4,0,0.0,0,0,0,,,1,0,low,no_return,31.6,0,0,0,0
TX101210,CUST001870,1733.07,Beauty,COD,8.7,23.5,40,52,13,0,0.0,0,0,0,7.8,7.4,2,0,medium,changed_mind,10.3,1,0,0,0
TX101211,CUST002346,752.65,Home,Debit Card,17.1,11.2,35,36,6,0,0.0,0,0,0,,,2,0,low,no_return,9.9,0,0,0,0
TX101212,CUST001382,2529.39,Footwear,UPI,9.2,6.3,44,100,8,0,0.0,0,0,0,2.5,2.5,4,0,low,not_needed,25.3,3,2,0,0
TX101213,CUST002600,1226.8,Footwear,UPI,22.5,48.1,32,246,6,1,0.167,1,0,0,14.5,13.9,1,0,low,changed_mind,19.2,0,0,0,0
TX101214,CUST000223,1596.39,Beauty,COD,9.2,0.7,22,122,9,0,0.0,0,0,0,,,1,0,low,no_return,28.2,0,0,0,0
TX101215,CUST000343,3139.42,Fashion,UPI,9.9,19.1,28,187,9,0,0.0,0,1,0,1.7,1.3,2,0,low,size_issue,36.0,0,1,0,0
TX101216,CUST001521,1760.2,Beauty,UPI,13.1,17.8,31,139,11,0,0.0,0,0,0,14.2,14.2,3,0,low,changed_mind_repeated,13.8,1,4,0,0
TX101217,CUST002197,1670.75,Fashion,Net Banking,9.0,0.5,26,55,14,1,0.071,0,0,0,,,1,0,low,no_return,34.4,0,0,0,0
TX101218,CUST002427,2004.97,Beauty,Debit Card,27.9,26.1,38,184,10,1,0.1,1,0,0,,,0,0,low,no_return,26.8,0,1,0,0
TX101219,CUST001320,1462.34,Fashion,COD,0.0,8.2,41,283,10,2,0.2,1,0,0,,,1,0,low,no_return,49.1,0,0,0,0
TX101220,CUST001949,5670.16,Grocery,Debit Card,14.6,8.8,18,28,7,3,0.429,0,0,0,18.0,17.3,1,1,low,defective,39.2,0,1,0,0
TX101221,CUST001659,5195.1,Books,Credit Card,16.1,0.5,30,48,8,2,0.25,0,1,0,,,1,1,medium,no_return,21.8,0,0,0,0
TX101222,CUST002884,5111.66,Mobile,COD,13.5,7.8,18,199,5,1,0.2,1,3,0,,,4,1,low,no_return,68.4,0,1,0,0
TX101223,CUST001962,2236.63,Footwear,UPI,26.6,4.6,31,372,5,1,0.2,0,0,0,,,1,0,low,no_return,41.8,1,3,0,0
TX101224,CUST001251,1173.56,Electronics,Credit Card,0.0,22.5,30,207,9,0,0.0,0,0,0,9.6,9.5,1,0,low,not_as_described,6.2,0,0,0,0
TX101225,CUST002909,3192.63,Fashion,Debit Card,21.8,7.2,49,67,8,1,0.125,0,0,0,12.8,11.8,0,0,low,size_issue,28.7,0,1,0,0
TX101226,CUST000322,1469.97,Beauty,Net Banking,0.1,26.0,46,475,10,2,0.2,0,0,0,,,2,0,medium,no_return,31.8,1,3,0,0
TX101227,CUST002953,3369.74,Fashion,Credit Card,8.9,22.3,41,649,7,0,0.0,0,0,0,11.7,11.0,0,0,low,not_as_described,8.5,2,0,0,0
TX101228,CUST000462,1135.93,Electronics,Wallet,0.0,19.1,22,438,9,4,0.444,0,1,0,,,1,0,medium,no_return,36.4,1,0,0,1
TX101229,CUST000865,2340.98,Books,COD,11.0,2.9,21,525,7,0,0.0,0,0,0,1.9,0.0,2,0,medium,size_issue,20.3,0,2,0,0
TX101230,CUST002464,3669.86,Home,Credit Card,8.1,35.3,21,79,4,0,0.0,0,1,0,1.8,1.2,1,1,high,not_needed,32.9,2,1,0,0
TX101231,CUST002201,1525.75,Electronics,Credit Card,34.7,11.6,47,43,6,1,0.167,0,1,0,,,2,0,low,no_return,34.7,2,2,0,0
TX101232,CUST002911,1522.06,Beauty,UPI,17.9,3.1,22,152,11,2,0.182,1,0,0,,,2,0,low,no_return,20.8,1,1,0,0
TX101233,CUST002250,617.62,Mobile,Debit Card,20.3,9.2,28,131,8,1,0.125,0,0,0,,,3,0,low,no_return,6.3,1,0,0,0
TX101234,CUST001911,1160.27,Grocery,UPI,1.7,1.1,23,144,9,0,0.0,0,0,0,,,5,0,low,no_return,34.1,2,2,0,1
TX101235,CUST001040,2208.63,Electronics,Credit Card,23.9,1.6,19,253,7,0,0.0,0,0,0,,,1,0,low,no_return,17.3,1,1,0,0
TX101236,CUST000015,2427.35,Beauty,UPI,34.7,9.9,35,31,9,0,0.0,0,0,0,,,1,0,medium,no_return,31.2,1,1,0,0
TX101237,CUST000372,2656.76,Footwear,Wallet,25.4,5.7,33,3,7,2,0.286,0,1,0,0.7,0.4,0,0,low,changed_mind,15.6,0,1,0,0
TX101238,CUST000894,460.88,Electronics,Credit Card,0.0,2.9,18,613,8,0,0.0,0,1,0,,,1,0,low,no_return,4.6,0,3,0,0
TX101239,CUST000123,1474.72,Grocery,Credit Card,9.4,11.7,18,488,9,2,0.222,1,1,0,0.7,0.0,2,0,medium,changed_mind,21.0,0,7,0,0
TX101240,CUST001525,671.56,Books,Credit Card,16.3,0.5,34,236,10,0,0.0,0,0,0,7.9,7.1,1,0,low,not_as_described,67.3,2,3,0,0
TX101241,CUST002332,2137.6,Grocery,UPI,8.1,9.8,31,700,10,1,0.1,0,0,0,,,2,0,medium,no_return,7.1,1,1,0,1
TX101242,CUST002889,537.43,Electronics,Credit Card,45.4,0.5,27,327,3,0,0.0,0,0,0,6.5,5.3,1,0,medium,changed_mind,19.4,1,4,0,0
TX101243,CUST001469,817.7,Footwear,COD,9.2,0.5,38,56,8,0,0.0,0,0,0,2.4,1.5,0,0,low,not_as_described,20.4,0,2,0,0
TX101244,CUST002625,2978.37,Fashion,Debit Card,14.5,6.5,18,107,13,0,0.0,0,1,0,1.0,0.0,3,0,low,not_as_described_repeated,27.9,0,4,0,1
TX101245,CUST002956,1254.25,Electronics,Credit Card,7.8,6.0,26,475,7,2,0.286,0,1,0,,,3,0,medium,no_return,6.2,0,0,0,0
TX101246,CUST002579,4120.52,Electronics,COD,17.8,22.1,37,345,8,2,0.25,0,0,0,,,0,1,medium,no_return,4.4,0,3,0,0
TX101247,CUST001395,2701.05,Home,UPI,31.6,8.0,25,875,12,0,0.0,0,0,0,,,2,0,low,no_return,34.8,0,1,0,0
TX101248,CUST000976,1531.52,Electronics,COD,16.4,24.2,35,97,6,1,0.167,0,1,0,,,0,0,medium,no_return,20.8,0,1,0,0
TX101249,CUST002933,3276.7,Toys,UPI,12.4,54.6,20,163,4,0,0.0,0,0,0,,,6,0,medium,no_return,42.2,1,2,0,0
TX101250,CUST000726,1620.1,Footwear,Net Banking,2.1,25.3,23,1,8,0,0.0,0,1,0,,,0,0,low,no_return,20.8,1,1,0,0
TX101251,CUST001235,2872.39,Electronics,Net Banking,29.5,5.5,18,66,7,1,0.143,0,0,0,6.6,5.2,2,0,low,not_needed,3.9,1,4,0,0
TX101252,CUST000223,1120.98,Toys,COD,13.3,5.9,18,80,8,3,0.375,1,1,0,,,2,0,low,no_return,23.4,1,2,0,0
TX101253,CUST002381,3396.21,Mobile,UPI,12.8,8.3,27,328,12,0,0.0,0,0,1,,,1,0,low,no_return,24.8,0,2,0,0
TX101254,CUST001949,574.52,Electronics,Debit Card,0.0,10.2,36,7,9,0,0.0,0,1,0,,,4,0,low,no_return,10.1,1,2,0,0
TX101255,CUST000255,816.83,Books,COD,13.5,13.8,30,688,6,0,0.0,0,1,0,,,2,0,low,no_return,22.4,1,3,0,0
TX101256,CUST000666,920.02,Mobile,Debit Card,10.2,7.6,43,630,4,0,0.0,0,1,0,,,1,0,medium,no_return,29.1,0,1,0,0
TX101257,CUST001666,1204.59,Toys,Credit Card,0.0,20.9,28,294,8,2,0.25,0,0,0,1.4,1.1,1,0,low,not_needed,39.9,0,4,1,0
TX101258,CUST001621,2259.58,Beauty,Credit Card,26.9,8.7,18,646,9,2,0.222,1,0,0,3.2,3.2,0,0,medium,changed_mind_repeated,3.9,0,1,0,1
TX101259,CUST002406,1822.92,Footwear,UPI,8.6,35.1,35,46,10,1,0.1,0,1,0,,,0,0,medium,no_return,30.9,1,1,0,0
TX101260,CUST000799,2893.22,Grocery,Credit Card,37.7,35.2,21,196,13,2,0.154,1,0,0,,,0,0,low,no_return,21.4,1,2,0,0
TX101261,CUST002774,3701.65,Fashion,UPI,32.0,8.9,33,389,9,2,0.222,2,3,0,7.2,4.5,2,1,medium,defective,31.3,0,2,0,1
TX101262,CUST001333,529.61,Fashion,Debit Card,6.4,5.8,18,114,8,2,0.25,0,0,0,,,1,0,low,no_return,20.6,0,4,0,0
TX101263,CUST002467,3980.5,Beauty,Credit Card,31.4,10.9,29,169,9,0,0.0,0,1,0,,,1,1,low,no_return,15.9,0,1,0,0
TX101264,CUST000715,1596.25,Home,UPI,34.3,7.7,39,518,4,0,0.0,0,0,0,13.9,13.8,2,0,low,not_needed,41.4,0,1,0,0
TX101265,CUST000111,5050.84,Fashion,UPI,8.3,30.7,37,414,9,1,0.111,0,0,0,5.5,4.9,0,1,low,not_as_described,12.5,0,2,0,0
TX101266,CUST000166,1086.58,Fashion,Net Banking,2.6,5.9,29,6,3,0,0.0,0,1,0,4.3,2.5,0,0,low,changed_mind_repeated,16.8,0,2,0,0
TX101267,CUST001118,425.23,Footwear,Debit Card,0.0,1.4,31,206,10,0,0.0,0,2,0,,,0,0,low,no_return,15.3,0,2,0,0
TX101268,CUST002859,2720.35,Grocery,Debit Card,19.6,12.4,27,556,5,0,0.0,0,1,0,,,2,0,low,no_return,32.6,0,2,0,0
TX101269,CUST000147,2613.97,Fashion,COD,3.3,27.7,29,6,6,0,0.0,0,0,0,,,2,0,low,no_return,14.2,0,1,0,0
TX101270,CUST001107,832.48,Fashion,Debit Card,19.9,11.2,38,1386,7,0,0.0,0,1,0,,,6,0,low,no_return,3.7,1,2,0,0
TX101271,CUST000328,893.51,Electronics,Credit Card,8.2,1.1,24,16,8,0,0.0,0,0,0,,,1,0,low,no_return,18.5,0,3,0,0
TX101272,CUST002794,3030.12,Electronics,Debit Card,5.6,7.5,25,222,5,0,0.0,0,1,0,,,0,0,low,no_return,16.0,0,1,0,0
TX101273,CUST002026,2329.86,Grocery,UPI,8.3,2.1,18,561,9,0,0.0,0,0,0,,,0,0,low,no_return,9.2,0,1,0,0
TX101274,CUST002288,1490.47,Electronics,Debit Card,0.0,3.4,38,260,8,0,0.0,0,1,0,,,0,0,low,no_return,42.2,1,0,0,0
TX101275,CUST002140,2482.35,Mobile,UPI,8.3,22.2,28,622,6,1,0.167,1,1,0,,,4,0,low,no_return,36.0,2,1,0,1
TX101276,CUST001971,2183.21,Fashion,Net Banking,6.2,42.2,19,15,15,1,0.067,0,0,0,,,0,0,low,no_return,27.2,1,3,0,0
TX101277,CUST002321,962.38,Electronics,Credit Card,14.8,0.5,40,174,4,0,0.0,0,0,0,,,0,0,low,no_return,24.0,0,3,0,0
TX101278,CUST000025,3173.18,Footwear,UPI,16.3,9.2,30,91,14,0,0.0,0,0,1,29.2,28.0,1,0,low,not_needed,26.9,0,0,0,0
TX101279,CUST002596,2796.89,Home,Debit Card,2.1,1.5,24,87,8,1,0.125,1,0,0,,,0,0,low,no_return,46.7,2,1,0,0
TX101280,CUST002219,1850.38,Home,UPI,28.2,8.6,40,196,5,1,0.2,1,2,0,,,2,0,low,no_return,14.6,1,1,0,0
TX101281,CUST002218,3031.37,Electronics,Credit Card,13.1,4.3,28,249,8,1,0.125,1,0,0,,,2,0,low,no_return,36.6,1,1,0,0
TX101282,CUST001180,5439.83,Grocery,Net Banking,33.0,17.8,18,38,11,0,0.0,0,0,0,,,2,1,low,no_return,29.8,0,0,0,0
TX101283,CUST002402,885.94,Home,COD,17.9,5.4,41,462,14,3,0.214,0,0,0,,,0,0,low,no_return,39.9,0,1,1,0
TX101284,CUST001146,1536.09,Toys,COD,15.8,5.7,23,167,16,0,0.0,0,1,0,,,4,0,low,no_return,30.6,1,0,0,0
TX101285,CUST000147,1587.63,Grocery,Credit Card,9.1,13.8,61,153,6,0,0.0,0,0,0,,,3,0,low,no_return,35.1,1,2,0,0
TX101286,CUST002723,2989.77,Footwear,Credit Card,22.4,25.0,26,430,10,1,0.1,0,1,0,11.1,3.9,0,0,low,defective,43.1,0,1,0,0
TX101287,CUST000704,1194.33,Grocery,UPI,15.4,21.4,18,874,4,1,0.25,0,2,0,,,1,0,high,no_return,51.4,1,1,0,0
TX101288,CUST000306,2885.51,Toys,Debit Card,25.3,6.0,48,425,5,0,0.0,0,0,0,2.5,2.0,2,0,low,not_as_described_repeated,15.0,0,1,0,0
TX101289,CUST001866,1293.76,Grocery,Debit Card,34.3,30.3,30,40,8,1,0.125,0,1,0,,,1,0,high,no_return,38.7,0,0,0,0
TX101290,CUST000701,814.1,Beauty,UPI,6.3,5.5,34,88,6,1,0.167,0,0,0,,,2,0,high,no_return,1.4,0,1,0,0
TX101291,CUST002574,1922.86,Grocery,UPI,22.4,4.2,35,4,10,3,0.3,0,1,0,2.8,2.4,2,0,low,not_as_described_repeated,39.2,2,1,0,0
TX101292,CUST001331,1274.43,Grocery,UPI,22.0,0.5,18,224,6,2,0.333,0,0,0,,,4,0,low,no_return,21.3,0,1,0,0
TX101293,CUST000014,2049.31,Electronics,UPI,20.5,6.6,18,308,8,2,0.25,0,1,1,,,1,0,low,no_return,22.9,0,2,0,0
TX101294,CUST002855,2374.92,Grocery,UPI,9.8,31.4,50,179,4,1,0.25,0,0,0,,,1,0,low,no_return,11.8,1,1,0,0
TX101295,CUST001544,558.22,Fashion,Credit Card,10.0,16.7,18,195,5,0,0.0,0,0,0,,,4,0,medium,no_return,53.6,0,0,0,0
TX101296,CUST000789,1377.28,Sports,Credit Card,8.0,9.6,47,93,2,0,0.0,0,0,0,0.7,0.4,3,0,medium,size_issue,36.4,1,3,0,0
TX101297,CUST002032,1923.9,Electronics,Credit Card,7.8,2.0,36,135,9,1,0.111,0,0,0,1.0,0.0,0,0,low,changed_mind_repeated,19.2,1,2,0,0
TX101298,CUST001592,3039.5,Electronics,UPI,4.9,74.5,33,585,6,0,0.0,0,0,0,0.8,0.0,0,0,low,not_needed,34.5,0,4,0,0
TX101299,CUST000089,2809.87,Electronics,Debit Card,13.7,33.7,26,484,6,0,0.0,0,0,0,9.7,6.2,0,0,medium,changed_mind,52.1,2,2,0,0
TX101300,CUST002279,1020.98,Electronics,COD,5.9,10.1,54,525,11,1,0.091,0,0,0,,,1,0,low,no_return,50.7,1,1,0,0
TX101301,CUST001204,1640.41,Electronics,UPI,20.2,4.0,24,254,5,1,0.2,1,0,0,,,0,0,low,no_return,38.6,1,4,0,0
TX101302,CUST002099,2454.2,Electronics,Credit Card,15.7,3.4,24,1485,7,0,0.0,0,1,0,,,1,0,low,no_return,15.1,0,3,0,1
TX101303,CUST002687,1565.3,Sports,Debit Card,17.0,5.3,38,611,14,2,0.143,1,1,0,,,1,0,low,no_return,31.9,1,0,0,0
TX101304,CUST001832,1091.84,Home,UPI,11.7,15.9,24,310,7,2,0.286,0,0,0,,,1,0,medium,no_return,48.0,0,2,0,0
TX101305,CUST002015,1777.14,Mobile,Credit Card,15.8,5.6,21,204,9,0,0.0,0,0,0,,,2,0,low,no_return,38.2,1,2,0,0
TX101306,CUST000764,2308.53,Toys,Credit Card,12.0,47.9,30,207,5,1,0.2,0,1,0,,,1,0,medium,no_return,35.0,0,4,0,0
TX101307,CUST000713,952.83,Electronics,Credit Card,24.4,7.5,38,963,9,4,0.444,0,0,0,,,2,0,low,no_return,31.9,0,2,0,0
TX101308,CUST001245,2624.5,Home,COD,9.7,23.5,50,605,8,0,0.0,0,0,0,,,1,0,low,no_return,12.9,1,2,0,0
TX101309,CUST002558,1998.34,Home,COD,19.5,17.9,52,309,7,1,0.143,0,0,0,,,1,0,medium,no_return,24.1,1,0,0,0
TX101310,CUST001573,2684.85,Home,Credit Card,0.0,15.2,18,71,6,0,0.0,0,0,0,,,1,0,low,no_return,21.9,0,4,0,0
TX101311,CUST001044,1751.14,Beauty,Credit Card,23.5,6.2,41,90,3,1,0.333,0,0,0,,,1,0,low,no_return,15.5,0,2,0,0
TX101312,CUST002339,4942.56,Grocery,Wallet,8.3,11.4,21,406,7,0,0.0,0,0,0,,,1,1,low,no_return,15.0,1,1,0,0
TX101313,CUST002560,2280.1,Grocery,Credit Card,4.1,7.3,22,502,9,1,0.111,0,1,0,10.9,10.1,4,0,low,not_as_described_repeated,43.6,1,3,0,0
TX101314,CUST002707,2877.62,Home,Wallet,1.3,0.5,26,524,8,0,0.0,0,0,0,10.4,7.9,3,0,low,not_as_described_repeated,22.3,3,1,0,0
TX101315,CUST000897,2617.8,Grocery,COD,0.4,20.9,25,557,3,0,0.0,0,0,0,,,1,0,low,no_return,50.0,1,3,0,0
TX101316,CUST002129,1626.2,Fashion,UPI,9.2,33.7,20,635,8,1,0.125,0,2,0,,,1,0,low,no_return,1.6,0,1,0,0
TX101317,CUST001771,2151.39,Toys,UPI,33.0,23.4,18,563,7,2,0.286,1,0,0,,,0,0,medium,no_return,35.5,1,2,0,0
TX101318,CUST001347,1213.7,Mobile,UPI,7.3,22.8,45,56,8,2,0.25,1,0,0,,,1,0,low,no_return,19.6,1,2,0,0
TX101319,CUST001191,4724.52,Fashion,COD,0.0,7.0,40,248,7,2,0.286,0,0,0,,,1,1,low,no_return,10.6,1,1,0,0
TX101320,CUST000344,2442.4,Toys,Credit Card,19.4,2.5,31,234,11,2,0.182,0,0,0,,,1,0,low,no_return,18.5,0,0,0,0
TX101321,CUST000825,1047.32,Toys,Debit Card,1.6,9.6,21,487,12,1,0.083,0,0,0,8.4,5.9,1,0,low,not_as_described,10.6,0,0,0,0
TX101322,CUST001649,4077.51,Beauty,Debit Card,24.8,1.2,43,1232,11,1,0.091,0,0,0,,,2,1,low,no_return,19.3,0,3,0,0
TX101323,CUST002659,1681.71,Electronics,COD,9.9,0.5,30,493,8,0,0.0,0,1,0,,,4,0,low,no_return,20.1,0,2,0,0
TX101324,CUST002599,3133.13,Toys,COD,11.7,13.3,25,804,11,3,0.273,0,2,0,,,3,0,low,no_return,30.1,0,3,0,0
TX101325,CUST000563,547.43,Home,UPI,29.4,3.7,18,50,6,2,0.333,1,0,0,,,0,0,medium,no_return,14.7,0,2,0,0
TX101326,CUST002038,3627.36,Fashion,Credit Card,22.4,5.7,36,324,10,0,0.0,0,0,0,,,1,1,low,no_return,12.2,0,1,0,0
TX101327,CUST000255,2379.19,Grocery,Debit Card,0.0,26.9,28,491,13,0,0.0,0,0,0,,,0,0,low,no_return,16.6,0,5,0,0
TX101328,CUST002025,989.85,Home,COD,1.8,2.3,34,10,8,1,0.125,0,0,0,,,3,0,low,no_return,10.6,0,1,0,0
TX101329,CUST001026,2352.94,Electronics,COD,0.0,10.3,33,226,4,1,0.25,0,1,0,,,1,0,low,no_return,40.5,0,3,0,0
TX101330,CUST001350,4436.65,Mobile,Debit Card,46.2,10.9,37,314,7,0,0.0,0,1,0,,,0,1,medium,no_return,14.8,0,3,0,0
TX101331,CUST002153,1238.53,Fashion,COD,4.6,0.5,33,25,8,1,0.125,0,0,0,,,1,0,low,no_return,43.3,0,0,0,0
TX101332,CUST001275,1227.25,Beauty,Credit Card,29.0,5.6,28,689,8,0,0.0,0,0,0,3.8,3.6,2,0,medium,defective,2.3,1,1,0,0
TX101333,CUST002422,1609.94,Grocery,UPI,8.6,2.8,37,341,16,2,0.125,1,0,0,,,0,0,medium,no_return,33.4,0,2,0,0
TX101334,CUST001601,1912.18,Electronics,Net Banking,2.0,7.7,41,132,10,3,0.3,3,1,1,,,3,0,low,no_return,2.2,1,5,0,0
TX101335,CUST002996,3261.33,Books,Debit Card,15.3,11.2,46,146,10,3,0.3,1,0,0,15.8,14.3,1,0,low,not_as_described_repeated,14.1,0,0,0,0
TX101336,CUST001915,2463.23,Grocery,COD,11.1,5.4,20,316,6,0,0.0,0,0,0,,,0,0,low,no_return,24.8,0,1,0,0
TX101337,CUST000889,1609.02,Beauty,Credit Card,24.6,8.5,42,965,6,1,0.167,0,0,0,,,2,0,medium,no_return,16.6,0,2,0,0
TX101338,CUST002326,2210.78,Beauty,Debit Card,24.8,30.1,18,339,7,0,0.0,0,0,0,,,0,0,low,no_return,22.2,0,1,0,0
TX101339,CUST001224,4882.24,Mobile,Credit Card,7.9,5.5,41,175,7,0,0.0,0,1,0,1.8,0.0,3,1,high,not_as_described_repeated,27.6,0,1,0,0
TX101340,CUST001602,2734.49,Footwear,Credit Card,0.0,20.5,25,298,14,0,0.0,0,0,0,,,0,0,medium,no_return,54.7,1,0,0,0
TX101341,CUST000411,1724.15,Electronics,UPI,0.6,1.3,39,59,4,0,0.0,0,0,0,2.7,0.5,2,0,low,size_issue,4.3,2,1,0,0
TX101342,CUST000358,1577.96,Home,COD,0.0,0.8,46,510,3,1,0.333,0,0,0,0.7,0.0,1,0,low,not_as_described,11.8,1,3,0,0
TX101343,CUST001725,2128.24,Beauty,UPI,11.7,4.9,33,18,5,0,0.0,0,0,0,7.3,1.8,1,0,medium,changed_mind_repeated,33.3,0,4,0,1
TX101344,CUST000560,3236.63,Footwear,Credit Card,14.9,5.2,31,178,14,0,0.0,0,0,0,,,0,0,low,no_return,50.6,0,1,0,0
TX101345,CUST002992,1122.27,Toys,Credit Card,1.3,5.8,31,628,7,0,0.0,0,0,0,6.2,2.9,1,0,low,not_as_described_repeated,40.1,1,2,0,0
TX101346,CUST002567,2967.53,Home,Credit Card,0.0,5.2,27,287,5,0,0.0,0,1,0,,,0,0,medium,no_return,39.4,0,3,0,0
TX101347,CUST002102,1701.59,Footwear,Debit Card,14.8,3.8,43,216,4,0,0.0,0,0,0,2.8,2.8,2,0,low,changed_mind_repeated,22.5,1,3,0,0
TX101348,CUST002204,1869.12,Home,Debit Card,7.4,14.5,30,556,5,0,0.0,0,2,0,,,1,0,low,no_return,5.9,0,1,0,0
TX101349,CUST001786,7272.41,Fashion,Debit Card,12.4,9.6,18,1059,9,1,0.111,0,2,0,,,2,1,low,no_return,42.1,1,2,0,0
TX101350,CUST000181,2783.56,Sports,Credit Card,10.6,16.4,40,24,9,1,0.111,0,0,0,,,1,0,low,no_return,39.2,0,1,0,0
TX101351,CUST001177,1301.51,Home,Credit Card,18.0,0.7,40,366,8,0,0.0,0,0,0,4.7,4.1,2,0,low,size_issue,32.7,0,2,0,0
TX101352,CUST001487,2374.85,Grocery,UPI,8.2,22.3,32,195,10,0,0.0,0,0,0,4.8,0.0,2,0,low,not_needed,18.9,0,1,0,0
TX101353,CUST002745,3336.95,Home,Debit Card,9.1,0.8,24,698,5,1,0.2,1,0,0,,,2,0,low,no_return,60.0,1,3,0,0
TX101354,CUST000659,2802.56,Toys,Net Banking,0.0,4.6,20,135,14,1,0.071,0,0,1,,,0,0,low,no_return,19.1,1,2,0,0
TX101355,CUST001491,376.87,Mobile,Credit Card,14.4,11.4,24,1112,5,0,0.0,0,0,0,30.0,26.8,4,0,low,not_as_described,5.4,0,1,0,0
TX101356,CUST001032,1819.39,Fashion,Net Banking,16.1,3.0,33,525,10,1,0.1,0,0,0,0.6,0.0,0,0,medium,size_issue,15.5,1,5,0,0
TX101357,CUST000403,2440.46,Beauty,UPI,12.9,14.3,18,1029,10,0,0.0,0,0,0,,,0,0,low,no_return,43.4,1,3,0,0
TX101358,CUST000309,2318.35,Books,COD,37.9,12.1,36,106,8,0,0.0,0,0,0,3.7,1.7,1,0,medium,changed_mind,46.9,1,2,0,0
TX101359,CUST001096,1372.93,Electronics,COD,17.0,19.0,32,66,8,1,0.125,1,1,0,,,0,0,low,no_return,17.4,0,5,0,1
TX101360,CUST000248,2832.42,Toys,Debit Card,13.1,3.2,44,129,12,1,0.083,0,0,0,,,0,0,low,no_return,26.5,1,1,0,0
TX101361,CUST000202,3636.92,Sports,Debit Card,21.0,9.0,39,747,7,0,0.0,0,0,0,6.2,6.1,0,1,medium,defective,29.0,1,2,0,0
TX101362,CUST001053,570.89,Electronics,UPI,40.4,20.1,24,493,10,2,0.2,0,1,0,,,1,0,low,no_return,37.6,1,1,0,0
TX101363,CUST000606,533.87,Footwear,COD,18.0,2.2,18,292,8,0,0.0,0,0,0,15.0,12.4,0,0,low,not_needed,22.5,0,2,0,0
TX101364,CUST001664,2361.68,Home,Credit Card,0.0,21.8,23,468,13,1,0.077,0,0,0,,,2,0,medium,no_return,56.5,0,4,0,0
TX101365,CUST000053,2978.21,Fashion,Debit Card,20.2,2.6,45,1160,9,0,0.0,0,0,0,0.8,0.0,0,0,medium,not_needed,38.7,2,3,0,0
TX101366,CUST000906,1242.09,Fashion,UPI,4.4,3.0,34,57,3,0,0.0,0,2,0,3.9,3.1,3,0,medium,not_as_described,6.6,1,4,0,0
TX101367,CUST001360,392.13,Toys,UPI,0.0,11.0,37,640,5,1,0.2,0,1,0,2.6,1.4,2,0,low,size_issue,17.5,0,0,0,0
TX101368,CUST002889,1839.1,Mobile,Net Banking,35.4,20.5,25,112,8,1,0.125,1,1,0,,,3,0,low,no_return,11.0,3,5,0,0
TX101369,CUST001903,2340.27,Home,Credit Card,32.8,1.5,36,245,13,3,0.231,0,0,0,8.4,5.9,3,0,low,not_as_described,58.0,2,2,0,0
TX101370,CUST002642,1525.47,Electronics,Credit Card,4.1,2.2,18,99,7,0,0.0,0,0,0,,,0,0,low,no_return,36.0,0,2,0,0
TX101371,CUST001030,3387.9,Electronics,UPI,4.2,10.4,41,94,7,1,0.143,0,3,0,,,2,0,high,no_return,4.9,4,3,1,0
TX101372,CUST001349,2251.57,Grocery,Debit Card,16.9,1.3,20,582,7,0,0.0,0,2,0,,,0,0,low,no_return,29.5,0,1,0,0
TX101373,CUST001261,1153.61,Home,COD,4.4,3.1,18,33,9,0,0.0,0,0,0,5.6,5.2,3,0,high,not_as_described,2.7,0,1,0,1
TX101374,CUST002662,1235.58,Home,Net Banking,13.4,12.0,54,625,10,0,0.0,0,0,0,1.5,0.0,0,0,low,changed_mind,13.6,1,1,0,0
TX101375,CUST002877,1864.98,Fashion,Debit Card,6.4,0.6,33,95,6,0,0.0,0,0,0,,,0,0,low,no_return,55.6,0,2,0,0
TX101376,CUST002887,1457.95,Beauty,UPI,10.2,5.4,33,236,11,2,0.182,1,0,0,,,1,0,medium,no_return,40.1,0,0,0,0
TX101377,CUST002256,510.1,Grocery,UPI,0.0,7.2,18,212,8,6,0.75,2,0,0,30.0,29.0,0,0,low,not_as_described_repeated,18.5,0,0,0,0
TX101378,CUST001509,2131.1,Sports,UPI,24.9,0.5,38,86,5,0,0.0,0,0,0,1.3,0.0,1,0,low,changed_mind_repeated,12.8,1,3,0,0
TX101379,CUST001623,1257.57,Fashion,Debit Card,29.4,44.4,40,548,7,1,0.143,0,0,0,,,2,0,low,no_return,22.9,1,1,1,0
TX101380,CUST002941,1404.99,Beauty,Wallet,13.8,1.9,30,49,7,0,0.0,0,0,0,2.6,1.5,1,0,low,not_as_described_repeated,64.1,0,1,0,0
TX101381,CUST000854,880.42,Beauty,UPI,14.6,1.9,40,536,10,0,0.0,0,1,0,,,2,0,high,no_return,19.6,0,1,0,0
TX101382,CUST001040,4507.09,Sports,Credit Card,22.5,5.3,43,1076,8,0,0.0,0,0,0,0.7,0.0,2,1,low,not_needed,16.1,0,2,0,0
TX101383,CUST002691,2682.25,Electronics,Debit Card,15.0,29.3,37,291,11,0,0.0,0,0,0,,,0,0,low,no_return,10.4,2,1,0,0
TX101384,CUST001159,5186.38,Electronics,Debit Card,35.8,6.0,18,87,4,0,0.0,0,0,0,,,3,1,low,no_return,46.6,0,3,0,0
TX101385,CUST000706,1520.43,Beauty,Debit Card,0.0,15.8,20,1,7,0,0.0,0,1,0,5.7,5.0,1,0,low,size_issue,23.9,0,3,0,0
TX101386,CUST001681,2777.45,Fashion,Credit Card,25.3,5.9,48,351,5,0,0.0,0,0,0,11.2,10.8,1,0,low,size_issue,14.3,0,1,0,0
TX101387,CUST000976,2154.77,Grocery,UPI,13.6,11.1,32,46,11,0,0.0,0,0,1,,,2,0,low,no_return,28.9,0,2,0,0
TX101388,CUST002672,1184.41,Home,Credit Card,1.5,7.4,32,324,10,3,0.3,0,0,0,,,1,0,low,no_return,8.1,1,2,0,0
TX101389,CUST002727,1510.19,Fashion,Credit Card,42.0,14.3,23,73,16,2,0.125,1,0,0,,,1,0,low,no_return,19.9,1,2,0,0
TX101390,CUST000918,2679.17,Grocery,COD,43.6,22.7,25,341,7,0,0.0,0,0,0,,,1,0,low,no_return,25.9,0,2,0,0
TX101391,CUST001589,879.53,Home,UPI,12.5,6.8,43,133,8,2,0.25,0,1,0,,,1,0,low,no_return,45.4,0,0,0,1
TX101392,CUST002951,3408.48,Electronics,Credit Card,20.3,31.1,46,319,7,1,0.143,0,0,0,,,1,0,low,no_return,38.2,0,3,0,0
TX101393,CUST002227,2043.48,Toys,Wallet,9.3,20.1,39,96,5,1,0.2,0,0,0,,,1,0,low,no_return,38.1,0,1,0,0
TX101394,CUST000647,3137.83,Home,Debit Card,11.3,21.3,37,479,11,1,0.091,0,0,0,,,2,0,low,no_return,23.9,0,4,0,0
TX101395,CUST001772,2346.1,Footwear,UPI,1.4,15.0,38,14,4,0,0.0,0,0,0,,,0,0,low,no_return,33.0,0,1,0,0
TX101396,CUST001860,574.08,Fashion,Net Banking,0.0,1.2,31,378,3,0,0.0,0,1,0,,,2,0,low,no_return,20.9,1,0,0,0
TX101397,CUST001960,1820.29,Footwear,UPI,37.1,22.2,19,504,7,2,0.286,0,0,0,,,1,0,low,no_return,27.4,2,1,0,0
TX101398,CUST000076,3453.74,Toys,COD,14.5,23.9,18,1201,7,1,0.143,0,0,0,,,0,1,low,no_return,29.7,0,2,0,0
TX101399,CUST000898,2024.32,Electronics,UPI,15.6,0.8,45,140,8,3,0.375,0,2,0,,,1,0,low,no_return,19.9,0,0,0,0
TX101400,CUST002563,1850.68,Beauty,Net Banking,5.3,20.2,31,302,13,0,0.0,0,0,0,0.8,0.0,1,0,low,defective,7.5,0,0,0,0
TX101401,CUST000724,2023.06,Grocery,UPI,17.3,13.9,36,24,11,0,0.0,0,0,0,,,0,0,low,no_return,42.5,0,1,0,0
TX101402,CUST000899,482.37,Beauty,Credit Card,0.0,8.8,34,85,6,0,0.0,0,0,0,4.6,0.2,0,0,low,changed_mind,58.3,2,2,0,0
TX101403,CUST000968,3672.65,Home,Wallet,5.7,3.0,34,159,11,2,0.182,0,0,0,,,1,1,low,no_return,40.2,2,1,0,0
TX101404,CUST000532,328.47,Mobile,Debit Card,0.6,6.5,35,31,7,2,0.286,1,3,0,25.3,22.4,0,0,low,defective,18.0,1,1,0,0
TX101405,CUST000467,4142.03,Grocery,UPI,30.5,9.4,38,1585,12,0,0.0,0,0,0,3.0,2.9,1,1,medium,defective,22.5,1,2,0,1
TX101406,CUST001041,1449.66,Mobile,UPI,0.0,3.8,24,98,10,2,0.2,0,0,0,,,0,0,low,no_return,19.6,0,1,0,0
TX101407,CUST002623,2449.72,Footwear,UPI,0.8,0.5,43,9,12,1,0.083,0,3,0,,,2,0,low,no_return,3.6,1,1,1,0
TX101408,CUST000005,453.49,Toys,UPI,0.0,13.3,24,291,8,1,0.125,1,1,0,,,1,0,low,no_return,10.0,2,1,0,0
TX101409,CUST000850,2958.36,Books,Debit Card,4.3,19.5,34,410,9,0,0.0,0,0,0,,,2,0,low,no_return,11.8,0,1,0,0
TX101410,CUST000182,2654.52,Grocery,Credit Card,9.5,2.7,20,8,6,1,0.167,1,0,0,,,2,0,low,no_return,30.8,1,0,0,0
TX101411,CUST001684,2555.09,Footwear,Net Banking,26.7,6.9,30,146,10,0,0.0,0,0,0,3.0,0.0,0,0,low,not_needed,19.7,0,2,0,0
TX101412,CUST000752,439.18,Grocery,COD,12.3,43.0,25,200,7,0,0.0,0,1,0,,,1,0,low,no_return,10.4,1,6,0,0
TX101413,CUST002376,1077.76,Electronics,Net Banking,10.1,33.4,32,15,9,0,0.0,0,0,0,,,0,0,low,no_return,3.9,0,3,1,0
TX101414,CUST001755,2353.89,Sports,Credit Card,18.6,9.3,39,508,8,1,0.125,0,1,0,,,0,0,low,no_return,12.5,0,2,0,0
TX101415,CUST002351,3612.02,Electronics,Credit Card,9.7,3.0,32,292,13,0,0.0,0,0,0,,,2,1,low,no_return,27.6,0,0,0,0
TX101416,CUST001905,969.4,Mobile,Debit Card,43.9,10.1,51,752,10,4,0.4,0,0,0,,,1,0,high,no_return,48.8,2,1,0,0
TX101417,CUST001315,988.25,Grocery,Credit Card,7.9,1.6,39,35,8,1,0.125,0,0,0,,,2,0,low,no_return,15.8,1,5,0,1
TX101418,CUST002583,2257.56,Sports,UPI,20.0,32.5,29,179,10,0,0.0,0,0,0,,,1,0,high,no_return,11.5,1,2,0,0
TX101419,CUST001429,6881.21,Fashion,COD,24.9,4.3,31,498,10,0,0.0,0,1,0,5.7,2.6,0,1,low,not_as_described_repeated,13.1,1,2,0,0
TX101420,CUST002849,1198.8,Beauty,Debit Card,7.6,12.0,35,600,11,1,0.091,0,0,0,7.0,5.6,5,0,low,not_as_described,12.9,0,2,0,0
TX101421,CUST002984,1437.98,Home,Credit Card,17.0,10.2,39,400,6,0,0.0,0,0,0,12.6,11.3,1,0,medium,defective,45.7,0,0,0,0
TX101422,CUST001767,1299.39,Grocery,Credit Card,9.0,8.0,19,729,8,1,0.125,1,4,0,,,1,0,low,no_return,45.6,1,1,0,0
TX101423,CUST002024,1704.19,Sports,UPI,18.3,3.3,38,166,10,1,0.1,0,0,0,0.4,0.0,1,0,low,changed_mind_repeated,50.1,0,4,0,0
TX101424,CUST000767,3787.5,Beauty,Debit Card,16.2,2.5,19,100,8,2,0.25,0,1,0,2.2,1.5,0,1,low,not_needed,23.6,1,1,0,0
TX101425,CUST002444,1764.05,Fashion,Credit Card,13.3,6.7,37,190,11,1,0.091,0,0,0,1.4,1.3,1,0,low,defective,33.1,2,0,0,0
TX101426,CUST002015,7283.66,Beauty,Net Banking,1.1,25.3,43,1059,5,1,0.2,1,1,0,,,1,1,low,no_return,31.3,1,0,0,0
TX101427,CUST002707,1977.7,Beauty,Debit Card,37.4,6.4,34,367,8,0,0.0,0,0,0,,,2,0,low,no_return,40.4,1,3,0,0
TX101428,CUST000801,4011.42,Footwear,Credit Card,22.0,8.1,18,658,5,0,0.0,0,0,0,1.0,0.0,0,1,low,not_needed,45.9,0,0,0,0
TX101429,CUST002362,1510.48,Footwear,COD,0.0,1.0,18,304,6,1,0.167,0,0,0,1.5,0.5,2,0,low,not_as_described_repeated,28.8,0,1,0,0
TX101430,CUST001411,754.26,Books,Net Banking,10.0,4.8,37,119,7,0,0.0,0,0,0,,,2,0,low,no_return,32.8,1,2,0,0
TX101431,CUST000556,1762.15,Fashion,COD,0.0,25.5,18,326,7,0,0.0,0,0,0,,,1,0,low,no_return,25.6,0,3,0,0
TX101432,CUST000514,2579.02,Electronics,Credit Card,24.1,0.5,38,218,11,0,0.0,0,0,0,,,0,0,low,no_return,48.0,0,1,0,0
TX101433,CUST001686,1084.42,Footwear,Credit Card,14.7,0.9,41,513,18,3,0.167,0,0,0,,,2,0,low,no_return,20.1,1,1,0,0
TX101434,CUST000959,3630.98,Mobile,Debit Card,15.0,25.8,43,9,9,1,0.111,1,0,0,6.7,6.1,2,1,low,defective,9.9,0,1,0,0
TX101435,CUST000306,1342.49,Electronics,COD,4.9,13.5,29,81,12,1,0.083,1,0,0,,,1,0,medium,no_return,31.6,1,2,0,0
TX101436,CUST001282,880.67,Grocery,Wallet,11.2,5.8,36,707,10,2,0.2,1,0,0,1.5,0.7,0,0,low,changed_mind_repeated,12.0,1,3,0,0
TX101437,CUST001959,6460.42,Home,Credit Card,24.4,45.2,34,239,9,0,0.0,0,1,0,,,2,1,low,no_return,32.0,1,0,0,0
TX101438,CUST000957,1045.37,Electronics,Debit Card,27.7,2.2,18,52,5,0,0.0,0,0,0,,,2,0,low,no_return,2.4,0,0,0,0
TX101439,CUST002866,1315.8,Mobile,UPI,25.2,5.4,39,758,9,1,0.111,0,1,0,,,0,0,high,no_return,19.0,0,2,0,0
TX101440,CUST002338,2847.86,Mobile,UPI,0.0,13.1,45,98,4,0,0.0,0,0,0,,,3,0,low,no_return,42.7,0,2,1,0
TX101441,CUST001538,1475.96,Mobile,UPI,12.8,5.1,38,1140,8,1,0.125,0,0,0,,,0,0,low,no_return,28.4,3,0,1,1
TX101442,CUST002804,903.32,Electronics,UPI,18.0,11.2,26,104,11,1,0.091,0,1,0,,,1,0,low,no_return,37.6,2,3,0,0
TX101443,CUST001299,1229.03,Beauty,Credit Card,6.2,1.6,39,429,8,1,0.125,0,0,0,,,0,0,low,no_return,15.0,1,1,0,0
TX101444,CUST000419,5396.05,Footwear,Credit Card,0.0,61.0,44,48,9,2,0.222,2,0,0,,,2,1,low,no_return,30.1,1,1,0,0
TX101445,CUST000108,2636.7,Grocery,Debit Card,0.0,0.7,43,393,7,1,0.143,1,1,0,,,2,0,low,no_return,23.6,0,3,0,0
TX101446,CUST002814,2967.62,Home,Debit Card,33.0,18.2,42,328,13,0,0.0,0,0,0,,,1,0,low,no_return,58.7,0,1,0,0
TX101447,CUST002879,2187.92,Beauty,UPI,0.7,3.5,18,925,7,0,0.0,0,0,0,18.4,18.4,0,0,low,changed_mind_repeated,24.3,0,2,0,0
TX101448,CUST002218,2428.88,Electronics,Debit Card,15.6,31.4,35,49,4,1,0.25,1,0,0,,,0,0,low,no_return,43.2,1,1,0,1
TX101449,CUST000309,1402.03,Grocery,UPI,13.1,7.2,38,12,6,2,0.333,1,0,0,,,2,0,low,no_return,52.8,1,1,0,1
TX101450,CUST000881,2016.31,Footwear,UPI,13.2,18.9,42,249,8,0,0.0,0,0,0,,,2,0,low,no_return,48.1,1,1,1,0
TX101451,CUST000124,412.77,Electronics,Wallet,11.2,30.5,37,288,7,0,0.0,0,0,0,1.3,1.3,2,0,low,not_needed,21.1,0,0,0,0
TX101452,CUST000154,3318.53,Electronics,UPI,24.5,8.5,47,148,12,3,0.25,0,1,0,3.8,1.3,3,0,low,not_as_described,11.8,1,1,0,0
TX101453,CUST000738,1393.42,Beauty,Credit Card,15.4,1.7,18,750,7,2,0.286,0,0,0,,,1,0,high,no_return,17.5,1,2,0,0
TX101454,CUST001716,801.75,Sports,Debit Card,7.5,14.6,37,24,7,0,0.0,0,0,0,,,1,0,low,no_return,29.3,2,1,0,0
TX101455,CUST000197,2091.26,Home,Credit Card,15.6,19.3,36,337,6,2,0.333,0,0,0,,,2,0,low,no_return,28.3,0,3,0,0
TX101456,CUST002953,1623.95,Electronics,Credit Card,0.0,14.9,41,232,10,1,0.1,0,0,0,,,2,0,low,no_return,33.5,1,2,0,0
TX101457,CUST001365,3245.95,Books,COD,20.7,4.0,47,512,5,0,0.0,0,0,0,0.3,0.0,0,0,low,not_as_described_repeated,7.6,0,0,0,0
TX101458,CUST000792,1787.74,Fashion,Debit Card,6.8,3.3,23,448,7,2,0.286,0,1,0,,,0,0,low,no_return,19.2,0,1,0,0
TX101459,CUST001548,1210.84,Grocery,Credit Card,7.5,7.8,47,68,9,0,0.0,0,0,0,13.0,10.4,0,0,high,defective,14.1,0,2,0,0
TX101460,CUST002370,1816.15,Sports,Net Banking,21.2,5.0,40,143,11,0,0.0,0,0,0,,,0,0,low,no_return,39.9,0,1,0,0
TX101461,CUST000938,4293.53,Home,UPI,10.1,1.9,30,758,8,0,0.0,0,0,0,,,2,1,low,no_return,40.8,0,1,0,0
TX101462,CUST000143,3312.57,Sports,Credit Card,10.8,1.2,22,62,11,0,0.0,0,0,0,,,1,0,medium,no_return,1.7,1,3,0,0
TX101463,CUST000153,2632.41,Grocery,UPI,29.0,14.1,33,939,13,0,0.0,0,0,1,26.3,25.9,2,0,low,changed_mind_repeated,45.2,0,2,0,0
TX101464,CUST002556,3401.4,Sports,UPI,3.3,5.7,34,77,15,0,0.0,0,0,0,,,1,0,low,no_return,42.5,2,3,0,0
TX101465,CUST000335,2760.35,Sports,Wallet,21.0,5.2,35,15,12,0,0.0,0,0,0,,,2,0,medium,no_return,25.6,0,1,0,0
TX101466,CUST001907,993.19,Home,COD,26.4,6.5,25,293,6,0,0.0,0,0,0,10.4,9.9,1,0,high,defective,22.6,1,2,0,1
TX101467,CUST001154,2982.55,Home,UPI,29.0,8.9,38,671,5,0,0.0,0,1,0,,,0,0,low,no_return,51.6,1,2,0,0
TX101468,CUST002332,3651.52,Beauty,Credit Card,41.1,2.2,27,1273,10,2,0.2,0,0,0,15.1,14.2,2,1,low,not_as_described,18.3,0,1,0,0
TX101469,CUST000182,3778.02,Home,UPI,7.3,1.5,44,264,6,0,0.0,0,0,0,,,1,1,medium,no_return,23.1,0,0,0,0
TX101470,CUST002693,850.28,Home,Debit Card,4.6,1.7,49,715,13,1,0.077,0,0,0,,,1,0,low,no_return,30.6,0,4,0,0
TX101471,CUST002094,1318.41,Fashion,Credit Card,24.8,8.2,23,155,8,2,0.25,1,0,0,1.1,0.8,2,0,low,changed_mind_repeated,3.1,0,4,1,0
TX101472,CUST001348,1188.22,Books,Net Banking,26.3,2.0,32,127,12,2,0.167,0,1,0,,,0,0,low,no_return,9.4,1,0,0,0
TX101473,CUST000621,1500.73,Electronics,UPI,5.5,9.8,41,860,9,0,0.0,0,0,0,0.3,0.0,2,0,medium,size_issue,31.3,1,4,0,0
TX101474,CUST002931,2462.62,Footwear,Credit Card,20.8,7.6,34,671,12,0,0.0,0,0,0,,,0,0,low,no_return,35.9,0,3,0,0
TX101475,CUST000906,2057.49,Grocery,Net Banking,47.7,1.4,18,58,7,0,0.0,0,0,0,,,2,0,low,no_return,22.7,0,2,0,0
TX101476,CUST001472,2057.88,Electronics,Net Banking,16.3,33.8,40,1422,4,0,0.0,0,0,0,3.4,0.0,0,0,high,not_needed,32.7,1,1,0,1
TX101477,CUST001182,696.78,Grocery,UPI,26.1,15.9,25,229,10,0,0.0,0,0,0,,,0,0,low,no_return,24.6,0,1,0,0
TX101478,CUST000692,1285.12,Home,Credit Card,33.9,51.6,34,675,11,0,0.0,0,1,0,4.3,2.4,0,0,medium,not_as_described,5.5,0,2,0,1
TX101479,CUST001250,3949.22,Footwear,Net Banking,45.0,14.1,22,199,7,3,0.429,0,1,0,,,1,1,medium,no_return,29.0,1,0,0,1
TX101480,CUST000455,3641.87,Mobile,Debit Card,17.9,1.7,39,103,8,3,0.375,0,0,0,,,0,1,low,no_return,16.0,0,2,0,0
TX101481,CUST000005,1768.09,Footwear,Debit Card,30.0,3.6,27,845,14,4,0.286,2,1,0,0.6,0.0,1,0,low,changed_mind_repeated,21.7,1,3,0,0
TX101482,CUST000870,2987.6,Sports,Debit Card,5.5,17.0,41,1302,8,0,0.0,0,0,0,,,2,0,medium,no_return,16.0,1,2,1,0
TX101483,CUST000337,2324.56,Footwear,Net Banking,15.3,9.8,29,277,8,0,0.0,0,0,0,,,2,0,low,no_return,26.2,1,3,0,0
TX101484,CUST001244,3192.33,Grocery,Credit Card,9.6,4.2,27,120,7,0,0.0,0,0,0,,,1,0,medium,no_return,23.1,2,1,0,0
TX101485,CUST002588,3068.93,Footwear,UPI,0.0,2.4,36,835,9,1,0.111,1,1,0,,,2,0,low,no_return,24.6,0,4,0,1
TX101486,CUST000488,1861.77,Fashion,Credit Card,0.0,10.7,21,579,6,0,0.0,0,0,0,,,5,0,low,no_return,7.3,0,1,0,0
TX101487,CUST000004,2642.58,Footwear,COD,20.2,20.8,49,13,13,4,0.308,0,1,0,,,0,0,low,no_return,21.1,2,4,0,1
TX101488,CUST000334,2421.82,Grocery,Credit Card,20.4,13.0,33,4,9,1,0.111,0,1,0,,,0,0,low,no_return,18.9,1,2,0,0
TX101489,CUST001524,1894.0,Fashion,Credit Card,2.5,3.3,26,347,6,1,0.167,0,0,0,,,3,0,low,no_return,27.7,0,1,0,0
TX101490,CUST000825,1638.42,Mobile,Debit Card,33.7,12.5,28,272,9,0,0.0,0,1,0,,,1,0,low,no_return,23.7,0,3,0,0
TX101491,CUST001469,4951.93,Grocery,Credit Card,1.7,24.1,32,509,8,0,0.0,0,0,0,,,2,1,low,no_return,18.0,1,2,0,0
TX101492,CUST000088,1895.53,Footwear,Wallet,18.1,1.6,41,153,7,1,0.143,0,0,0,,,1,0,high,no_return,16.0,0,0,0,0
TX101493,CUST000999,2874.24,Electronics,Credit Card,10.0,67.8,23,42,7,1,0.143,0,0,0,3.6,1.5,0,0,medium,not_needed,15.6,0,2,0,0
TX101494,CUST001230,4723.83,Sports,COD,16.3,18.3,28,844,6,1,0.167,0,1,0,,,0,1,low,no_return,7.7,0,0,0,0
TX101495,CUST001294,2639.83,Books,Debit Card,25.8,1.5,31,196,11,2,0.182,0,1,0,2.3,0.0,0,0,high,not_as_described_repeated,56.6,0,2,0,0
TX101496,CUST001653,2566.5,Electronics,UPI,24.1,9.4,47,297,6,0,0.0,0,0,0,1.3,0.0,1,0,low,not_as_described,37.7,0,4,0,0
TX101497,CUST002341,1902.67,Books,Credit Card,23.5,43.4,41,415,10,2,0.2,0,1,0,,,2,0,medium,no_return,15.3,0,5,0,0
TX101498,CUST001402,2449.22,Grocery,UPI,22.0,13.2,47,283,8,0,0.0,0,1,0,,,4,0,low,no_return,16.7,0,4,0,0
TX101499,CUST002523,1549.11,Fashion,COD,0.0,2.9,32,476,4,0,0.0,0,0,0,,,2,0,medium,no_return,50.1,0,2,0,0
TX101500,CUST001589,7852.97,Grocery,COD,28.6,2.4,46,953,10,0,0.0,0,0,0,,,2,1,low,no_return,19.8,1,3,0,0
TX101501,CUST000781,708.45,Electronics,UPI,2.3,2.2,44,134,15,0,0.0,0,0,0,12.4,12.1,2,0,medium,changed_mind_repeated,35.7,2,1,0,0
TX101502,CUST000687,1706.17,Toys,Credit Card,13.7,2.4,38,582,4,1,0.25,1,1,0,,,2,0,low,no_return,12.8,0,0,0,0
TX101503,CUST000968,2666.94,Footwear,Wallet,10.8,7.7,39,1106,6,2,0.333,0,0,0,,,0,0,low,no_return,36.8,0,0,0,0
TX101504,CUST001792,2567.94,Beauty,UPI,19.2,25.4,26,172,13,1,0.077,0,0,0,22.5,21.0,3,0,low,defective,16.4,0,2,0,0
TX101505,CUST000728,1547.34,Beauty,Net Banking,9.2,16.7,50,1262,9,1,0.111,0,0,0,,,1,0,medium,no_return,7.1,0,1,0,0
TX101506,CUST002742,537.91,Home,UPI,13.1,4.8,29,212,13,1,0.077,0,0,0,,,0,0,low,no_return,14.5,1,0,1,0
TX101507,CUST001440,793.84,Home,UPI,34.4,13.4,37,601,8,1,0.125,1,0,0,,,1,0,low,no_return,55.0,1,0,0,0
TX101508,CUST002589,2150.12,Footwear,Debit Card,0.0,6.1,38,230,5,1,0.2,1,0,0,,,1,0,low,no_return,18.1,0,1,1,1
TX101509,CUST002050,431.3,Fashion,UPI,15.0,4.2,18,175,7,0,0.0,0,1,0,,,3,0,low,no_return,20.7,1,2,0,0
TX101510,CUST001000,2784.59,Home,Net Banking,1.6,2.8,31,449,6,0,0.0,0,0,0,,,2,0,low,no_return,12.5,0,1,0,0
TX101511,CUST000685,3830.57,Fashion,Debit Card,23.1,7.7,34,29,0,0,0.0,0,0,0,,,1,1,low,no_return,21.1,1,1,0,0
TX101512,CUST002232,3095.01,Grocery,Debit Card,6.3,5.7,30,88,10,0,0.0,0,0,0,,,2,0,low,no_return,12.7,0,2,0,0
TX101513,CUST000992,3477.98,Toys,Debit Card,15.5,17.2,31,273,12,0,0.0,0,1,0,,,2,1,low,no_return,53.5,0,3,0,0
TX101514,CUST000741,443.23,Fashion,Debit Card,0.0,6.4,46,873,12,1,0.083,0,0,0,2.9,2.5,1,0,low,not_as_described_repeated,14.5,0,4,0,1
TX101515,CUST002791,1588.36,Fashion,COD,30.5,24.7,23,105,9,2,0.222,1,3,1,5.8,2.2,3,0,low,not_as_described_repeated,33.8,1,0,0,0
TX101516,CUST001448,939.82,Electronics,Debit Card,15.9,13.4,19,1061,8,2,0.25,1,0,0,,,2,0,low,no_return,45.5,1,1,0,0
TX101517,CUST000146,604.25,Fashion,COD,16.7,2.1,26,258,13,0,0.0,0,0,0,,,0,0,low,no_return,38.8,1,1,0,0
TX101518,CUST001484,1375.35,Home,Debit Card,24.9,7.4,39,712,7,1,0.143,1,1,1,,,2,0,low,no_return,46.2,0,0,0,0
TX101519,CUST001382,4653.32,Toys,Credit Card,0.0,2.2,40,262,6,0,0.0,0,0,0,,,2,1,low,no_return,11.3,0,0,0,0
TX101520,CUST002592,5436.78,Sports,Credit Card,7.6,3.9,38,263,8,0,0.0,0,0,0,0.2,0.0,0,1,low,changed_mind,14.9,1,1,0,0
TX101521,CUST002134,1027.28,Electronics,Credit Card,17.0,7.5,41,351,9,0,0.0,0,0,0,,,1,0,low,no_return,24.7,0,2,0,0
TX101522,CUST000574,1983.27,Grocery,Credit Card,0.0,0.9,34,79,10,0,0.0,0,0,0,2.4,1.6,3,0,low,size_issue,16.3,0,1,0,0
TX101523,CUST000452,2427.46,Toys,Credit Card,0.0,2.8,26,484,13,5,0.385,2,3,0,,,0,0,low,no_return,29.0,2,2,0,0
TX101524,CUST001811,1596.01,Home,Credit Card,5.1,16.9,22,275,13,0,0.0,0,0,0,,,1,0,low,no_return,1.8,1,0,0,0
TX101525,CUST000143,3998.93,Fashion,UPI,1.3,21.5,19,127,15,0,0.0,0,0,0,,,7,1,low,no_return,13.8,1,2,0,0
TX101526,CUST000957,1389.6,Books,COD,10.9,42.4,29,35,6,0,0.0,0,0,0,1.1,0.0,0,0,low,not_as_described,29.3,1,4,0,0
TX101527,CUST000415,1236.93,Electronics,COD,21.3,25.0,39,559,10,0,0.0,0,0,0,13.3,13.3,1,0,low,not_as_described,16.0,0,3,0,0
TX101528,CUST000062,1065.92,Toys,Credit Card,24.0,9.8,34,115,12,2,0.167,1,0,0,,,3,0,medium,no_return,7.7,1,2,1,1
TX101529,CUST002756,1588.55,Toys,Net Banking,36.7,55.6,32,578,6,3,0.5,0,2,0,14.0,13.9,1,0,medium,changed_mind_repeated,21.4,2,3,0,0
TX101530,CUST000270,253.73,Footwear,Net Banking,14.7,47.1,21,286,10,0,0.0,0,0,0,2.2,2.1,4,0,medium,size_issue,10.0,0,1,0,0
TX101531,CUST000028,1639.3,Electronics,Net Banking,16.9,21.6,57,150,6,1,0.167,0,0,0,,,2,0,medium,no_return,11.0,0,1,0,0
TX101532,CUST002798,2062.48,Electronics,UPI,14.7,17.1,23,243,5,0,0.0,0,0,0,6.1,5.1,1,0,low,defective,27.9,0,3,0,0
TX101533,CUST000565,2146.89,Footwear,Credit Card,18.8,12.0,33,52,7,0,0.0,0,0,0,,,3,0,low,no_return,24.6,1,2,0,0
TX101534,CUST002449,899.99,Beauty,Credit Card,19.8,1.9,42,122,9,2,0.222,0,0,0,,,2,0,low,no_return,35.8,1,1,0,0
TX101535,CUST000094,2120.62,Home,COD,26.1,30.5,32,477,4,0,0.0,0,0,0,,,0,0,low,no_return,22.0,0,1,0,0
TX101536,CUST000461,2092.41,Sports,Debit Card,26.0,54.1,23,1150,12,0,0.0,0,0,0,10.0,9.4,1,0,high,size_issue,14.8,0,2,0,0
TX101537,CUST000332,2122.29,Electronics,Debit Card,21.2,9.1,40,22,11,1,0.091,0,0,0,3.8,3.6,2,0,high,changed_mind_repeated,18.4,1,3,0,0
TX101538,CUST002119,3132.17,Grocery,COD,33.1,5.6,18,17,12,1,0.083,1,0,0,24.8,22.4,0,0,low,size_issue,24.9,1,1,0,0
TX101539,CUST001860,873.53,Mobile,Net Banking,15.3,0.7,49,1389,10,0,0.0,0,0,0,,,2,0,low,no_return,30.8,1,0,0,0
TX101540,CUST001427,1608.74,Grocery,Debit Card,7.7,2.2,34,459,5,3,0.6,0,1,0,5.5,5.5,0,0,low,defective,10.9,1,4,0,0
TX101541,CUST000725,512.34,Beauty,Net Banking,9.6,16.6,29,1020,7,0,0.0,0,0,0,5.3,4.3,1,0,low,not_needed,22.7,2,1,0,0
TX101542,CUST000267,2954.29,Mobile,COD,13.7,13.5,18,737,12,0,0.0,0,0,0,,,0,0,low,no_return,21.1,1,0,0,0
TX101543,CUST001708,973.04,Grocery,Credit Card,2.0,15.0,20,221,4,1,0.25,0,0,0,,,1,0,medium,no_return,22.1,0,3,0,1
TX101544,CUST000692,3433.63,Electronics,COD,7.6,11.8,31,824,14,0,0.0,0,0,0,,,3,1,low,no_return,34.9,0,4,0,0
TX101545,CUST001770,3508.27,Grocery,UPI,1.3,2.7,50,78,10,2,0.2,1,0,0,12.8,12.5,0,1,low,not_needed,41.4,2,1,0,0
TX101546,CUST002062,1714.89,Electronics,UPI,19.1,14.1,34,80,8,0,0.0,0,0,0,,,0,0,low,no_return,20.9,0,1,0,0
TX101547,CUST002548,1655.97,Fashion,Wallet,19.2,14.0,35,60,7,0,0.0,0,0,0,6.1,6.0,0,0,low,not_needed,10.7,1,1,0,0
TX101548,CUST001482,664.27,Grocery,Credit Card,0.0,1.3,35,600,6,1,0.167,0,1,0,,,0,0,low,no_return,21.7,0,0,0,0
TX101549,CUST000015,1941.85,Fashion,Credit Card,7.2,9.3,55,154,5,0,0.0,0,0,0,3.5,1.8,2,0,low,size_issue,29.4,1,1,0,0
TX101550,CUST000842,3115.31,Electronics,Wallet,36.9,17.2,27,1376,7,1,0.143,0,0,0,,,1,0,medium,no_return,34.8,0,2,0,0
TX101551,CUST002560,2293.36,Grocery,Credit Card,22.6,9.2,47,863,7,0,0.0,0,0,0,14.1,12.5,2,0,medium,changed_mind_repeated,23.8,1,2,0,1
TX101552,CUST001600,4295.48,Fashion,UPI,20.5,21.2,28,530,2,0,0.0,0,0,0,5.0,3.3,0,1,low,not_needed,29.0,0,1,1,0
TX101553,CUST001857,1485.68,Beauty,UPI,7.0,3.5,24,268,9,1,0.111,0,1,0,,,1,0,low,no_return,37.4,0,2,0,0
TX101554,CUST001374,1484.36,Fashion,Debit Card,18.4,10.2,31,293,5,0,0.0,0,0,0,,,0,0,low,no_return,6.6,1,0,0,0
TX101555,CUST000489,1020.04,Grocery,UPI,14.8,37.5,31,528,10,4,0.4,0,0,0,,,2,0,low,no_return,20.9,0,0,0,0
TX101556,CUST002690,6054.94,Footwear,UPI,5.4,14.9,37,20,8,0,0.0,0,0,0,8.3,7.9,0,1,medium,defective,31.7,0,2,0,0
TX101557,CUST002319,659.82,Electronics,COD,9.1,21.9,18,158,10,0,0.0,0,0,0,5.3,5.1,0,0,low,not_as_described,9.0,1,0,0,0
TX101558,CUST002985,2977.23,Toys,Credit Card,9.3,20.5,33,1022,10,1,0.1,0,0,0,2.2,1.8,2,0,low,changed_mind,9.0,2,1,0,0
TX101559,CUST002566,3155.28,Electronics,Debit Card,0.0,20.0,26,585,11,0,0.0,0,0,0,1.5,0.0,2,0,medium,size_issue,27.0,1,0,0,0
TX101560,CUST000874,3072.33,Fashion,UPI,0.0,3.0,24,405,11,0,0.0,0,0,0,1.7,0.0,1,0,low,size_issue,5.5,2,3,0,0
TX101561,CUST000763,1080.67,Home,Credit Card,12.6,2.5,19,75,8,0,0.0,0,1,0,,,2,0,medium,no_return,2.6,0,3,0,0
TX101562,CUST000746,1714.25,Fashion,Debit Card,4.8,1.2,28,279,9,0,0.0,0,0,0,,,3,0,low,no_return,39.1,0,1,0,0
TX101563,CUST002756,2715.39,Electronics,Credit Card,11.4,7.0,26,984,4,1,0.25,1,0,0,,,1,0,low,no_return,17.3,0,1,0,0
TX101564,CUST001671,1252.54,Books,Credit Card,0.0,2.2,27,135,4,0,0.0,0,0,0,,,3,0,low,no_return,13.2,0,2,0,1
TX101565,CUST001363,1558.51,Toys,Credit Card,24.6,4.9,18,673,8,4,0.5,1,1,0,,,0,0,low,no_return,34.3,0,1,0,0
TX101566,CUST002904,1267.59,Mobile,UPI,40.0,14.0,32,1205,5,1,0.2,0,0,0,21.2,19.0,1,0,high,size_issue,20.4,1,3,0,0
TX101567,CUST001810,2028.51,Mobile,UPI,27.3,8.6,24,150,8,0,0.0,0,0,0,,,1,0,low,no_return,10.8,2,1,0,0
TX101568,CUST002728,1943.18,Home,Credit Card,28.6,7.9,18,188,7,2,0.286,0,0,0,,,2,0,low,no_return,23.8,1,1,0,0
TX101569,CUST002953,4767.96,Electronics,UPI,22.5,1.4,26,462,10,0,0.0,0,0,0,20.0,18.3,1,1,high,changed_mind_repeated,2.9,2,0,0,0
TX101570,CUST000239,2752.81,Electronics,UPI,18.2,19.3,24,283,11,0,0.0,0,0,0,,,0,0,low,no_return,25.1,1,3,0,0
TX101571,CUST001085,773.65,Beauty,UPI,16.0,11.6,32,511,8,0,0.0,0,0,0,7.8,6.3,1,0,low,defective,10.8,0,3,0,0
TX101572,CUST002202,818.59,Footwear,COD,4.0,2.2,26,341,7,3,0.429,0,1,0,,,2,0,medium,no_return,12.1,0,4,0,0
TX101573,CUST002439,3010.23,Fashion,Credit Card,23.3,18.9,18,285,8,0,0.0,0,0,0,,,1,0,low,no_return,28.1,2,3,0,0
TX101574,CUST000446,1929.66,Fashion,Debit Card,22.6,16.4,23,258,2,0,0.0,0,0,0,,,0,0,low,no_return,32.6,1,0,0,0
TX101575,CUST000955,5836.86,Home,Debit Card,9.4,3.7,18,125,4,0,0.0,0,0,0,,,3,1,low,no_return,19.6,0,3,0,0
TX101576,CUST001644,5826.71,Footwear,Credit Card,21.3,4.3,43,151,10,0,0.0,0,0,0,6.6,3.0,0,1,medium,defective,23.8,0,1,0,0
TX101577,CUST002397,1015.96,Home,UPI,6.7,17.5,44,53,15,0,0.0,0,0,1,,,0,0,medium,no_return,27.9,0,2,0,0
TX101578,CUST000339,2315.78,Books,Credit Card,7.4,5.8,46,201,9,1,0.111,1,0,0,0.9,0.2,1,0,low,not_as_described,8.7,3,2,0,1
TX101579,CUST001802,825.86,Beauty,Debit Card,24.3,2.9,26,662,7,1,0.143,0,0,0,,,4,0,medium,no_return,11.6,0,2,0,0
TX101580,CUST000890,2978.61,Home,Credit Card,20.2,7.7,44,75,4,0,0.0,0,0,0,,,2,0,low,no_return,6.7,1,0,0,0
TX101581,CUST000649,5188.34,Home,UPI,12.2,5.6,36,749,7,1,0.143,0,0,0,1.1,0.0,0,1,low,size_issue,33.7,0,1,0,0
TX101582,CUST001546,2113.69,Books,Net Banking,10.8,5.8,23,68,8,3,0.375,1,0,1,,,1,0,low,no_return,16.3,2,2,0,0
TX101583,CUST001242,1450.78,Books,COD,17.1,2.5,25,468,7,0,0.0,0,0,0,,,1,0,low,no_return,29.1,0,2,0,0
TX101584,CUST001907,2468.26,Home,UPI,0.0,15.1,30,17,8,0,0.0,0,0,0,,,1,0,low,no_return,15.5,1,0,0,0
TX101585,CUST000953,3367.06,Fashion,Net Banking,5.9,29.2,33,360,7,0,0.0,0,0,0,5.8,3.8,2,0,medium,changed_mind_repeated,33.0,0,1,0,0
TX101586,CUST002470,3381.12,Electronics,UPI,0.0,5.8,35,628,4,0,0.0,0,0,0,,,3,0,low,no_return,18.5,3,1,0,0
TX101587,CUST000235,1461.64,Electronics,UPI,15.1,10.8,31,643,7,2,0.286,0,2,0,,,1,0,low,no_return,15.0,1,2,0,0
TX101588,CUST002585,1231.26,Electronics,UPI,28.1,2.5,28,133,8,0,0.0,0,1,0,,,2,0,low,no_return,21.4,2,2,0,0
TX101589,CUST000090,2237.06,Fashion,Net Banking,20.7,6.1,45,463,11,4,0.364,1,2,0,,,1,0,low,no_return,44.7,0,1,0,0
TX101590,CUST002207,1527.72,Grocery,UPI,8.9,31.0,30,890,6,0,0.0,0,2,0,,,0,0,low,no_return,32.4,1,5,0,0
TX101591,CUST001040,3999.82,Toys,COD,6.5,2.8,30,236,10,1,0.1,1,0,0,,,0,1,low,no_return,22.9,1,2,0,0
TX101592,CUST001150,1515.51,Books,Debit Card,6.0,6.2,29,343,4,0,0.0,0,0,0,0.0,0.0,2,0,low,size_issue,4.2,1,1,0,0
TX101593,CUST000058,2015.83,Books,Credit Card,39.0,2.2,30,776,6,2,0.333,1,0,0,,,1,0,low,no_return,21.9,0,5,1,0
TX101594,CUST002106,2429.41,Mobile,Credit Card,15.8,3.7,18,1048,7,0,0.0,0,1,0,,,0,0,medium,no_return,38.2,0,1,0,0
TX101595,CUST000497,677.1,Mobile,UPI,17.4,18.0,21,597,9,1,0.111,1,0,0,,,0,0,low,no_return,18.8,2,1,0,0
TX101596,CUST001977,1303.17,Fashion,COD,0.0,31.2,56,649,7,0,0.0,0,0,0,2.5,2.3,2,0,high,not_as_described,29.2,0,1,0,0
TX101597,CUST002175,5680.27,Electronics,Credit Card,0.8,13.1,18,1,6,1,0.167,0,0,0,5.0,3.2,1,1,medium,changed_mind_repeated,26.9,1,1,0,1
TX101598,CUST002535,3279.24,Electronics,Debit Card,14.5,1.5,34,364,2,0,0.0,0,0,0,,,1,0,medium,no_return,22.0,0,2,0,0
TX101599,CUST002124,1501.96,Footwear,UPI,9.0,3.3,35,46,10,0,0.0,0,0,0,,,2,0,low,no_return,10.4,0,2,0,0
TX101600,CUST000905,2986.25,Electronics,COD,16.6,2.4,42,389,14,1,0.071,0,3,0,,,1,0,low,no_return,23.1,0,0,0,0
TX101601,CUST002216,3959.33,Home,Debit Card,16.4,12.7,35,119,3,2,0.667,0,0,0,,,0,1,high,no_return,33.6,0,0,0,1
TX101602,CUST002478,1661.62,Beauty,Debit Card,22.2,0.7,50,439,8,0,0.0,0,2,0,1.7,1.4,1,0,low,changed_mind,31.2,0,2,1,0
TX101603,CUST000952,3182.66,Grocery,Credit Card,0.0,38.8,34,878,7,1,0.143,0,0,0,3.5,3.0,0,0,medium,changed_mind_repeated,23.2,0,0,0,0
TX101604,CUST000373,2907.34,Sports,Credit Card,1.7,1.9,45,100,4,1,0.25,0,0,0,2.1,1.9,1,0,low,size_issue,49.9,0,1,0,0
TX101605,CUST002670,835.53,Toys,Credit Card,13.8,0.5,42,514,4,0,0.0,0,0,0,,,0,0,medium,no_return,16.1,0,1,0,0
TX101606,CUST000444,1667.71,Sports,UPI,7.2,1.6,47,66,8,2,0.25,0,0,0,3.0,1.5,2,0,low,defective,35.1,1,3,0,1
TX101607,CUST001781,4845.21,Footwear,Debit Card,11.3,22.2,32,1,10,0,0.0,0,0,0,,,0,1,low,no_return,4.1,0,3,0,0
TX101608,CUST000709,5581.66,Electronics,UPI,16.3,2.9,35,84,10,0,0.0,0,0,0,,,0,1,medium,no_return,26.5,2,1,0,0
TX101609,CUST000378,3295.99,Footwear,UPI,6.1,25.3,28,48,10,1,0.1,0,2,0,,,0,0,low,no_return,28.6,0,2,0,0
TX101610,CUST002329,1273.35,Sports,UPI,17.3,14.1,33,331,9,2,0.222,2,1,0,,,3,0,low,no_return,10.3,0,0,1,0
TX101611,CUST000432,356.59,Fashion,UPI,21.5,2.5,34,97,12,0,0.0,0,0,0,,,2,0,medium,no_return,2.2,0,2,0,0
TX101612,CUST002011,1158.09,Mobile,Debit Card,15.8,7.3,18,417,14,1,0.071,0,0,0,,,4,0,low,no_return,14.9,0,1,0,0
TX101613,CUST002079,756.68,Mobile,Debit Card,23.6,19.4,30,29,9,2,0.222,2,0,0,10.0,4.6,1,0,low,not_needed,27.8,0,2,0,0
TX101614,CUST000181,5065.22,Footwear,Credit Card,0.0,4.7,40,668,7,1,0.143,0,1,0,,,0,1,low,no_return,23.9,0,2,0,0
TX101615,CUST000519,503.51,Footwear,Credit Card,8.0,3.4,18,897,11,3,0.273,0,1,0,5.3,1.5,1,0,low,defective,20.2,0,2,1,0
TX101616,CUST002383,852.09,Home,Debit Card,25.7,4.6,22,272,7,0,0.0,0,1,0,1.0,0.1,1,0,low,not_as_described_repeated,20.9,0,2,0,0
TX101617,CUST001522,2207.62,Fashion,Debit Card,4.6,35.5,43,1443,10,3,0.3,0,1,0,,,2,0,low,no_return,47.6,0,2,0,0
TX101618,CUST000364,1920.83,Fashion,COD,3.0,13.4,45,332,7,0,0.0,0,0,0,1.7,0.6,1,0,medium,changed_mind_repeated,18.6,0,1,0,0
TX101619,CUST002975,4699.29,Footwear,COD,13.5,15.3,25,426,5,0,0.0,0,1,0,,,1,1,low,no_return,17.4,1,3,0,0
TX101620,CUST000795,2795.57,Toys,COD,14.8,23.6,33,42,7,2,0.286,0,0,0,2.4,0.1,2,0,low,changed_mind,24.6,0,2,0,0
TX101621,CUST000013,1749.21,Mobile,COD,8.6,15.6,31,804,9,0,0.0,0,0,0,,,0,0,low,no_return,27.5,0,2,0,0
TX101622,CUST002772,4045.14,Footwear,Net Banking,37.1,1.2,43,440,8,1,0.125,0,0,0,,,0,1,low,no_return,39.1,0,3,0,0
TX101623,CUST000050,1473.32,Grocery,Debit Card,18.4,17.6,26,211,7,1,0.143,0,0,0,11.7,11.0,0,0,low,changed_mind,21.8,0,2,0,0
TX101624,CUST001660,4934.62,Electronics,Debit Card,4.2,2.7,28,592,12,0,0.0,0,0,0,,,0,1,low,no_return,63.9,0,1,0,0
TX101625,CUST002979,1051.7,Fashion,COD,0.0,14.6,45,1,8,0,0.0,0,0,0,,,0,0,high,no_return,49.5,0,2,0,0
TX101626,CUST001733,1875.21,Beauty,UPI,19.9,0.6,21,30,9,0,0.0,0,0,0,,,1,0,low,no_return,44.7,0,1,0,0
TX101627,CUST001754,395.01,Books,Credit Card,3.9,12.8,27,109,3,0,0.0,0,0,0,3.4,0.7,1,0,low,changed_mind_repeated,24.9,0,6,0,0
TX101628,CUST001165,3402.5,Fashion,Net Banking,40.8,4.2,33,259,3,0,0.0,0,0,0,0.2,0.0,1,0,low,changed_mind,37.2,1,1,0,0
TX101629,CUST000381,2127.86,Footwear,Debit Card,20.1,4.5,47,419,5,0,0.0,0,1,0,8.0,5.5,2,0,low,not_as_described_repeated,7.3,0,2,0,0
TX101630,CUST001718,4942.72,Grocery,UPI,21.7,3.6,20,414,11,0,0.0,0,0,0,,,1,1,low,no_return,13.6,0,2,0,0
TX101631,CUST002692,1627.7,Fashion,Credit Card,18.0,2.9,24,13,12,3,0.25,0,1,0,,,3,0,low,no_return,12.3,3,2,0,0
TX101632,CUST000274,669.91,Footwear,UPI,28.5,15.8,37,18,10,1,0.1,0,0,0,,,2,0,medium,no_return,15.0,2,1,0,1
TX101633,CUST002641,2573.28,Sports,Credit Card,0.0,2.5,39,810,2,0,0.0,0,0,0,,,1,0,low,no_return,15.5,1,1,0,0
TX101634,CUST001245,1329.62,Books,Debit Card,0.6,15.3,34,86,4,2,0.5,0,2,0,,,1,0,medium,no_return,6.3,0,2,0,1
TX101635,CUST001609,3104.07,Home,Credit Card,27.4,10.0,30,883,15,2,0.133,1,1,0,,,0,0,medium,no_return,7.6,1,1,0,0
TX101636,CUST000497,1067.31,Home,Credit Card,33.0,1.6,33,1331,7,3,0.429,1,1,0,,,1,0,low,no_return,25.6,0,0,0,0
TX101637,CUST001865,4409.9,Electronics,UPI,0.2,1.4,18,240,8,0,0.0,0,2,0,,,0,1,low,no_return,10.1,0,0,0,0
TX101638,CUST000547,2014.9,Beauty,Credit Card,0.0,20.8,33,186,6,0,0.0,0,0,0,,,0,0,low,no_return,16.8,0,2,0,0
TX101639,CUST000820,1753.71,Books,UPI,17.0,14.8,46,331,2,0,0.0,0,0,0,0.2,0.1,2,0,medium,defective,42.7,0,1,0,0
TX101640,CUST002165,4230.3,Mobile,Credit Card,20.8,7.9,18,90,16,0,0.0,0,1,0,0.0,0.0,1,1,low,not_as_described_repeated,56.1,1,1,0,1
TX101641,CUST000152,3433.9,Footwear,Debit Card,16.8,6.0,24,183,12,3,0.25,0,0,0,,,1,1,low,no_return,24.5,1,1,0,0
TX101642,CUST001342,1172.26,Electronics,UPI,14.3,8.3,28,291,5,1,0.2,0,0,0,5.3,0.1,1,0,high,defective,7.2,1,1,0,0
TX101643,CUST001784,3372.41,Mobile,Net Banking,0.0,8.5,28,137,12,1,0.083,0,0,0,1.6,0.1,2,0,low,size_issue,26.9,0,2,0,0
TX101644,CUST000396,2950.5,Electronics,Debit Card,10.5,34.1,50,149,6,0,0.0,0,0,0,,,0,0,low,no_return,35.4,1,2,0,0
TX101645,CUST000884,1819.73,Electronics,UPI,12.3,9.2,22,351,13,0,0.0,0,0,0,,,0,0,medium,no_return,8.0,0,3,0,0
TX101646,CUST001031,3204.9,Books,Credit Card,8.4,2.7,20,84,10,0,0.0,0,0,0,,,1,0,low,no_return,5.5,1,2,0,0
TX101647,CUST001991,4397.83,Footwear,UPI,0.0,10.1,39,3,15,7,0.467,0,0,0,,,2,1,low,no_return,35.3,0,1,0,0
TX101648,CUST002930,1855.34,Mobile,UPI,22.0,39.3,25,143,8,1,0.125,1,0,1,,,2,0,low,no_return,13.8,1,1,0,0
TX101649,CUST002508,1859.52,Toys,Net Banking,25.4,7.4,39,10,6,0,0.0,0,0,0,,,2,0,low,no_return,2.5,1,0,0,0
TX101650,CUST000570,1793.35,Fashion,Debit Card,5.5,35.2,30,135,11,1,0.091,0,0,0,,,0,0,low,no_return,2.7,0,2,0,0
TX101651,CUST000055,1139.64,Electronics,COD,12.8,33.3,36,586,2,0,0.0,0,1,0,,,7,0,low,no_return,17.2,0,1,0,1
TX101652,CUST000156,1842.68,Electronics,Debit Card,9.0,3.8,18,529,6,0,0.0,0,0,0,9.2,7.4,2,0,high,not_as_described_repeated,24.5,0,3,0,0
TX101653,CUST001787,1710.19,Sports,Net Banking,9.2,18.1,36,71,11,1,0.091,1,0,0,14.7,13.2,1,0,low,not_needed,15.4,1,1,0,0
TX101654,CUST000469,1644.77,Beauty,Net Banking,20.9,18.7,34,397,8,0,0.0,0,0,0,3.1,3.0,1,0,medium,defective,29.1,0,2,0,0
TX101655,CUST000694,1628.35,Electronics,UPI,21.2,0.5,29,163,11,5,0.455,2,1,0,4.7,4.2,1,0,low,changed_mind_repeated,17.2,1,3,0,0
TX101656,CUST002542,850.46,Beauty,UPI,27.9,53.4,19,148,14,2,0.143,0,0,0,,,1,0,low,no_return,20.7,0,1,0,0
TX101657,CUST002621,3649.44,Sports,Credit Card,27.6,6.2,34,36,5,0,0.0,0,0,0,2.8,1.1,1,1,low,not_as_described,25.2,1,1,0,0
TX101658,CUST002517,1301.75,Books,Credit Card,12.9,13.9,39,545,9,0,0.0,0,0,0,2.1,0.1,2,0,medium,not_as_described_repeated,22.3,0,4,1,0
TX101659,CUST000761,4550.29,Home,Debit Card,49.1,14.0,26,297,10,0,0.0,0,0,0,,,2,1,high,no_return,20.8,3,1,0,0
TX101660,CUST001859,984.19,Fashion,UPI,33.6,0.5,26,557,5,1,0.2,0,2,0,,,0,0,low,no_return,18.9,1,1,0,0
TX101661,CUST001832,5192.69,Grocery,COD,7.1,3.4,39,1012,7,1,0.143,0,0,0,,,3,1,low,no_return,25.8,0,1,0,0
TX101662,CUST000556,1521.94,Grocery,UPI,16.5,12.7,49,143,6,1,0.167,1,0,0,8.9,4.7,0,0,low,defective,15.4,0,3,0,1
TX101663,CUST001661,3397.94,Fashion,COD,0.0,2.7,41,172,10,0,0.0,0,0,0,1.5,0.4,1,0,low,changed_mind_repeated,47.5,2,2,1,0
TX101664,CUST001576,2114.53,Electronics,Credit Card,15.3,14.1,34,21,9,1,0.111,1,0,0,,,1,0,medium,no_return,43.8,0,2,0,0
TX101665,CUST001189,769.04,Mobile,UPI,35.1,13.6,29,86,6,0,0.0,0,0,0,,,0,0,low,no_return,20.3,1,3,0,0
TX101666,CUST002255,798.5,Books,COD,48.4,0.7,31,98,8,1,0.125,0,0,0,16.6,13.1,3,0,low,not_as_described_repeated,8.9,1,3,0,0
TX101667,CUST002033,1228.36,Fashion,Credit Card,13.5,18.7,18,2186,6,3,0.5,1,2,0,,,2,0,medium,no_return,31.9,1,1,0,0
TX101668,CUST001598,1464.32,Sports,COD,19.0,16.8,30,40,10,0,0.0,0,0,0,,,2,0,low,no_return,15.2,0,1,0,0
TX101669,CUST002177,1894.19,Sports,Net Banking,22.3,2.6,43,68,5,1,0.2,0,0,0,,,5,0,low,no_return,25.7,0,1,0,0
TX101670,CUST002289,2414.36,Electronics,UPI,38.8,9.2,32,71,7,0,0.0,0,0,0,0.0,0.0,1,0,low,changed_mind_repeated,20.7,1,0,0,0
TX101671,CUST001701,1734.48,Fashion,UPI,3.2,5.3,25,305,7,2,0.286,0,0,0,12.1,7.9,2,0,low,changed_mind_repeated,19.5,0,2,0,0
TX101672,CUST000803,2332.3,Mobile,UPI,46.9,2.3,24,34,9,0,0.0,0,0,0,,,0,0,low,no_return,25.9,0,0,0,0
TX101673,CUST002275,2580.32,Beauty,UPI,11.2,11.4,31,137,11,0,0.0,0,0,0,,,3,0,medium,no_return,13.5,0,3,0,0
TX101674,CUST002153,1683.62,Fashion,Net Banking,1.0,10.9,19,210,9,0,0.0,0,0,0,3.4,3.2,0,0,low,defective,41.8,0,2,0,0
TX101675,CUST002950,2920.28,Toys,COD,11.2,31.9,22,469,9,2,0.222,0,0,0,,,0,0,low,no_return,39.9,0,1,0,1
TX101676,CUST000450,3336.63,Beauty,Credit Card,5.3,13.7,47,155,6,0,0.0,0,0,0,,,0,0,high,no_return,29.1,0,1,0,0
TX101677,CUST001258,2622.36,Grocery,Debit Card,20.0,0.5,21,1199,4,0,0.0,0,0,0,1.8,0.0,1,0,low,changed_mind,33.7,0,4,0,0
TX101678,CUST002772,2717.49,Fashion,Net Banking,0.0,6.0,23,46,10,1,0.1,0,0,0,4.4,3.9,1,0,low,changed_mind,9.9,0,1,0,0
TX101679,CUST001544,2200.92,Electronics,UPI,16.7,4.8,34,18,14,4,0.286,1,1,0,,,1,0,low,no_return,30.3,0,2,0,0
TX101680,CUST002827,3847.55,Fashion,UPI,23.0,14.7,27,19,8,0,0.0,0,0,0,,,0,1,high,no_return,7.5,1,4,0,0
TX101681,CUST000038,1922.96,Mobile,COD,32.8,35.1,32,297,14,2,0.143,1,1,0,2.7,2.3,1,0,low,not_needed,10.4,0,1,0,0
TX101682,CUST000106,1243.67,Grocery,COD,23.2,21.4,40,17,4,0,0.0,0,1,0,12.4,11.5,1,0,medium,not_needed,14.6,0,0,0,0
TX101683,CUST002388,1960.45,Toys,UPI,32.1,28.1,18,215,9,0,0.0,0,0,0,,,0,0,low,no_return,8.5,2,0,0,0
TX101684,CUST001075,778.61,Electronics,Credit Card,7.7,7.3,39,159,4,1,0.25,1,0,1,,,4,0,low,no_return,20.0,1,0,0,0
TX101685,CUST001561,713.3,Books,UPI,19.7,1.1,26,463,8,0,0.0,0,0,0,,,1,0,low,no_return,46.9,2,2,0,0
TX101686,CUST001284,3346.57,Beauty,Debit Card,0.0,3.6,29,204,10,1,0.1,0,0,0,,,1,0,low,no_return,26.3,0,2,0,0
TX101687,CUST001224,4595.69,Grocery,Debit Card,13.6,1.6,51,204,7,0,0.0,0,0,0,11.3,7.8,0,1,low,not_needed,5.6,0,1,0,0
TX101688,CUST002818,1554.0,Home,UPI,19.6,2.0,18,275,9,0,0.0,0,0,1,,,1,0,low,no_return,50.1,1,3,0,0
TX101689,CUST000283,3366.48,Grocery,COD,20.7,2.4,37,1310,5,1,0.2,0,0,0,,,1,0,low,no_return,6.9,0,3,0,0
TX101690,CUST002316,461.39,Electronics,Credit Card,0.0,15.6,43,716,3,0,0.0,0,0,0,,,2,0,low,no_return,4.7,0,1,0,0
TX101691,CUST002669,2627.59,Electronics,COD,10.3,29.9,25,555,6,0,0.0,0,0,0,,,0,0,medium,no_return,41.1,0,3,0,0
TX101692,CUST001972,1928.04,Toys,Debit Card,12.0,1.0,25,601,8,1,0.125,0,1,0,,,0,0,low,no_return,15.6,1,2,0,0
TX101693,CUST001185,5058.71,Electronics,Credit Card,9.9,5.3,28,95,11,0,0.0,0,0,0,,,2,1,low,no_return,37.3,0,2,0,0
TX101694,CUST000480,1754.95,Electronics,UPI,23.7,13.9,25,634,10,0,0.0,0,1,0,2.0,2.0,1,0,low,not_as_described_repeated,7.2,0,1,0,0
TX101695,CUST002048,933.67,Footwear,UPI,12.4,2.0,32,265,8,1,0.125,1,0,0,,,3,0,low,no_return,32.8,0,1,0,0
TX101696,CUST001406,644.77,Fashion,COD,16.2,4.0,40,713,11,1,0.091,0,0,0,,,1,0,medium,no_return,21.2,1,4,0,0
TX101697,CUST000448,1959.46,Sports,Debit Card,9.1,14.3,28,136,8,1,0.125,0,3,1,,,2,0,medium,no_return,9.7,1,2,0,0
TX101698,CUST001079,2198.1,Toys,UPI,27.8,5.3,41,786,9,0,0.0,0,1,0,,,2,0,medium,no_return,3.1,0,1,0,0
TX101699,CUST002884,1684.87,Books,Wallet,28.7,26.8,46,204,10,2,0.2,1,0,0,7.8,7.0,5,0,low,defective,24.6,0,2,0,1
TX101700,CUST000796,3413.29,Electronics,COD,11.3,26.7,36,92,6,0,0.0,0,0,0,5.2,2.1,0,0,medium,changed_mind_repeated,3.9,1,2,0,0
TX101701,CUST000536,4294.11,Sports,UPI,49.2,9.1,37,192,11,0,0.0,0,1,0,3.3,0.0,0,1,low,changed_mind,24.3,2,3,0,0
TX101702,CUST002046,1542.67,Sports,UPI,5.8,1.7,26,473,10,0,0.0,0,0,0,0.8,0.0,2,0,low,defective,26.6,0,3,0,0
TX101703,CUST000599,521.71,Home,Debit Card,27.1,0.9,18,103,9,0,0.0,0,2,0,,,0,0,medium,no_return,22.2,0,0,0,0
TX101704,CUST002759,2340.95,Books,UPI,3.6,5.7,37,124,7,2,0.286,0,0,0,2.0,0.0,0,0,low,not_as_described_repeated,36.2,0,2,0,1
TX101705,CUST002577,3895.14,Mobile,Wallet,24.3,1.6,39,809,7,2,0.286,1,0,0,,,1,1,low,no_return,20.0,0,1,0,0
TX101706,CUST002950,1547.27,Electronics,Debit Card,23.3,3.6,34,192,11,0,0.0,0,0,1,,,2,0,low,no_return,17.6,1,1,0,0
TX101707,CUST002737,2717.19,Electronics,UPI,2.9,15.2,41,1681,8,0,0.0,0,0,0,,,0,0,low,no_return,27.6,0,2,0,0
TX101708,CUST000732,886.29,Books,Credit Card,13.4,17.9,26,105,7,2,0.286,0,0,0,,,0,0,low,no_return,10.5,1,3,0,0
TX101709,CUST000637,2304.87,Home,UPI,37.4,25.9,37,38,14,1,0.071,0,0,0,,,0,0,low,no_return,41.0,3,0,0,0
TX101710,CUST001028,2748.6,Toys,Credit Card,5.2,29.5,46,101,10,0,0.0,0,0,0,1.7,0.7,0,0,low,changed_mind_repeated,9.4,1,1,0,0
TX101711,CUST001409,2346.35,Electronics,UPI,19.8,0.5,38,299,11,2,0.182,0,2,0,11.6,11.1,2,0,low,defective,35.9,0,1,0,0
TX101712,CUST002640,5878.32,Electronics,COD,19.0,5.3,45,399,12,1,0.083,1,0,0,,,2,1,low,no_return,29.3,0,1,0,0
TX101713,CUST002200,4561.6,Grocery,COD,14.5,2.7,45,24,8,2,0.25,0,1,0,,,1,1,low,no_return,37.1,0,2,0,0
TX101714,CUST001933,3030.68,Mobile,Net Banking,0.0,1.0,19,516,10,1,0.1,0,0,1,,,3,0,low,no_return,13.7,0,1,0,0
TX101715,CUST002635,3671.59,Electronics,UPI,24.9,38.4,39,17,6,1,0.167,1,1,0,,,2,1,low,no_return,5.1,3,0,0,0
TX101716,CUST001938,2294.63,Footwear,Credit Card,15.1,0.5,25,669,8,0,0.0,0,1,0,22.5,21.2,0,0,low,size_issue,3.5,1,2,0,0
TX101717,CUST001137,1873.04,Home,COD,28.2,15.5,20,105,4,0,0.0,0,0,0,,,2,0,medium,no_return,44.6,0,2,0,0
TX101718,CUST001239,1439.0,Electronics,Credit Card,17.8,35.2,29,30,5,1,0.2,0,0,0,,,0,0,high,no_return,38.7,1,1,0,0
TX101719,CUST001551,873.0,Beauty,Credit Card,15.8,29.8,49,173,9,0,0.0,0,0,0,0.9,0.4,2,0,high,defective,17.9,1,1,0,0
TX101720,CUST000267,4691.31,Fashion,Wallet,19.5,1.0,26,166,10,3,0.3,0,0,1,,,3,1,medium,no_return,15.9,1,0,0,1
TX101721,CUST002225,6018.65,Grocery,COD,3.1,5.8,18,2231,6,0,0.0,0,0,0,10.5,10.4,0,1,low,not_needed,12.4,1,0,0,0
TX101722,CUST001958,1990.11,Fashion,Net Banking,33.7,0.7,18,143,7,1,0.143,0,2,0,11.0,10.4,4,0,low,not_as_described_repeated,50.7,2,3,0,1
TX101723,CUST002193,2012.44,Beauty,Credit Card,10.5,19.6,36,78,7,0,0.0,0,0,0,,,2,0,low,no_return,33.4,0,0,0,0
TX101724,CUST001602,2820.83,Fashion,Debit Card,10.6,12.9,24,826,10,0,0.0,0,0,0,,,4,0,high,no_return,37.9,0,1,0,1
TX101725,CUST002349,1760.22,Toys,Credit Card,30.5,5.1,18,92,6,3,0.5,1,1,0,8.7,2.0,1,0,low,not_as_described_repeated,42.7,1,0,0,0
TX101726,CUST002849,952.48,Footwear,Credit Card,18.0,0.5,18,1240,8,0,0.0,0,0,1,0.4,0.0,2,0,low,size_issue,47.4,0,1,0,0
TX101727,CUST001710,762.24,Home,UPI,12.2,13.4,33,1329,7,0,0.0,0,0,0,,,0,0,low,no_return,5.5,2,2,0,0
TX101728,CUST001333,5889.62,Home,COD,20.0,5.3,39,191,7,0,0.0,0,0,0,,,1,1,low,no_return,15.6,0,0,0,0
TX101729,CUST000314,575.68,Mobile,Credit Card,22.5,0.7,27,151,10,0,0.0,0,0,0,19.5,18.9,2,0,low,defective,9.2,2,1,0,0
TX101730,CUST002336,2403.34,Electronics,Debit Card,13.6,20.5,38,424,4,0,0.0,0,0,0,,,4,0,low,no_return,10.3,1,1,0,0
TX101731,CUST002712,629.88,Toys,Net Banking,26.1,0.9,41,607,4,1,0.25,0,0,0,2.3,1.1,1,0,medium,not_needed,29.4,0,2,0,0
TX101732,CUST002098,1817.71,Sports,COD,0.0,2.2,24,172,7,0,0.0,0,0,0,1.6,0.0,1,0,low,changed_mind,49.8,0,2,0,0
TX101733,CUST002596,1537.46,Footwear,UPI,18.1,14.1,30,567,7,1,0.143,1,2,0,,,1,0,medium,no_return,29.6,2,2,0,0
TX101734,CUST002583,703.97,Fashion,Debit Card,24.6,21.6,25,543,10,1,0.1,1,1,0,,,3,0,low,no_return,25.5,0,2,0,1
TX101735,CUST002394,2882.79,Fashion,Credit Card,22.5,1.6,37,288,10,0,0.0,0,0,0,,,1,0,low,no_return,19.4,0,1,0,0
TX101736,CUST001509,906.33,Fashion,UPI,0.0,8.2,25,96,9,0,0.0,0,1,0,,,3,0,low,no_return,27.9,0,0,0,0
TX101737,CUST000300,639.45,Electronics,UPI,13.5,4.4,19,86,3,0,0.0,0,0,0,,,1,0,low,no_return,45.5,0,3,0,0
TX101738,CUST000010,3083.54,Fashion,Debit Card,0.4,0.6,32,161,7,0,0.0,0,0,0,,,4,0,high,no_return,42.9,0,1,0,0
TX101739,CUST000613,1542.01,Mobile,COD,30.4,12.9,43,408,10,0,0.0,0,0,0,,,2,0,low,no_return,6.4,0,0,0,0
TX101740,CUST001293,1152.22,Fashion,Net Banking,10.3,0.5,37,628,7,0,0.0,0,0,0,10.6,5.5,0,0,low,defective,27.1,1,4,0,0
TX101741,CUST002231,3202.44,Electronics,Credit Card,29.1,10.0,42,427,4,2,0.5,0,1,0,13.9,10.4,0,0,low,defective,13.9,0,3,0,1
TX101742,CUST001367,874.35,Fashion,Credit Card,0.4,2.9,41,882,5,1,0.2,0,0,0,1.0,0.0,1,0,low,not_as_described_repeated,34.9,0,2,0,0
TX101743,CUST000070,531.83,Home,UPI,19.7,13.6,32,894,8,0,0.0,0,0,0,,,0,0,low,no_return,12.4,0,0,0,0
TX101744,CUST000631,4119.29,Sports,Wallet,15.1,15.8,26,11,7,1,0.143,0,0,0,4.8,4.2,2,1,low,changed_mind_repeated,62.4,0,1,0,0
TX101745,CUST002937,5392.27,Electronics,COD,48.2,16.2,23,1,9,4,0.444,1,1,1,,,1,1,low,no_return,9.4,0,0,0,0
TX101746,CUST002964,1786.15,Toys,Wallet,29.1,7.1,18,103,7,0,0.0,0,1,0,6.1,4.8,1,0,low,not_as_described_repeated,22.0,0,3,0,0
TX101747,CUST001132,220.78,Toys,Credit Card,28.4,4.3,43,461,5,1,0.2,1,0,0,,,1,0,low,no_return,17.2,1,2,0,0
TX101748,CUST002415,1770.48,Fashion,UPI,39.3,0.8,28,1065,3,0,0.0,0,0,0,,,3,0,low,no_return,19.9,0,3,0,0
TX101749,CUST002158,3317.29,Toys,Debit Card,18.4,38.9,18,569,14,4,0.286,0,4,0,1.0,0.0,0,0,low,not_needed,17.8,1,0,0,0
TX101750,CUST002793,3867.01,Home,Credit Card,13.8,2.9,44,538,5,3,0.6,1,3,0,3.1,1.9,1,1,low,not_needed,16.3,0,2,0,0
TX101751,CUST002662,945.21,Home,Credit Card,12.4,0.8,32,965,9,1,0.111,0,0,0,,,1,0,low,no_return,27.2,1,1,0,0
TX101752,CUST001886,1592.8,Mobile,UPI,18.9,32.9,41,43,12,0,0.0,0,0,0,,,1,0,low,no_return,42.7,1,2,0,0
TX101753,CUST001184,2284.61,Footwear,UPI,0.0,3.7,29,115,5,0,0.0,0,0,0,,,1,0,low,no_return,17.0,0,2,0,0
TX101754,CUST001880,3198.64,Home,Credit Card,15.0,23.3,24,824,3,0,0.0,0,0,0,,,3,0,low,no_return,33.2,2,2,0,0
TX101755,CUST000958,2989.5,Beauty,Net Banking,17.7,0.5,36,140,3,1,0.333,1,1,0,,,2,0,low,no_return,44.1,1,2,0,0
TX101756,CUST001044,2695.11,Fashion,COD,13.1,38.9,37,1315,9,1,0.111,0,0,0,,,3,0,low,no_return,9.4,0,1,0,0
TX101757,CUST001826,3860.82,Beauty,COD,0.0,2.2,29,474,7,0,0.0,0,0,0,,,0,1,low,no_return,26.7,0,2,0,0
TX101758,CUST001714,1871.21,Grocery,UPI,13.2,1.2,45,486,6,0,0.0,0,1,0,,,1,0,high,no_return,2.9,0,1,0,1
TX101759,CUST001743,4717.66,Electronics,COD,0.0,2.2,41,967,7,0,0.0,0,0,0,,,0,1,low,no_return,32.4,2,3,0,0
TX101760,CUST001154,1331.73,Footwear,Credit Card,36.3,40.3,37,591,6,3,0.5,0,2,0,,,2,0,high,no_return,57.3,2,2,0,0
TX101761,CUST001228,3018.93,Books,UPI,11.9,4.3,20,535,4,2,0.5,1,1,0,,,1,0,low,no_return,24.8,0,4,0,0
TX101762,CUST000031,1464.48,Electronics,Credit Card,0.0,16.0,19,976,5,0,0.0,0,1,0,,,4,0,low,no_return,50.1,1,1,0,0
TX101763,CUST001805,1803.45,Footwear,UPI,12.5,11.9,43,159,13,1,0.077,0,0,0,0.1,0.0,3,0,low,changed_mind_repeated,23.1,1,0,0,0
TX101764,CUST001727,1993.72,Books,Net Banking,25.7,1.0,18,939,8,1,0.125,1,1,0,,,1,0,low,no_return,35.5,1,0,0,0
TX101765,CUST002806,1409.39,Fashion,COD,17.1,9.9,31,38,6,0,0.0,0,0,0,,,0,0,low,no_return,48.4,0,1,0,0
TX101766,CUST001513,3965.35,Beauty,UPI,4.0,10.4,33,123,9,1,0.111,1,0,0,,,2,1,low,no_return,31.6,3,0,0,1
TX101767,CUST001403,1512.7,Footwear,Debit Card,6.9,4.3,27,297,4,0,0.0,0,0,0,,,3,0,low,no_return,13.0,1,2,0,0
TX101768,CUST000203,1927.7,Mobile,Credit Card,11.6,9.7,31,346,2,0,0.0,0,0,0,5.3,4.7,1,0,low,changed_mind,18.5,1,1,0,1
TX101769,CUST000591,2800.41,Fashion,UPI,9.7,4.8,36,525,3,0,0.0,0,0,0,,,1,0,medium,no_return,18.4,0,0,0,0
TX101770,CUST001014,7462.69,Grocery,Debit Card,0.0,10.7,26,492,3,1,0.333,1,3,0,20.5,20.0,2,1,high,not_as_described_repeated,42.4,1,1,0,0
TX101771,CUST001132,2864.95,Footwear,COD,14.2,5.7,40,318,5,1,0.2,0,0,0,,,3,0,high,no_return,15.4,0,0,0,0
TX101772,CUST001088,2039.47,Mobile,COD,0.0,2.5,37,820,9,1,0.111,0,1,0,1.6,0.7,2,0,low,defective,13.0,1,0,0,0
TX101773,CUST001182,470.6,Electronics,UPI,26.4,2.2,30,35,8,2,0.25,0,0,0,,,0,0,low,no_return,3.0,0,2,0,0
TX101774,CUST002306,1772.01,Beauty,Credit Card,27.9,12.6,23,891,3,0,0.0,0,0,0,3.3,3.0,1,0,low,not_as_described_repeated,7.1,0,1,0,0
TX101775,CUST000394,1245.63,Footwear,UPI,3.0,0.5,31,38,10,1,0.1,0,0,0,,,3,0,low,no_return,51.4,1,3,0,1
TX101776,CUST000997,1578.78,Electronics,UPI,6.4,30.4,53,127,5,2,0.4,0,1,0,1.4,1.3,0,0,low,not_needed,47.1,2,2,0,0
TX101777,CUST000489,1444.08,Home,UPI,9.9,22.9,24,908,4,0,0.0,0,0,0,,,1,0,low,no_return,9.4,0,5,0,0
TX101778,CUST000924,2782.81,Sports,UPI,14.6,2.0,47,161,7,1,0.143,1,1,0,7.1,6.3,2,0,medium,not_needed,21.7,1,1,0,0
TX101779,CUST002054,1747.35,Beauty,Credit Card,18.1,2.4,18,397,4,2,0.5,0,2,0,8.8,3.5,1,0,low,not_needed,9.2,1,0,0,0
TX101780,CUST000141,1051.57,Books,Credit Card,20.6,14.1,23,63,7,0,0.0,0,1,0,7.5,6.6,2,0,high,changed_mind_repeated,34.9,2,3,0,0
TX101781,CUST001019,3404.1,Electronics,Debit Card,20.3,1.4,26,1278,9,0,0.0,0,0,0,,,2,0,medium,no_return,13.2,2,0,0,0
TX101782,CUST000072,811.43,Toys,Credit Card,33.6,2.1,41,94,7,0,0.0,0,0,0,2.1,0.0,1,0,low,changed_mind_repeated,52.0,0,2,0,0
TX101783,CUST002864,1979.33,Fashion,UPI,15.7,6.2,32,80,6,1,0.167,0,0,0,0.2,0.0,1,0,medium,size_issue,28.0,0,1,0,0
TX101784,CUST002182,1780.39,Toys,Net Banking,0.0,17.8,45,105,8,0,0.0,0,0,0,15.2,14.0,4,0,low,changed_mind,39.1,0,1,0,0
TX101785,CUST000731,2448.17,Home,Net Banking,0.0,12.3,28,1121,7,1,0.143,1,0,0,2.4,1.9,2,0,medium,defective,30.8,2,1,0,1
TX101786,CUST000595,3885.77,Electronics,UPI,34.6,1.8,31,26,2,0,0.0,0,1,0,,,2,1,medium,no_return,40.0,0,3,0,1
TX101787,CUST000297,8160.85,Mobile,Credit Card,21.1,10.0,28,236,8,2,0.25,0,1,0,5.1,4.6,3,1,low,changed_mind_repeated,27.1,1,0,0,0
TX101788,CUST001419,2038.6,Toys,UPI,17.5,38.5,52,1157,10,0,0.0,0,0,0,,,0,0,low,no_return,12.7,0,2,0,0
TX101789,CUST002260,1231.9,Home,Wallet,20.4,11.3,20,150,6,1,0.167,0,0,0,2.7,0.4,0,0,medium,changed_mind,18.6,0,3,0,0
TX101790,CUST001753,1152.77,Fashion,Credit Card,16.9,2.6,26,870,9,1,0.111,1,1,0,1.4,0.0,2,0,medium,not_as_described_repeated,0.9,0,1,0,1
TX101791,CUST002643,1149.13,Sports,UPI,20.2,1.4,22,30,13,2,0.154,0,0,0,,,0,0,low,no_return,40.3,2,2,0,0
TX101792,CUST001032,2391.43,Mobile,COD,10.5,64.2,37,114,13,2,0.154,0,0,0,,,1,0,low,no_return,5.2,1,2,0,0
TX101793,CUST000835,399.74,Fashion,COD,27.7,5.2,20,114,4,0,0.0,0,0,0,,,3,0,low,no_return,11.0,0,3,0,0
TX101794,CUST001434,777.31,Mobile,UPI,8.7,7.2,50,874,11,6,0.545,0,0,0,3.8,2.4,0,0,medium,defective,7.4,1,2,0,0
TX101795,CUST000607,2392.85,Fashion,Credit Card,4.2,9.0,32,436,8,1,0.125,0,0,0,,,0,0,medium,no_return,25.7,0,4,0,0
TX101796,CUST002926,3509.84,Grocery,Credit Card,0.0,46.9,36,756,2,1,0.5,0,0,0,,,2,1,low,no_return,46.6,0,1,0,1
TX101797,CUST000558,3522.79,Home,UPI,12.1,50.8,36,320,7,0,0.0,0,0,0,0.8,0.0,2,1,medium,changed_mind_repeated,58.3,1,3,0,1
TX101798,CUST001437,2101.24,Electronics,UPI,30.2,4.6,31,391,3,0,0.0,0,0,0,16.7,15.3,0,0,low,defective,20.0,0,3,0,0
TX101799,CUST001566,3233.1,Mobile,COD,9.5,29.8,33,436,7,1,0.143,1,0,0,30.0,29.7,2,0,low,defective,8.6,1,0,0,0
TX101800,CUST000172,3927.74,Fashion,COD,0.0,1.2,32,284,9,0,0.0,0,0,0,,,5,1,medium,no_return,19.8,0,1,0,0
TX101801,CUST001405,1497.55,Mobile,Debit Card,18.4,19.2,37,872,10,2,0.2,1,0,0,,,0,0,low,no_return,19.2,0,0,0,0
TX101802,CUST001364,3683.35,Electronics,Debit Card,7.2,8.4,23,501,8,1,0.125,0,0,0,,,1,1,low,no_return,46.4,0,2,0,0
TX101803,CUST000779,603.31,Fashion,Debit Card,33.6,29.8,22,688,12,2,0.167,1,0,0,9.9,9.9,2,0,low,not_needed,22.9,2,0,0,1
TX101804,CUST000384,762.02,Footwear,Credit Card,27.9,19.5,40,25,11,0,0.0,0,0,0,,,0,0,low,no_return,28.3,2,2,0,0
TX101805,CUST000136,1558.07,Grocery,COD,0.0,11.2,31,9,8,0,0.0,0,0,0,5.8,0.0,2,0,medium,changed_mind_repeated,13.0,3,4,0,0
TX101806,CUST000026,549.97,Fashion,UPI,12.9,1.2,18,325,7,3,0.429,2,1,1,,,2,0,low,no_return,57.9,0,3,0,0
TX101807,CUST001444,2811.54,Sports,UPI,5.9,2.1,27,651,5,0,0.0,0,0,0,,,2,0,low,no_return,1.9,2,1,0,0
TX101808,CUST000270,1351.39,Fashion,UPI,1.1,4.7,47,105,9,0,0.0,0,0,0,7.5,7.0,1,0,low,size_issue,36.3,0,0,0,0
TX101809,CUST002878,1792.86,Footwear,COD,14.3,1.3,30,32,6,0,0.0,0,0,0,,,0,0,low,no_return,7.7,0,4,0,0
TX101810,CUST000734,1836.82,Electronics,Debit Card,24.8,9.5,26,430,7,0,0.0,0,1,0,,,2,0,low,no_return,21.6,0,1,0,0
TX101811,CUST001957,1531.96,Beauty,Credit Card,14.0,2.0,18,488,4,1,0.25,0,0,0,11.9,11.8,1,0,low,not_as_described,26.3,0,1,0,0
TX101812,CUST002020,1144.11,Electronics,Credit Card,8.8,13.9,26,11,7,0,0.0,0,0,0,,,0,0,low,no_return,33.8,1,1,0,0
TX101813,CUST001487,2726.81,Grocery,COD,0.0,4.4,20,276,8,2,0.25,0,0,0,0.0,0.0,2,0,medium,not_needed,17.0,3,2,0,0
TX101814,CUST002650,1332.08,Mobile,UPI,7.0,8.5,36,94,7,0,0.0,0,0,0,1.9,1.4,1,0,low,changed_mind_repeated,24.0,0,1,0,0
TX101815,CUST000332,1820.87,Toys,Credit Card,21.6,19.6,32,99,4,1,0.25,1,0,0,,,6,0,low,no_return,3.9,0,1,0,0
TX101816,CUST000702,2463.85,Home,COD,0.0,7.5,28,960,11,0,0.0,0,2,0,,,2,0,low,no_return,39.7,1,0,0,1
TX101817,CUST000758,3907.65,Fashion,Debit Card,30.4,19.3,24,692,13,0,0.0,0,0,0,,,1,1,low,no_return,23.5,1,1,0,0
TX101818,CUST000407,3718.55,Electronics,Credit Card,8.0,1.9,47,486,9,1,0.111,0,0,0,7.4,4.8,1,1,medium,defective,21.3,1,2,0,0
TX101819,CUST000885,1413.46,Footwear,UPI,17.3,9.4,24,15,7,0,0.0,0,0,0,,,2,0,low,no_return,10.4,1,2,0,0
TX101820,CUST000938,1103.51,Electronics,Net Banking,10.2,2.9,24,68,8,2,0.25,0,0,0,3.8,3.3,3,0,low,size_issue,18.4,1,2,0,0
TX101821,CUST002294,4403.16,Grocery,Credit Card,0.9,2.7,29,93,7,0,0.0,0,0,0,4.7,3.2,2,1,medium,changed_mind,6.1,0,0,0,0
TX101822,CUST000905,1327.14,Home,Net Banking,20.3,10.0,30,259,13,3,0.231,0,0,0,,,3,0,low,no_return,27.1,3,0,0,0
TX101823,CUST002630,2657.86,Mobile,COD,7.8,14.6,36,1184,12,0,0.0,0,0,0,12.5,9.1,0,0,high,size_issue,8.3,0,1,0,0
TX101824,CUST002318,529.28,Beauty,Net Banking,5.0,11.0,41,394,8,1,0.125,0,0,0,,,1,0,medium,no_return,19.0,0,0,0,0
TX101825,CUST002705,392.38,Sports,UPI,0.0,13.1,40,478,10,0,0.0,0,0,1,9.0,4.8,4,0,low,not_as_described,45.5,0,0,0,0
TX101826,CUST000316,2037.3,Footwear,Credit Card,30.6,28.9,56,9,6,0,0.0,0,1,0,0.5,0.0,0,0,medium,changed_mind,9.6,0,0,0,0
TX101827,CUST002953,1661.69,Mobile,UPI,15.1,24.0,18,142,8,2,0.25,1,1,0,,,1,0,low,no_return,43.6,1,1,0,0
TX101828,CUST001842,3097.2,Sports,UPI,28.3,5.8,34,958,4,0,0.0,0,0,0,8.2,6.7,2,0,high,not_as_described_repeated,43.6,1,3,0,0
TX101829,CUST002947,1153.39,Toys,UPI,22.4,4.3,26,1525,14,0,0.0,0,0,0,2.9,2.2,3,0,high,size_issue,21.9,1,3,0,1
TX101830,CUST001065,2346.58,Grocery,Credit Card,28.3,11.4,52,63,5,0,0.0,0,0,0,2.3,0.0,1,0,low,not_as_described_repeated,26.8,1,6,0,0
TX101831,CUST002859,2994.24,Home,Credit Card,8.2,5.7,33,223,10,3,0.3,0,0,0,,,2,0,low,no_return,23.3,0,1,0,0
TX101832,CUST001766,1185.47,Electronics,Debit Card,0.0,6.1,18,129,7,1,0.143,0,0,0,,,2,0,low,no_return,7.8,0,0,0,0
TX101833,CUST000216,1556.87,Books,Credit Card,24.2,10.5,36,391,10,0,0.0,0,0,0,5.0,4.2,1,0,low,changed_mind_repeated,6.9,0,0,1,1
TX101834,CUST001230,870.34,Grocery,UPI,16.6,37.5,34,183,11,3,0.273,1,0,0,,,0,0,low,no_return,13.0,0,3,0,0
TX101835,CUST000414,3167.11,Electronics,Credit Card,9.4,6.6,39,194,4,0,0.0,0,0,0,,,2,0,medium,no_return,17.2,0,4,0,0
TX101836,CUST002823,2749.05,Fashion,Debit Card,23.9,17.7,24,457,4,1,0.25,0,2,0,,,1,0,low,no_return,24.5,2,1,0,0
TX101837,CUST000914,2879.67,Books,UPI,18.7,1.9,35,168,10,2,0.2,0,0,0,,,2,0,high,no_return,21.9,0,1,0,1
TX101838,CUST000667,1657.18,Electronics,COD,22.7,20.5,29,251,4,1,0.25,0,0,0,,,2,0,low,no_return,29.4,0,2,0,0
TX101839,CUST001659,2719.45,Grocery,Credit Card,2.7,25.7,25,50,5,0,0.0,0,0,0,,,1,0,low,no_return,33.5,1,1,0,0
TX101840,CUST001276,1756.05,Books,Debit Card,26.7,21.1,35,150,8,0,0.0,0,0,0,4.6,4.6,2,0,low,not_as_described_repeated,19.4,2,0,0,0
TX101841,CUST000291,4867.36,Home,COD,14.9,9.4,33,872,11,0,0.0,0,0,1,,,1,1,low,no_return,27.5,0,2,0,0
TX101842,CUST002449,1932.26,Fashion,Credit Card,28.0,1.3,42,5,7,0,0.0,0,0,1,,,1,0,low,no_return,27.3,1,1,1,0
TX101843,CUST002537,3586.35,Home,Debit Card,26.6,2.0,32,1144,5,0,0.0,0,1,0,5.1,3.8,1,1,low,changed_mind_repeated,25.4,1,5,0,1
TX101844,CUST002229,1663.34,Home,Net Banking,23.2,1.2,38,283,7,0,0.0,0,0,0,,,0,0,low,no_return,30.6,2,5,0,0
TX101845,CUST001850,4248.42,Sports,UPI,13.7,43.2,19,235,9,1,0.111,1,0,0,4.3,3.2,1,1,low,not_as_described,20.6,2,0,0,0
TX101846,CUST001208,1101.54,Books,Credit Card,23.5,0.5,45,228,6,0,0.0,0,0,0,,,3,0,low,no_return,30.4,0,3,0,0
TX101847,CUST001627,2537.84,Footwear,Net Banking,28.3,25.5,24,487,11,3,0.273,0,1,0,,,1,0,low,no_return,33.4,0,1,0,1
TX101848,CUST001563,1254.77,Electronics,COD,22.3,3.7,41,588,6,0,0.0,0,0,0,,,1,0,low,no_return,15.0,0,1,0,0
TX101849,CUST000496,2282.22,Books,Debit Card,17.4,22.4,34,24,8,0,0.0,0,0,0,4.4,3.9,3,0,low,not_as_described,8.4,0,2,0,0
TX101850,CUST000246,1331.53,Fashion,UPI,23.5,37.5,33,1189,10,0,0.0,0,0,0,,,1,0,low,no_return,41.2,1,0,0,0
TX101851,CUST000760,1927.29,Toys,Credit Card,8.7,36.4,39,72,7,2,0.286,2,0,0,0.9,0.3,0,0,medium,size_issue,17.2,1,2,0,0
TX101852,CUST001363,1464.72,Electronics,Net Banking,33.2,2.2,18,8,5,0,0.0,0,0,0,5.6,4.8,0,0,low,not_as_described_repeated,26.1,1,0,0,0
TX101853,CUST000481,2927.83,Sports,Debit Card,0.0,2.7,26,85,5,2,0.4,0,0,0,,,0,0,high,no_return,21.2,2,2,0,0
TX101854,CUST000320,2605.43,Sports,UPI,15.4,7.9,39,4,8,0,0.0,0,0,0,,,0,0,low,no_return,10.6,1,0,0,0
TX101855,CUST002555,1224.8,Fashion,UPI,10.1,2.5,51,243,5,2,0.4,0,1,0,,,1,0,low,no_return,41.1,0,4,0,0
TX101856,CUST001125,1201.09,Mobile,COD,7.3,4.8,31,981,3,0,0.0,0,1,1,,,0,0,medium,no_return,14.8,0,0,0,0
TX101857,CUST001753,1036.77,Electronics,Debit Card,18.7,35.8,18,1207,9,1,0.111,0,1,0,,,0,0,low,no_return,14.2,0,1,0,0
TX101858,CUST001572,900.52,Electronics,Wallet,1.5,9.9,28,287,7,0,0.0,0,1,1,,,2,0,medium,no_return,19.8,0,2,0,0
TX101859,CUST002205,3052.42,Grocery,Credit Card,40.8,4.9,31,1524,6,0,0.0,0,0,0,,,2,0,low,no_return,10.5,0,2,0,0
TX101860,CUST002219,996.63,Beauty,Credit Card,0.0,2.7,43,396,6,1,0.167,0,0,0,,,0,0,low,no_return,18.0,0,1,1,0
TX101861,CUST000888,2405.71,Fashion,UPI,3.6,49.3,32,17,7,0,0.0,0,1,0,15.4,14.3,0,0,low,size_issue,51.3,0,2,0,0
TX101862,CUST002543,1381.51,Fashion,Credit Card,2.5,16.9,19,372,7,2,0.286,0,1,0,,,3,0,medium,no_return,9.6,0,1,0,0
TX101863,CUST001114,3522.26,Electronics,Credit Card,17.4,7.6,41,371,6,0,0.0,0,0,0,1.2,0.1,1,1,low,not_as_described,9.6,0,2,0,0
TX101864,CUST002505,5594.74,Footwear,UPI,27.2,9.9,37,471,12,2,0.167,1,0,0,,,2,1,low,no_return,28.9,0,1,0,0
TX101865,CUST001215,215.87,Sports,Credit Card,21.3,1.6,25,18,8,0,0.0,0,0,0,,,2,0,low,no_return,27.2,1,0,0,0
TX101866,CUST000333,1091.96,Fashion,UPI,32.7,12.5,39,9,4,0,0.0,0,0,0,,,2,0,low,no_return,36.4,1,0,0,0
TX101867,CUST002280,1366.27,Home,COD,5.1,14.0,26,549,5,0,0.0,0,0,0,,,2,0,low,no_return,8.7,0,2,0,0
TX101868,CUST000091,1695.35,Footwear,UPI,22.9,6.9,29,937,11,0,0.0,0,0,0,3.0,0.0,2,0,low,not_as_described,8.2,0,0,0,0
TX101869,CUST002317,1627.05,Footwear,Credit Card,11.4,1.6,26,147,9,0,0.0,0,0,0,,,2,0,medium,no_return,36.6,0,1,0,0
TX101870,CUST000130,754.35,Electronics,Debit Card,17.7,4.1,28,8,10,1,0.1,1,1,0,27.5,24.2,0,0,medium,not_as_described,12.8,1,2,0,0
TX101871,CUST000621,5664.71,Grocery,UPI,28.3,20.9,41,187,4,1,0.25,0,0,0,,,1,1,low,no_return,21.2,0,2,0,0
TX101872,CUST001810,1666.7,Electronics,Debit Card,0.0,5.8,18,319,10,0,0.0,0,0,0,1.0,0.0,1,0,medium,changed_mind_repeated,59.8,1,0,0,1
TX101873,CUST002824,2598.08,Fashion,COD,38.9,30.0,43,60,10,2,0.2,1,0,0,,,2,0,low,no_return,31.1,0,1,0,0
TX101874,CUST001226,2648.76,Footwear,Debit Card,13.3,24.3,33,1171,6,3,0.5,2,2,0,0.4,0.0,2,0,low,size_issue,8.1,0,0,0,1
TX101875,CUST000362,638.08,Footwear,Credit Card,0.0,44.3,28,204,7,0,0.0,0,1,0,,,2,0,low,no_return,18.8,1,1,0,0
TX101876,CUST000699,1521.29,Electronics,COD,6.7,12.4,32,212,6,1,0.167,1,0,0,,,1,0,low,no_return,4.3,0,2,0,0
TX101877,CUST002688,3052.3,Footwear,Net Banking,16.2,1.5,22,259,6,0,0.0,0,0,0,0.8,0.4,2,0,low,defective,43.2,0,2,0,0
TX101878,CUST002180,4416.44,Books,COD,6.7,4.7,18,154,9,0,0.0,0,0,0,,,2,1,medium,no_return,7.3,0,1,0,0
TX101879,CUST000302,1542.85,Toys,Credit Card,0.0,31.2,23,299,4,0,0.0,0,1,0,,,0,0,low,no_return,26.5,2,1,0,0
TX101880,CUST001155,724.85,Toys,Debit Card,16.2,26.8,18,509,8,0,0.0,0,0,0,6.3,6.2,3,0,high,changed_mind_repeated,20.3,0,0,0,0
TX101881,CUST000794,1288.85,Beauty,Debit Card,6.3,4.9,18,71,6,4,0.667,0,0,1,1.0,0.0,1,0,medium,not_as_described_repeated,9.5,0,2,0,1
TX101882,CUST000534,1498.75,Mobile,Credit Card,22.8,0.5,18,833,6,1,0.167,1,1,0,,,0,0,medium,no_return,51.2,1,1,0,0
TX101883,CUST002539,1461.05,Fashion,Credit Card,2.2,25.6,44,323,6,0,0.0,0,0,0,,,1,0,low,no_return,24.2,0,0,0,0
TX101884,CUST001853,1037.56,Beauty,COD,42.1,7.1,19,733,8,0,0.0,0,0,0,8.0,7.1,0,0,medium,size_issue,16.0,0,3,0,0
TX101885,CUST000539,670.64,Fashion,Credit Card,21.2,19.5,31,485,6,0,0.0,0,0,0,,,2,0,low,no_return,16.9,0,2,0,0
TX101886,CUST001952,864.43,Toys,Net Banking,17.4,26.0,43,146,6,4,0.667,2,0,0,3.5,3.1,1,0,low,changed_mind,22.2,0,0,0,1
TX101887,CUST001241,1296.45,Electronics,Wallet,22.5,29.9,40,204,6,0,0.0,0,0,0,2.7,0.9,2,0,low,size_issue,24.4,1,3,0,0
TX101888,CUST000185,3020.58,Home,Credit Card,0.0,3.2,29,158,6,0,0.0,0,0,0,,,1,0,low,no_return,17.8,0,2,0,0
TX101889,CUST001350,3760.28,Toys,UPI,9.0,10.7,29,80,9,0,0.0,0,1,0,4.8,2.3,2,1,low,not_needed,46.6,1,4,0,0
TX101890,CUST000556,2066.9,Fashion,Wallet,36.4,15.7,33,827,7,0,0.0,0,0,0,,,2,0,low,no_return,20.7,0,1,0,0
TX101891,CUST000736,881.92,Fashion,UPI,11.2,2.3,53,29,8,0,0.0,0,0,0,2.6,1.1,1,0,medium,not_as_described_repeated,23.1,1,1,0,0
TX101892,CUST002637,1347.34,Fashion,COD,14.2,17.9,36,1473,10,1,0.1,1,1,1,0.2,0.0,1,0,low,changed_mind_repeated,6.0,1,0,0,0
TX101893,CUST002131,405.19,Books,UPI,9.4,1.4,38,1314,4,0,0.0,0,0,0,0.5,0.5,1,0,low,not_needed,16.7,0,5,0,0
TX101894,CUST000403,4468.66,Fashion,UPI,32.6,2.6,54,880,10,0,0.0,0,0,0,,,1,1,low,no_return,11.3,1,2,0,0
TX101895,CUST002554,1208.28,Home,UPI,12.1,27.4,34,40,4,0,0.0,0,0,0,,,0,0,low,no_return,25.1,1,4,0,0
TX101896,CUST001723,2461.23,Sports,UPI,0.0,29.5,43,382,12,5,0.417,2,0,0,,,0,0,low,no_return,30.9,0,2,0,1
TX101897,CUST002623,3598.2,Mobile,Net Banking,45.9,2.4,36,54,14,2,0.143,0,0,0,0.8,0.0,0,1,high,not_as_described_repeated,38.4,0,3,0,0
TX101898,CUST002241,5237.77,Toys,UPI,0.0,30.0,36,79,11,1,0.091,0,0,0,5.1,4.7,0,1,low,changed_mind,39.7,0,2,0,0
TX101899,CUST001018,3230.77,Fashion,UPI,13.8,5.0,22,81,6,0,0.0,0,0,0,6.1,5.4,1,0,low,size_issue,34.0,1,2,1,0
TX101900,CUST001605,1454.92,Footwear,Debit Card,4.9,4.1,20,468,12,0,0.0,0,0,0,0.6,0.0,0,0,low,not_as_described,40.1,0,1,0,0
TX101901,CUST001593,2674.19,Footwear,Wallet,6.6,21.3,26,4,15,0,0.0,0,0,0,0.7,0.4,0,0,low,not_as_described_repeated,7.2,1,1,0,0
TX101902,CUST002160,5119.85,Books,Credit Card,2.3,17.7,40,154,7,1,0.143,0,0,0,,,1,1,low,no_return,19.3,2,3,0,0
TX101903,CUST000745,1200.43,Beauty,COD,8.5,8.7,40,18,7,0,0.0,0,0,0,,,1,0,low,no_return,7.4,0,1,0,0
TX101904,CUST000999,646.56,Electronics,UPI,26.8,2.6,45,156,12,0,0.0,0,1,0,0.6,0.0,2,0,low,size_issue,19.4,0,4,0,0
TX101905,CUST000735,1043.3,Books,COD,0.0,7.5,31,118,8,2,0.25,0,1,0,,,5,0,low,no_return,35.5,1,1,0,0
TX101906,CUST000889,2561.89,Beauty,COD,30.1,10.7,37,261,3,0,0.0,0,0,0,,,1,0,low,no_return,39.5,0,4,0,0
TX101907,CUST000484,1480.21,Fashion,Net Banking,28.1,0.5,37,688,11,1,0.091,0,1,0,,,0,0,low,no_return,18.9,0,0,0,0
TX101908,CUST000110,1811.05,Electronics,Debit Card,21.1,9.4,30,296,5,0,0.0,0,1,0,2.0,1.9,1,0,medium,defective,5.2,1,2,0,0
TX101909,CUST002820,2839.38,Fashion,Net Banking,16.5,28.8,28,500,8,2,0.25,1,0,0,,,2,0,low,no_return,33.9,1,3,0,1
TX101910,CUST000223,1027.13,Sports,Credit Card,18.3,27.1,18,271,9,0,0.0,0,0,0,2.4,1.8,2,0,low,changed_mind_repeated,31.0,0,0,0,0
TX101911,CUST002664,1752.54,Electronics,COD,32.1,22.3,30,291,8,2,0.25,0,0,1,2.2,0.5,3,0,low,not_as_described_repeated,20.3,0,1,0,0
TX101912,CUST000010,1331.43,Grocery,COD,0.0,6.1,30,163,9,2,0.222,1,0,0,,,2,0,low,no_return,63.9,0,3,0,0
TX101913,CUST002332,4994.09,Toys,UPI,23.7,0.5,43,418,9,1,0.111,0,0,0,,,0,1,low,no_return,11.8,2,2,0,0
TX101914,CUST000985,3167.9,Fashion,Net Banking,6.0,1.1,44,261,7,1,0.143,0,2,0,,,1,0,low,no_return,20.5,1,3,0,0
TX101915,CUST001553,1487.12,Electronics,COD,24.9,28.8,33,1,15,0,0.0,0,1,0,7.7,7.7,2,0,low,not_as_described_repeated,13.5,3,2,0,1
TX101916,CUST000847,1431.4,Electronics,Net Banking,7.6,0.5,52,38,5,0,0.0,0,0,0,,,0,0,low,no_return,18.0,2,1,0,0
TX101917,CUST001472,5343.86,Home,Credit Card,23.5,13.1,33,32,5,0,0.0,0,0,0,,,3,1,medium,no_return,5.6,0,3,1,0
TX101918,CUST001355,5077.64,Toys,COD,0.0,1.4,42,82,6,0,0.0,0,0,0,,,6,1,low,no_return,47.7,1,2,0,0
TX101919,CUST001589,2551.13,Grocery,Credit Card,0.0,1.0,30,735,14,0,0.0,0,0,0,,,0,0,low,no_return,30.6,0,0,0,0
TX101920,CUST001180,1866.85,Footwear,Wallet,13.6,4.6,20,420,7,0,0.0,0,0,0,,,2,0,low,no_return,23.9,0,1,0,0
TX101921,CUST001610,764.34,Mobile,UPI,32.2,8.6,27,604,9,0,0.0,0,0,0,,,1,0,low,no_return,9.8,1,1,0,0
TX101922,CUST002476,1049.81,Fashion,Debit Card,21.4,5.1,46,929,4,0,0.0,0,0,0,,,3,0,high,no_return,20.8,1,4,0,0
TX101923,CUST001304,723.31,Grocery,UPI,21.3,0.6,29,1145,11,4,0.364,0,1,0,,,1,0,low,no_return,13.2,0,2,0,0
TX101924,CUST001084,3687.79,Beauty,COD,25.3,12.4,27,271,10,2,0.2,0,0,0,,,2,1,low,no_return,30.2,2,1,0,0
TX101925,CUST000396,772.93,Beauty,Credit Card,10.2,4.0,31,258,11,2,0.182,0,0,0,,,2,0,medium,no_return,19.2,0,5,0,0
TX101926,CUST001079,1419.01,Fashion,Net Banking,22.3,14.4,28,41,9,2,0.222,1,0,0,4.1,2.7,1,0,low,not_as_described,20.2,0,4,0,0
TX101927,CUST000377,461.27,Home,Net Banking,8.0,6.0,43,348,7,1,0.143,0,1,0,,,0,0,low,no_return,10.2,1,1,0,0
TX101928,CUST000548,601.02,Grocery,Credit Card,11.2,2.4,50,198,11,1,0.091,1,1,0,7.0,6.9,1,0,low,size_issue,43.2,1,2,0,0
TX101929,CUST002856,2921.66,Grocery,COD,12.7,57.1,32,29,6,0,0.0,0,0,0,,,0,0,low,no_return,38.0,2,4,0,1
TX101930,CUST000269,2306.43,Fashion,Debit Card,8.5,10.2,37,558,10,1,0.1,0,0,0,4.6,4.6,1,0,low,changed_mind_repeated,17.9,0,2,0,0
TX101931,CUST001446,1911.41,Electronics,Credit Card,14.2,14.7,41,40,5,1,0.2,0,0,0,0.6,0.4,2,0,low,changed_mind_repeated,26.4,3,4,0,0
TX101932,CUST002503,1436.89,Sports,Credit Card,11.9,0.8,33,1249,13,3,0.231,1,0,0,,,2,0,high,no_return,30.7,0,4,0,0
TX101933,CUST002859,546.63,Books,UPI,6.5,7.7,23,62,11,0,0.0,0,0,0,1.8,0.0,1,0,low,changed_mind,6.6,0,2,0,0
TX101934,CUST000440,1308.88,Sports,UPI,13.3,11.2,27,410,12,6,0.5,3,2,0,,,3,0,low,no_return,20.4,1,0,0,0
TX101935,CUST000491,1683.04,Electronics,Credit Card,16.9,26.0,36,76,9,0,0.0,0,0,0,,,1,0,low,no_return,18.0,0,1,0,0
TX101936,CUST001118,2797.55,Fashion,Debit Card,1.8,3.9,35,461,9,0,0.0,0,1,0,,,1,0,low,no_return,11.0,0,4,0,0
TX101937,CUST001663,3562.08,Toys,Credit Card,20.0,3.2,18,961,4,0,0.0,0,1,0,,,1,1,low,no_return,52.0,1,2,0,0
TX101938,CUST002879,2979.62,Books,Wallet,9.1,7.6,27,570,9,0,0.0,0,0,0,,,1,0,medium,no_return,51.7,1,1,0,0
TX101939,CUST000623,2297.53,Electronics,UPI,17.4,65.9,24,159,14,0,0.0,0,0,0,16.1,10.8,1,0,low,not_as_described_repeated,18.7,1,3,0,0
TX101940,CUST000494,1892.2,Beauty,Net Banking,7.0,12.1,40,276,11,1,0.091,1,1,0,,,2,0,low,no_return,32.2,1,1,0,0
TX101941,CUST000760,2153.16,Home,COD,27.6,1.0,25,22,2,1,0.5,0,0,0,,,1,0,low,no_return,11.4,0,2,0,0
TX101942,CUST002623,1249.49,Grocery,COD,26.5,32.9,27,22,6,0,0.0,0,0,0,1.6,1.0,0,0,low,changed_mind,4.1,0,4,0,0
TX101943,CUST000091,2000.22,Electronics,Debit Card,2.4,20.0,27,257,8,0,0.0,0,1,0,5.6,4.7,1,0,low,changed_mind_repeated,12.4,1,2,1,0
TX101944,CUST001141,1676.6,Grocery,UPI,21.3,26.5,39,289,11,1,0.091,0,2,1,,,2,0,low,no_return,20.4,0,0,0,0
TX101945,CUST000357,6680.04,Mobile,Net Banking,32.4,0.5,41,98,7,0,0.0,0,2,0,6.2,2.8,1,1,low,not_needed,11.0,0,2,0,0
TX101946,CUST000472,2188.68,Home,COD,3.6,6.1,36,140,12,2,0.167,0,0,0,0.5,0.0,2,0,low,not_as_described,58.9,0,2,0,0
TX101947,CUST002750,382.31,Fashion,COD,4.6,14.9,43,8,7,2,0.286,1,0,0,6.6,6.1,1,0,low,not_as_described_repeated,47.1,1,1,0,0
TX101948,CUST000005,1385.29,Electronics,UPI,23.8,9.3,44,168,10,0,0.0,0,0,0,5.6,4.1,0,0,low,size_issue,14.6,1,1,0,0
TX101949,CUST000965,1555.53,Electronics,Debit Card,0.0,20.2,18,1036,11,0,0.0,0,0,0,0.8,0.6,1,0,medium,not_as_described,22.7,0,1,0,0
TX101950,CUST002746,3234.95,Mobile,Credit Card,5.7,49.7,37,192,14,0,0.0,0,0,0,,,0,0,high,no_return,25.8,0,1,0,0
TX101951,CUST001824,2370.87,Mobile,Debit Card,2.8,33.2,28,146,7,2,0.286,0,0,1,,,0,0,low,no_return,29.6,0,3,0,0
TX101952,CUST000216,2294.56,Electronics,COD,24.0,5.7,19,358,5,0,0.0,0,0,0,,,0,0,low,no_return,5.7,0,1,0,0
TX101953,CUST001395,4169.23,Footwear,UPI,6.7,13.3,28,272,5,0,0.0,0,1,0,,,3,1,low,no_return,23.8,0,2,0,0
TX101954,CUST002912,5092.16,Fashion,UPI,11.6,5.2,39,48,10,1,0.1,0,1,0,,,3,1,low,no_return,43.0,0,1,0,0
TX101955,CUST001201,2918.94,Sports,UPI,6.0,28.1,46,98,9,0,0.0,0,0,0,,,2,0,low,no_return,19.9,0,3,0,0
TX101956,CUST001586,1458.36,Grocery,UPI,28.8,6.4,18,90,7,1,0.143,0,0,0,5.8,4.6,0,0,low,size_issue,19.1,1,0,0,0
TX101957,CUST001596,1488.32,Home,UPI,4.7,1.4,38,275,9,1,0.111,0,0,0,3.2,2.8,1,0,low,not_as_described_repeated,38.9,2,1,0,1
TX101958,CUST001981,3842.26,Beauty,UPI,0.0,1.0,51,49,9,0,0.0,0,0,0,19.4,16.9,0,1,low,changed_mind_repeated,9.8,1,1,0,0
TX101959,CUST000562,1485.26,Grocery,Credit Card,0.0,16.8,50,183,7,2,0.286,0,0,0,,,2,0,low,no_return,36.3,0,3,0,0
TX101960,CUST002519,1808.54,Fashion,Debit Card,23.3,17.4,18,155,8,0,0.0,0,0,0,1.4,0.1,1,0,low,size_issue,9.8,0,1,0,0
TX101961,CUST002965,1365.08,Mobile,COD,24.2,2.3,53,568,8,1,0.125,0,1,0,,,5,0,low,no_return,6.1,0,0,0,0
TX101962,CUST000428,871.03,Fashion,Credit Card,30.0,2.2,41,54,3,1,0.333,0,1,0,,,2,0,high,no_return,25.2,0,6,0,0
TX101963,CUST002455,6362.41,Electronics,UPI,0.0,19.9,18,891,12,2,0.167,2,3,1,,,3,1,low,no_return,23.2,0,1,0,0
TX101964,CUST002450,1816.68,Mobile,COD,12.2,3.5,24,566,10,1,0.1,0,0,0,,,3,0,low,no_return,4.5,0,3,0,0
TX101965,CUST002225,4539.21,Home,Credit Card,44.1,5.9,44,252,7,1,0.143,0,0,0,,,2,1,high,no_return,32.0,0,2,0,0
TX101966,CUST001113,1498.93,Home,UPI,11.4,14.5,35,762,4,1,0.25,1,1,0,0.6,0.1,0,0,low,not_as_described,8.7,0,1,0,1
TX101967,CUST001406,1207.8,Fashion,Credit Card,8.2,4.2,26,830,10,0,0.0,0,1,0,1.3,0.0,1,0,low,not_as_described,25.6,0,2,0,0
TX101968,CUST002517,2764.56,Electronics,Wallet,14.7,0.5,32,560,11,2,0.182,2,0,0,,,0,0,low,no_return,19.4,0,1,0,0
TX101969,CUST000459,3552.59,Fashion,Credit Card,21.4,12.3,37,190,2,0,0.0,0,1,0,3.7,2.8,4,1,low,changed_mind_repeated,18.6,2,3,0,0
TX101970,CUST002486,3695.71,Home,Wallet,21.2,2.3,26,141,3,1,0.333,1,1,0,,,1,1,medium,no_return,53.4,1,1,0,0
TX101971,CUST002762,1668.03,Beauty,UPI,7.6,10.5,30,634,8,0,0.0,0,0,1,,,0,0,low,no_return,19.9,0,0,0,0
TX101972,CUST002045,2948.09,Home,UPI,8.0,2.7,40,123,7,1,0.143,1,0,0,5.7,3.6,2,0,low,changed_mind,22.5,1,1,0,0
TX101973,CUST001024,1300.05,Footwear,UPI,11.4,17.7,24,41,11,1,0.091,0,1,1,5.2,5.0,0,0,medium,changed_mind_repeated,8.5,0,2,0,0
TX101974,CUST001677,1983.51,Footwear,COD,6.2,19.0,18,6,9,3,0.333,1,1,0,3.7,0.0,3,0,low,size_issue,18.2,0,1,0,0
TX101975,CUST000151,1561.87,Fashion,Debit Card,0.2,11.4,25,48,9,0,0.0,0,0,0,,,0,0,low,no_return,23.5,1,1,0,0
TX101976,CUST002795,1406.4,Mobile,Debit Card,36.7,0.5,23,220,9,0,0.0,0,0,0,0.6,0.2,0,0,low,changed_mind,22.7,1,2,0,0
TX101977,CUST001027,2037.72,Footwear,Wallet,10.1,18.4,25,10,8,0,0.0,0,0,0,1.4,0.6,3,0,low,not_as_described_repeated,38.0,0,3,0,1
TX101978,CUST000172,854.73,Footwear,Credit Card,10.8,14.6,18,48,2,0,0.0,0,0,0,,,3,0,low,no_return,39.9,0,3,0,0
TX101979,CUST002383,3372.77,Grocery,UPI,11.2,5.1,34,202,5,2,0.4,1,1,0,,,1,0,low,no_return,21.9,0,3,0,0
TX101980,CUST001973,1410.31,Fashion,COD,14.0,5.6,40,281,5,0,0.0,0,0,0,,,1,0,low,no_return,17.7,1,0,0,0
TX101981,CUST001868,3273.77,Fashion,UPI,20.2,23.3,23,160,4,0,0.0,0,0,0,,,1,0,low,no_return,2.9,0,0,0,0
TX101982,CUST000163,986.42,Footwear,Debit Card,9.4,32.0,25,177,5,0,0.0,0,0,0,3.1,2.1,0,0,low,defective,32.7,2,3,0,0
TX101983,CUST002252,1406.96,Beauty,Net Banking,28.7,3.6,30,296,6,1,0.167,0,2,0,,,6,0,low,no_return,21.2,1,2,0,0
TX101984,CUST001912,852.68,Footwear,Credit Card,22.2,26.4,22,126,5,1,0.2,0,3,0,,,2,0,low,no_return,27.7,2,1,0,1
TX101985,CUST002381,830.04,Books,Credit Card,12.7,18.1,41,329,5,1,0.2,0,0,0,,,0,0,low,no_return,48.8,0,1,0,0
TX101986,CUST002482,1080.16,Fashion,Debit Card,7.0,8.4,23,756,8,0,0.0,0,0,0,,,2,0,low,no_return,22.5,0,1,0,0
TX101987,CUST000636,997.2,Home,UPI,28.0,13.4,26,61,15,0,0.0,0,1,0,,,2,0,low,no_return,83.9,0,3,0,0
TX101988,CUST000632,857.79,Mobile,Credit Card,13.1,17.7,24,39,13,0,0.0,0,0,0,,,4,0,low,no_return,20.6,0,0,0,0
TX101989,CUST002771,1895.83,Electronics,Credit Card,0.1,1.9,42,441,10,1,0.1,0,0,0,,,3,0,low,no_return,32.5,0,0,1,0
TX101990,CUST001593,2730.54,Books,UPI,27.3,10.1,29,169,2,0,0.0,0,0,0,22.5,19.7,1,0,low,not_as_described_repeated,15.5,0,3,0,0
TX101991,CUST001314,2820.99,Mobile,UPI,6.3,19.5,51,142,9,0,0.0,0,0,0,,,8,0,low,no_return,42.5,0,0,0,0
TX101992,CUST000862,517.27,Electronics,Debit Card,25.4,2.9,35,176,17,0,0.0,0,0,0,,,1,0,low,no_return,20.6,0,3,0,0
TX101993,CUST001917,1555.21,Fashion,Credit Card,0.0,3.4,43,518,13,2,0.154,0,0,0,9.1,7.3,0,0,medium,not_as_described,10.0,0,0,0,0
TX101994,CUST002262,1453.15,Sports,Credit Card,10.6,6.1,28,163,7,0,0.0,0,1,0,30.0,28.9,0,0,low,size_issue,15.2,0,0,0,0
TX101995,CUST000007,4215.2,Footwear,Wallet,28.9,1.2,22,734,11,2,0.182,0,1,0,,,3,1,medium,no_return,35.5,1,2,0,0
TX101996,CUST001658,1595.64,Beauty,UPI,15.1,4.2,31,280,7,2,0.286,0,0,1,,,4,0,low,no_return,48.8,0,1,0,0
TX101997,CUST002980,1793.16,Electronics,UPI,22.2,14.6,25,57,9,1,0.111,0,1,0,,,5,0,low,no_return,4.6,0,0,0,0
TX101998,CUST000842,657.45,Electronics,Net Banking,4.2,40.6,18,333,7,1,0.143,0,1,0,,,0,0,low,no_return,35.8,0,1,0,0
TX101999,CUST000843,1060.47,Home,UPI,19.2,41.9,42,112,6,0,0.0,0,0,0,,,0,0,low,no_return,12.9,1,2,0,0
TX102000,CUST002634,628.79,Fashion,Net Banking,15.0,2.5,32,495,15,1,0.067,0,2,0,,,0,0,low,no_return,34.4,0,3,0,1
TX102001,CUST000187,1976.13,Fashion,Debit Card,17.9,37.3,24,165,5,0,0.0,0,0,0,,,1,0,low,no_return,29.0,0,0,0,0
TX102002,CUST001193,4298.02,Footwear,Debit Card,39.5,8.0,35,141,8,1,0.125,0,0,0,5.7,3.1,0,1,low,not_as_described,43.8,1,1,0,0
TX102003,CUST001375,1086.23,Electronics,UPI,30.7,5.3,32,460,10,0,0.0,0,0,0,12.6,10.6,1,0,high,not_as_described,45.4,0,1,0,0
TX102004,CUST002393,1604.21,Toys,Credit Card,24.5,5.5,46,85,10,0,0.0,0,0,0,2.5,2.4,1,0,low,defective,5.0,1,1,0,0
TX102005,CUST000387,1001.58,Footwear,COD,24.7,3.1,36,79,6,1,0.167,0,0,0,29.6,28.0,3,0,medium,not_as_described_repeated,18.9,0,1,0,0
TX102006,CUST001302,1230.35,Grocery,UPI,4.1,24.7,30,235,9,2,0.222,2,0,0,,,1,0,low,no_return,10.3,0,1,0,0
TX102007,CUST000457,2003.18,Grocery,COD,9.3,4.3,38,93,7,2,0.286,0,0,0,0.7,0.0,0,0,low,size_issue,45.2,1,2,0,1
TX102008,CUST002363,5564.15,Electronics,COD,0.0,6.1,31,230,10,0,0.0,0,0,0,,,1,1,low,no_return,21.3,1,1,1,0
TX102009,CUST001897,4167.87,Sports,COD,0.0,1.2,33,895,8,2,0.25,2,0,0,,,1,1,low,no_return,13.9,1,2,0,0
TX102010,CUST001490,4931.65,Home,UPI,4.4,1.0,44,183,5,0,0.0,0,0,0,,,1,1,low,no_return,22.4,0,1,0,0
TX102011,CUST001179,3291.99,Fashion,COD,14.7,21.6,20,399,13,2,0.154,0,1,0,3.2,2.3,1,0,low,changed_mind_repeated,38.1,0,2,0,0
TX102012,CUST000460,1590.06,Sports,COD,0.3,14.2,23,435,9,0,0.0,0,0,0,,,2,0,low,no_return,28.8,1,2,0,0
TX102013,CUST002765,1447.88,Electronics,UPI,14.5,8.2,27,80,11,1,0.091,1,0,0,,,2,0,low,no_return,10.5,0,3,0,0
TX102014,CUST001943,1090.79,Fashion,Net Banking,13.2,4.4,29,3,8,1,0.125,0,0,0,7.8,0.1,1,0,low,not_as_described_repeated,16.6,0,2,0,0
TX102015,CUST000958,279.33,Grocery,UPI,1.4,0.7,43,128,9,0,0.0,0,0,0,,,1,0,low,no_return,3.3,1,2,0,0
TX102016,CUST001242,1573.22,Home,Wallet,33.3,33.3,18,308,10,1,0.1,0,0,0,,,0,0,low,no_return,23.8,1,2,0,0
TX102017,CUST002178,4335.67,Electronics,UPI,0.0,0.5,31,198,9,1,0.111,0,0,0,,,0,1,low,no_return,21.4,1,2,0,0
TX102018,CUST002158,4305.36,Electronics,UPI,28.4,5.7,26,166,7,0,0.0,0,0,0,7.3,2.3,1,1,medium,changed_mind,19.0,1,1,0,0
TX102019,CUST001383,6838.29,Fashion,Debit Card,0.0,15.5,49,74,6,1,0.167,0,0,0,1.0,0.0,2,1,medium,changed_mind_repeated,15.6,0,0,0,1
TX102020,CUST000909,2100.6,Sports,UPI,13.3,11.1,40,200,11,1,0.091,0,2,0,,,1,0,low,no_return,56.9,1,2,0,0
TX102021,CUST001980,763.78,Beauty,UPI,0.6,2.4,34,533,4,1,0.25,1,1,0,0.5,0.1,0,0,low,changed_mind,50.9,0,2,0,0
TX102022,CUST001975,2617.69,Electronics,UPI,7.1,21.7,41,145,5,3,0.6,0,2,0,1.5,0.0,2,0,low,not_as_described_repeated,1.3,1,1,0,1
TX102023,CUST001799,5601.09,Grocery,COD,36.7,6.5,18,1090,6,0,0.0,0,1,0,,,2,1,medium,no_return,30.6,0,2,0,0
TX102024,CUST000219,4688.28,Mobile,UPI,10.8,14.0,52,380,5,0,0.0,0,1,0,,,3,1,low,no_return,23.6,0,2,0,0
TX102025,CUST001418,1338.11,Sports,Debit Card,1.7,4.0,23,72,8,1,0.125,0,1,0,,,3,0,low,no_return,2.2,1,5,0,0
TX102026,CUST001842,815.96,Beauty,Debit Card,20.9,16.8,44,293,5,0,0.0,0,0,0,,,1,0,low,no_return,11.0,0,0,0,0
TX102027,CUST002850,799.85,Grocery,Credit Card,10.7,14.4,37,1068,3,0,0.0,0,0,0,,,2,0,low,no_return,26.8,0,1,0,0
TX102028,CUST001577,1139.54,Footwear,Credit Card,16.8,67.5,34,34,10,0,0.0,0,0,0,,,0,0,low,no_return,36.9,1,4,0,0
TX102029,CUST001028,1260.98,Mobile,UPI,4.0,13.6,44,338,6,2,0.333,0,3,0,,,3,0,low,no_return,32.0,2,1,0,0
TX102030,CUST001667,1511.51,Electronics,Wallet,4.6,3.1,41,440,9,0,0.0,0,0,0,,,0,0,high,no_return,49.0,1,1,0,1
TX102031,CUST000532,2839.72,Fashion,COD,5.5,0.5,33,67,8,1,0.125,0,1,0,0.2,0.0,0,0,low,changed_mind_repeated,29.1,0,2,0,0
TX102032,CUST000272,1476.82,Electronics,Net Banking,24.6,12.0,27,821,14,3,0.214,0,0,1,,,1,0,low,no_return,36.5,1,0,0,0
TX102033,CUST002034,1925.32,Toys,COD,12.3,18.3,33,1,11,1,0.091,0,1,0,,,0,0,medium,no_return,17.8,1,2,0,0
TX102034,CUST002958,597.92,Electronics,COD,2.4,21.4,30,1186,12,0,0.0,0,0,1,,,0,0,low,no_return,41.0,0,1,0,0
TX102035,CUST002538,1091.76,Footwear,Wallet,16.9,6.0,35,504,10,1,0.1,0,0,0,8.0,7.8,1,0,medium,not_as_described_repeated,56.3,1,3,0,0
TX102036,CUST001751,1057.2,Electronics,Credit Card,16.0,57.1,42,345,11,1,0.091,0,0,0,1.7,0.0,3,0,medium,not_as_described,21.5,0,2,0,0
TX102037,CUST000121,528.31,Sports,Net Banking,21.9,10.8,36,26,4,0,0.0,0,0,0,,,0,0,low,no_return,16.4,0,0,0,0
TX102038,CUST002963,1451.98,Fashion,UPI,9.2,8.0,33,116,12,1,0.083,1,0,0,8.8,6.8,1,0,low,not_needed,12.2,1,0,0,0
TX102039,CUST001349,601.02,Beauty,UPI,14.1,30.2,25,423,7,0,0.0,0,0,0,,,1,0,low,no_return,41.5,0,2,0,0
TX102040,CUST000869,1383.54,Home,Credit Card,20.1,47.7,35,218,2,0,0.0,0,1,0,,,2,0,medium,no_return,10.2,0,2,0,0
TX102041,CUST002677,2023.76,Books,Credit Card,2.9,5.4,18,46,9,0,0.0,0,0,0,,,0,0,low,no_return,0.3,0,1,0,0
TX102042,CUST002239,4381.14,Beauty,Credit Card,25.6,23.5,24,417,3,0,0.0,0,0,0,7.1,2.9,1,1,low,changed_mind_repeated,40.3,0,1,0,0
TX102043,CUST002249,1020.15,Home,Debit Card,15.2,35.5,38,74,8,1,0.125,0,0,0,,,1,0,low,no_return,30.2,0,3,0,0
TX102044,CUST000833,1987.15,Books,Debit Card,1.8,5.0,40,522,9,0,0.0,0,0,0,,,1,0,low,no_return,12.4,0,1,0,0
TX102045,CUST002975,1194.61,Footwear,Net Banking,1.7,2.7,31,717,8,0,0.0,0,0,0,6.1,5.9,2,0,low,not_as_described,37.2,1,2,0,0
TX102046,CUST001359,577.65,Toys,Credit Card,13.8,5.7,34,249,3,0,0.0,0,0,0,,,1,0,low,no_return,1.5,1,1,0,0
TX102047,CUST001594,4412.47,Books,Credit Card,8.4,12.5,35,75,10,0,0.0,0,0,0,,,0,1,low,no_return,36.6,0,1,0,0
TX102048,CUST002253,2084.04,Beauty,COD,24.1,36.5,38,291,6,0,0.0,0,1,0,9.4,8.0,1,0,medium,not_as_described_repeated,34.4,1,0,0,1
TX102049,CUST001980,2533.11,Footwear,Debit Card,11.6,1.4,29,756,13,0,0.0,0,1,0,0.7,0.0,1,0,low,size_issue,51.5,1,2,0,0
TX102050,CUST000517,4858.94,Beauty,COD,18.6,22.7,22,10,7,0,0.0,0,0,0,0.3,0.0,1,1,medium,changed_mind_repeated,38.0,0,1,0,0
TX102051,CUST000908,1378.94,Mobile,Credit Card,4.8,3.4,35,50,1,0,0.0,0,0,0,0.4,0.0,0,0,low,size_issue,39.1,0,1,0,0
TX102052,CUST001084,736.3,Toys,UPI,14.7,22.5,51,442,7,0,0.0,0,1,1,,,1,0,low,no_return,29.0,0,2,0,0
TX102053,CUST002842,1009.96,Electronics,Net Banking,30.8,20.0,22,493,2,1,0.5,0,0,0,,,1,0,medium,no_return,15.9,2,3,0,0
TX102054,CUST002143,688.94,Electronics,UPI,13.2,7.8,30,609,8,2,0.25,0,1,0,,,1,0,low,no_return,20.4,0,0,0,0
TX102055,CUST001099,3678.39,Books,Debit Card,8.4,21.4,28,124,10,1,0.1,1,0,0,,,3,1,low,no_return,22.7,1,0,0,0
TX102056,CUST002204,5734.32,Grocery,Credit Card,4.6,9.1,56,1032,8,2,0.25,0,0,0,,,2,1,medium,no_return,18.8,0,0,0,0
TX102057,CUST002215,2009.54,Sports,Credit Card,14.8,8.9,22,425,13,1,0.077,1,0,0,,,2,0,medium,no_return,43.3,1,0,0,1
TX102058,CUST001183,2890.39,Mobile,COD,31.9,8.4,30,50,7,3,0.429,2,2,0,,,3,0,low,no_return,19.8,2,1,0,1
TX102059,CUST001210,3379.06,Sports,Credit Card,0.0,1.8,28,56,8,0,0.0,0,0,0,,,1,0,low,no_return,73.7,0,1,0,0
TX102060,CUST002682,5058.66,Home,UPI,14.4,6.9,19,347,10,0,0.0,0,0,0,,,1,1,high,no_return,30.6,2,2,0,0
TX102061,CUST001685,5588.73,Sports,COD,0.0,2.5,18,93,6,2,0.333,0,0,0,1.7,1.4,0,1,low,defective,12.0,1,1,0,0
TX102062,CUST000449,444.15,Electronics,UPI,10.1,12.8,37,1357,7,2,0.286,0,0,0,,,3,0,low,no_return,30.6,0,0,0,0
TX102063,CUST002159,1218.11,Sports,UPI,18.2,9.6,39,764,8,1,0.125,0,0,0,,,1,0,high,no_return,10.8,0,2,0,1
TX102064,CUST001769,1863.16,Footwear,Debit Card,0.0,7.8,26,418,9,0,0.0,0,0,0,7.4,6.0,1,0,low,not_as_described,24.0,0,2,0,0
TX102065,CUST001527,1117.66,Electronics,Credit Card,9.7,21.8,46,141,6,2,0.333,0,0,0,,,1,0,medium,no_return,34.4,1,0,0,0
TX102066,CUST002175,1537.5,Footwear,Debit Card,18.5,51.9,18,96,7,0,0.0,0,0,0,0.6,0.5,2,0,medium,not_needed,42.5,1,0,0,0
TX102067,CUST002721,2429.19,Toys,Credit Card,16.6,3.3,19,1135,7,1,0.143,1,0,0,,,1,0,high,no_return,23.0,0,0,0,0
TX102068,CUST000991,2387.08,Electronics,Credit Card,19.1,17.3,23,127,8,0,0.0,0,0,0,,,1,0,low,no_return,1.0,0,0,0,0
TX102069,CUST001258,3310.68,Footwear,Credit Card,3.3,5.0,31,399,14,0,0.0,0,0,0,,,0,0,low,no_return,22.6,0,1,0,0
TX102070,CUST000569,1890.71,Books,Net Banking,18.5,44.0,27,432,6,0,0.0,0,0,0,,,3,0,low,no_return,25.2,2,2,0,0
TX102071,CUST001941,297.1,Beauty,UPI,7.8,2.1,29,297,3,1,0.333,1,2,0,2.8,0.5,0,0,low,not_needed,24.6,0,1,0,0
TX102072,CUST001208,1451.98,Fashion,Net Banking,23.6,0.6,36,201,7,1,0.143,0,0,0,,,3,0,low,no_return,53.3,0,4,0,0
TX102073,CUST001027,2278.73,Fashion,Credit Card,0.0,4.5,46,49,7,0,0.0,0,0,0,,,1,0,low,no_return,19.2,0,2,0,0
TX102074,CUST002089,3459.09,Grocery,Credit Card,11.5,2.1,40,849,5,2,0.4,1,0,0,,,1,1,low,no_return,13.0,1,2,0,0
TX102075,CUST001225,3153.3,Fashion,COD,16.2,18.6,32,95,14,1,0.071,0,0,0,,,0,0,low,no_return,31.1,0,0,0,0
TX102076,CUST001393,1724.84,Fashion,Credit Card,31.2,20.7,31,770,8,0,0.0,0,0,0,,,3,0,medium,no_return,5.1,0,1,0,0
TX102077,CUST001320,1163.7,Mobile,Debit Card,16.0,29.7,43,482,6,1,0.167,0,0,0,,,1,0,low,no_return,24.3,1,2,0,0
TX102078,CUST000776,1778.71,Books,Net Banking,17.3,18.1,50,338,12,1,0.083,0,0,0,13.1,12.6,0,0,low,changed_mind_repeated,28.6,0,1,0,0
TX102079,CUST000378,493.17,Books,COD,19.5,6.2,38,456,8,1,0.125,0,1,0,,,1,0,low,no_return,34.7,0,2,0,0
TX102080,CUST002481,1243.36,Mobile,Credit Card,30.0,0.6,27,813,7,0,0.0,0,0,0,,,0,0,low,no_return,25.1,1,1,0,0
TX102081,CUST000276,3861.93,Electronics,COD,10.4,25.0,34,902,5,2,0.4,0,0,0,,,1,1,low,no_return,13.5,0,1,0,0
TX102082,CUST000975,1775.11,Fashion,Credit Card,0.0,0.5,37,212,9,0,0.0,0,1,0,,,2,0,low,no_return,15.4,0,5,0,0
TX102083,CUST002002,2341.54,Grocery,COD,0.0,19.7,26,1047,7,0,0.0,0,0,0,,,3,0,low,no_return,33.3,1,2,0,1
TX102084,CUST000394,668.17,Home,UPI,23.0,17.2,40,483,5,0,0.0,0,0,0,,,1,0,low,no_return,7.4,0,1,1,0
TX102085,CUST001966,3444.39,Electronics,UPI,17.7,42.4,34,302,8,0,0.0,0,0,0,,,0,1,low,no_return,22.8,0,1,0,0
TX102086,CUST002199,1666.59,Toys,Debit Card,11.9,4.1,43,723,10,1,0.1,0,0,0,,,4,0,low,no_return,26.2,2,2,0,0
TX102087,CUST001989,2290.67,Electronics,UPI,8.0,8.9,22,57,10,1,0.1,1,2,0,,,2,0,low,no_return,31.7,0,0,0,1
TX102088,CUST000915,2618.99,Sports,COD,17.2,12.8,18,901,7,1,0.143,1,0,1,,,2,0,low,no_return,6.2,0,4,0,0
TX102089,CUST000060,3365.55,Sports,UPI,17.5,2.0,28,69,11,0,0.0,0,0,0,3.7,3.6,0,0,low,not_as_described,14.8,1,0,0,0
TX102090,CUST002662,2069.36,Grocery,UPI,20.8,4.3,32,1016,10,2,0.2,0,1,0,8.5,6.4,3,0,low,changed_mind,33.8,0,2,0,0
TX102091,CUST000980,1692.82,Fashion,Debit Card,1.7,0.5,18,181,9,0,0.0,0,0,0,8.3,7.1,0,0,medium,size_issue,48.9,0,0,0,0
TX102092,CUST002415,779.01,Electronics,Credit Card,0.0,26.8,25,125,14,0,0.0,0,0,0,,,0,0,low,no_return,29.3,1,2,0,0
TX102093,CUST000594,624.59,Footwear,Wallet,4.0,9.0,44,136,6,0,0.0,0,0,0,27.1,26.1,2,0,low,size_issue,25.4,1,5,0,0
TX102094,CUST000488,2042.44,Footwear,UPI,0.0,12.3,37,236,9,0,0.0,0,0,0,,,1,0,low,no_return,31.0,0,1,0,0
TX102095,CUST002334,2300.29,Beauty,UPI,0.0,11.7,33,147,7,0,0.0,0,0,1,,,2,0,low,no_return,30.9,3,2,0,0
TX102096,CUST002819,2548.37,Electronics,UPI,33.8,25.9,21,1578,7,2,0.286,1,1,0,,,1,0,low,no_return,20.2,0,0,0,0
TX102097,CUST002582,1024.62,Sports,Credit Card,0.0,4.1,44,2163,12,4,0.333,0,1,0,14.3,12.9,1,0,low,changed_mind,25.2,0,0,0,0
TX102098,CUST002253,1251.33,Fashion,UPI,20.6,16.4,27,80,7,0,0.0,0,0,0,7.4,6.2,2,0,high,not_as_described,21.8,0,1,0,0
TX102099,CUST000740,2018.58,Fashion,COD,25.9,12.0,32,429,12,0,0.0,0,0,0,,,3,0,low,no_return,7.3,2,1,0,0
TX102100,CUST002739,1361.38,Fashion,UPI,26.8,13.9,36,625,5,0,0.0,0,0,0,,,2,0,medium,no_return,55.3,0,1,0,0
TX102101,CUST002003,7184.94,Fashion,Net Banking,18.3,6.6,33,264,6,0,0.0,0,0,0,,,1,1,low,no_return,42.5,1,2,0,0
TX102102,CUST000517,1233.06,Fashion,Debit Card,30.8,4.6,46,563,12,1,0.083,1,0,0,,,4,0,low,no_return,9.5,1,1,0,0
TX102103,CUST000388,2402.69,Fashion,Debit Card,36.4,10.9,37,443,6,2,0.333,0,1,0,,,4,0,low,no_return,27.4,2,3,0,0
TX102104,CUST002613,3093.83,Toys,UPI,11.4,1.0,35,329,10,0,0.0,0,0,0,2.3,0.0,0,0,high,not_as_described_repeated,33.3,0,3,0,0
TX102105,CUST000826,3214.06,Beauty,UPI,20.4,7.7,31,596,10,0,0.0,0,0,0,,,2,0,low,no_return,11.7,0,2,1,0
TX102106,CUST002297,1345.16,Home,Credit Card,30.3,5.6,36,307,5,0,0.0,0,0,0,1.7,0.4,0,0,low,size_issue,9.9,1,3,0,0
TX102107,CUST000416,2627.14,Electronics,Debit Card,4.7,7.4,29,133,8,1,0.125,0,4,0,6.2,4.3,2,0,low,not_as_described,39.7,1,3,0,1
TX102108,CUST000842,2423.55,Footwear,Debit Card,12.1,19.4,33,129,6,1,0.167,0,0,0,,,2,0,low,no_return,25.9,0,0,0,0
TX102109,CUST000851,2699.44,Electronics,Credit Card,7.5,33.0,28,14,17,3,0.176,0,1,0,,,2,0,low,no_return,22.2,1,0,0,0
TX102110,CUST000844,2001.18,Fashion,UPI,20.5,7.1,27,743,13,4,0.308,1,3,0,,,3,0,low,no_return,30.1,1,2,0,1
TX102111,CUST002024,3107.8,Grocery,Wallet,0.0,16.0,22,463,13,1,0.077,0,0,0,,,1,0,low,no_return,17.8,0,4,0,0
TX102112,CUST002743,2158.6,Grocery,UPI,32.2,7.6,29,223,11,1,0.091,0,0,0,,,0,0,low,no_return,12.3,0,2,0,0
TX102113,CUST002731,713.32,Toys,UPI,21.4,7.6,28,432,3,0,0.0,0,0,0,3.3,3.2,3,0,low,changed_mind,46.3,3,1,1,0
TX102114,CUST002224,2116.92,Home,Credit Card,22.1,2.3,50,460,9,0,0.0,0,0,0,,,4,0,low,no_return,43.6,0,3,0,0
TX102115,CUST000608,2280.37,Home,Credit Card,0.0,6.6,41,105,13,3,0.231,0,0,0,,,0,0,low,no_return,54.1,2,0,0,0
TX102116,CUST002881,2972.24,Fashion,Credit Card,2.5,6.8,30,434,6,0,0.0,0,0,0,,,0,0,low,no_return,14.5,0,1,0,0
TX102117,CUST001626,2044.03,Sports,Debit Card,32.9,9.1,27,992,2,1,0.5,0,1,0,,,1,0,low,no_return,22.4,0,3,0,0
TX102118,CUST001638,5134.04,Home,Debit Card,12.9,17.1,38,1344,7,0,0.0,0,0,0,3.5,2.9,0,1,low,not_as_described_repeated,16.7,0,3,0,0
TX102119,CUST002104,1732.49,Fashion,Debit Card,0.0,1.8,51,133,8,1,0.125,0,0,0,,,1,0,low,no_return,28.5,1,2,0,0
TX102120,CUST002307,1298.15,Electronics,UPI,17.7,25.7,39,393,9,2,0.222,2,1,0,,,0,0,low,no_return,16.7,1,1,0,0
TX102121,CUST002858,4175.63,Mobile,UPI,23.1,24.1,18,401,10,0,0.0,0,0,0,,,0,1,low,no_return,31.5,0,3,0,0
TX102122,CUST001747,1701.25,Electronics,COD,21.4,4.0,40,54,8,0,0.0,0,0,0,6.0,5.4,0,0,low,not_as_described,46.0,1,2,0,0
TX102123,CUST001830,1922.39,Fashion,UPI,13.2,39.5,42,951,8,0,0.0,0,0,1,,,2,0,low,no_return,21.1,2,0,0,0
TX102124,CUST002236,2280.98,Footwear,Credit Card,28.6,29.4,53,220,7,0,0.0,0,0,0,,,0,0,low,no_return,11.8,2,1,0,0
TX102125,CUST000766,2159.68,Books,Credit Card,6.6,3.6,29,287,5,0,0.0,0,0,0,3.4,3.2,2,0,low,not_as_described_repeated,20.8,1,2,0,0
TX102126,CUST000923,2685.8,Sports,COD,21.5,61.8,33,175,8,1,0.125,0,1,0,,,1,0,low,no_return,5.0,1,4,0,0
TX102127,CUST001876,2863.23,Grocery,UPI,16.6,2.1,36,73,7,1,0.143,0,0,0,,,2,0,high,no_return,40.4,0,3,0,0
TX102128,CUST000193,1219.72,Electronics,Net Banking,13.4,13.2,24,403,4,0,0.0,0,1,0,,,0,0,low,no_return,24.5,1,4,0,0
TX102129,CUST000962,826.5,Toys,Credit Card,10.5,10.4,23,360,9,1,0.111,0,0,0,,,3,0,low,no_return,12.9,1,1,0,0
TX102130,CUST002154,897.94,Fashion,Wallet,10.9,37.8,35,718,8,0,0.0,0,0,0,,,2,0,low,no_return,26.5,1,0,0,0
TX102131,CUST002928,3894.78,Mobile,UPI,15.4,3.2,18,596,8,1,0.125,0,0,0,1.4,1.2,2,1,low,changed_mind_repeated,20.6,1,5,0,0
TX102132,CUST001558,1609.11,Fashion,COD,11.5,13.7,18,1311,11,0,0.0,0,0,0,,,0,0,low,no_return,29.6,0,3,0,0
TX102133,CUST001199,3076.47,Grocery,Credit Card,23.8,1.3,40,1326,11,1,0.091,0,0,0,,,1,0,low,no_return,20.0,1,0,0,0
TX102134,CUST001321,2912.29,Sports,COD,8.6,0.5,36,172,11,0,0.0,0,1,0,4.6,3.4,2,0,low,not_needed,18.8,0,1,0,0
TX102135,CUST002056,1922.12,Electronics,Credit Card,33.8,16.2,44,488,8,1,0.125,1,1,0,,,4,0,low,no_return,41.4,1,2,0,0
TX102136,CUST001633,1013.93,Home,Net Banking,8.0,30.6,36,242,11,0,0.0,0,0,0,8.1,6.3,2,0,low,changed_mind,30.9,2,2,0,0
TX102137,CUST000070,2956.82,Toys,COD,26.0,20.0,32,441,8,1,0.125,0,0,0,30.0,28.5,4,0,high,size_issue,59.5,0,4,0,0
TX102138,CUST001618,1879.46,Fashion,Debit Card,26.6,3.1,44,945,6,2,0.333,0,0,0,,,2,0,low,no_return,26.9,0,6,0,0
TX102139,CUST001200,789.54,Mobile,UPI,17.0,27.2,27,265,6,2,0.333,0,0,0,,,2,0,low,no_return,38.2,0,3,0,0
TX102140,CUST002102,1369.14,Fashion,UPI,15.9,7.0,28,790,9,1,0.111,0,1,0,,,0,0,low,no_return,17.3,0,0,0,0
TX102141,CUST002625,588.61,Grocery,Wallet,6.3,1.6,31,922,9,1,0.111,0,0,0,,,1,0,low,no_return,25.2,2,2,0,0
TX102142,CUST002887,1413.42,Grocery,Net Banking,8.8,13.6,36,144,8,1,0.125,1,0,0,5.2,4.5,4,0,high,defective,12.1,0,0,0,0
TX102143,CUST001831,1987.64,Beauty,UPI,17.6,16.0,31,5,8,0,0.0,0,0,0,1.6,0.0,0,0,medium,not_as_described,27.9,0,1,0,0
TX102144,CUST001088,1750.68,Grocery,UPI,14.5,6.0,18,899,12,0,0.0,0,0,0,,,0,0,low,no_return,37.6,0,2,0,0
TX102145,CUST001332,1614.97,Books,UPI,29.2,37.5,29,513,8,1,0.125,1,0,0,,,2,0,low,no_return,21.8,0,1,0,0
TX102146,CUST000530,1974.27,Grocery,UPI,9.5,1.4,31,136,7,1,0.143,0,0,0,,,1,0,low,no_return,39.6,3,3,0,0
TX102147,CUST002807,2584.44,Sports,UPI,10.3,15.2,33,253,8,0,0.0,0,0,0,,,5,0,medium,no_return,25.7,0,0,0,0
TX102148,CUST002542,3230.92,Sports,COD,0.0,13.1,27,45,5,2,0.4,0,1,0,,,3,0,high,no_return,20.4,0,2,0,0
TX102149,CUST002562,3504.49,Home,UPI,22.7,25.5,37,702,7,0,0.0,0,0,0,,,2,1,low,no_return,44.9,1,0,0,0
TX102150,CUST000985,1126.81,Electronics,Net Banking,21.6,14.2,18,716,14,0,0.0,0,0,0,,,2,0,low,no_return,36.9,0,2,0,0
TX102151,CUST000967,3719.43,Electronics,Wallet,26.7,2.7,36,289,10,2,0.2,2,0,0,7.6,6.9,2,1,medium,changed_mind,16.7,1,1,0,0
TX102152,CUST002569,1881.38,Sports,UPI,27.4,0.5,49,48,7,0,0.0,0,0,0,,,3,0,low,no_return,30.6,0,4,0,0
TX102153,CUST001634,1498.4,Footwear,Credit Card,24.5,7.7,25,462,13,1,0.077,0,0,0,,,2,0,low,no_return,10.6,0,0,0,0
TX102154,CUST002114,917.37,Electronics,Debit Card,25.0,1.0,32,332,7,1,0.143,0,2,0,,,2,0,medium,no_return,21.8,1,1,0,0
TX102155,CUST001469,282.35,Sports,UPI,22.3,20.1,29,241,8,1,0.125,0,0,0,8.3,6.9,1,0,medium,not_needed,23.4,0,2,0,0
TX102156,CUST001328,2471.66,Fashion,COD,24.2,30.9,29,73,11,2,0.182,0,0,0,,,0,0,high,no_return,12.9,0,2,0,0
TX102157,CUST001896,2411.58,Sports,Debit Card,0.0,6.7,21,23,12,1,0.083,0,0,0,12.9,10.4,0,0,low,defective,58.2,1,3,0,0
TX102158,CUST002439,1285.88,Books,UPI,1.8,34.4,51,433,9,0,0.0,0,0,0,,,1,0,medium,no_return,4.9,0,2,0,0
TX102159,CUST001002,1311.78,Books,Net Banking,0.0,6.1,35,171,11,2,0.182,0,0,0,,,0,0,low,no_return,12.7,0,0,0,0
TX102160,CUST002427,1708.59,Books,Credit Card,30.2,27.8,25,240,6,0,0.0,0,0,0,,,1,0,medium,no_return,38.5,1,3,0,0
TX102161,CUST000733,1481.11,Toys,UPI,5.6,18.3,24,161,5,0,0.0,0,0,0,,,3,0,low,no_return,51.3,0,2,0,1
TX102162,CUST001209,1091.58,Electronics,Wallet,7.5,10.3,32,180,6,0,0.0,0,2,0,,,0,0,high,no_return,68.4,0,3,0,0
TX102163,CUST002738,847.37,Beauty,UPI,15.1,0.7,18,1702,15,2,0.133,1,0,0,,,1,0,low,no_return,8.4,0,2,0,1
TX102164,CUST002863,3745.11,Fashion,UPI,0.1,1.9,42,105,5,1,0.2,1,0,0,8.0,7.3,1,1,low,defective,22.5,0,3,1,0
TX102165,CUST002771,1364.41,Footwear,UPI,19.6,7.6,26,639,7,0,0.0,0,0,0,3.1,0.5,1,0,low,not_as_described,18.9,0,2,0,0
TX102166,CUST000948,2402.94,Toys,Credit Card,0.0,10.0,35,234,12,0,0.0,0,0,0,6.0,5.3,1,0,low,changed_mind_repeated,8.9,2,6,0,0
TX102167,CUST002530,2706.91,Electronics,Credit Card,0.9,13.5,36,512,6,2,0.333,2,0,0,3.7,3.6,1,0,low,not_needed,23.7,2,2,0,0
TX102168,CUST002808,2479.33,Fashion,Debit Card,17.4,1.4,41,85,7,0,0.0,0,0,0,,,0,0,low,no_return,43.5,4,5,0,0
TX102169,CUST002934,2799.45,Home,Credit Card,0.1,7.2,36,232,9,2,0.222,0,1,0,2.0,0.0,3,0,low,changed_mind_repeated,8.2,0,3,0,0
TX102170,CUST000063,2461.83,Mobile,Debit Card,30.6,11.8,39,46,9,0,0.0,0,0,0,,,2,0,medium,no_return,27.9,1,0,0,0
TX102171,CUST002235,1204.04,Electronics,UPI,15.6,3.7,42,366,11,0,0.0,0,1,0,,,1,0,low,no_return,51.6,0,4,0,0
TX102172,CUST002990,1537.43,Sports,Credit Card,28.6,14.4,28,16,10,1,0.1,1,1,0,,,0,0,medium,no_return,17.9,0,1,0,0
TX102173,CUST002294,3683.14,Home,Net Banking,19.3,6.1,53,108,8,1,0.125,0,1,0,3.7,3.3,5,1,low,not_as_described_repeated,20.1,0,2,0,0
TX102174,CUST000700,1337.71,Grocery,COD,14.9,0.6,35,730,14,2,0.143,0,0,0,,,2,0,low,no_return,22.0,1,2,0,0
TX102175,CUST002288,1883.14,Grocery,COD,3.0,1.2,31,269,4,1,0.25,0,0,0,3.3,2.6,4,0,high,not_as_described_repeated,41.7,0,0,0,0
TX102176,CUST000316,2591.61,Fashion,Credit Card,26.1,4.5,23,527,11,0,0.0,0,0,0,8.7,6.2,1,0,low,not_as_described_repeated,11.8,1,4,0,0
TX102177,CUST001442,4523.88,Toys,Credit Card,20.3,10.5,29,206,11,1,0.091,1,2,0,,,2,1,low,no_return,40.1,0,0,0,0
TX102178,CUST001879,3482.49,Electronics,COD,40.0,10.5,36,319,10,1,0.1,0,0,0,4.1,1.6,0,1,low,size_issue,10.1,2,4,0,0
TX102179,CUST001369,985.85,Toys,Net Banking,24.9,17.5,32,1154,6,0,0.0,0,0,0,,,1,0,low,no_return,65.8,1,2,0,1
TX102180,CUST002099,2354.61,Fashion,COD,10.2,6.3,50,77,7,0,0.0,0,0,0,,,1,0,low,no_return,39.9,1,3,0,0
TX102181,CUST000721,2184.76,Sports,Credit Card,18.5,2.0,28,101,10,1,0.1,0,0,0,,,0,0,low,no_return,38.8,0,1,0,0
TX102182,CUST001819,1546.31,Home,UPI,20.1,14.6,38,78,5,0,0.0,0,1,0,,,2,0,low,no_return,31.9,0,2,0,0
TX102183,CUST001934,1919.16,Sports,UPI,29.0,1.0,20,11,12,1,0.083,1,0,0,,,1,0,low,no_return,41.2,1,2,0,0
TX102184,CUST001901,1196.0,Fashion,UPI,30.9,24.7,53,38,8,0,0.0,0,1,0,,,0,0,low,no_return,51.2,1,2,0,0
TX102185,CUST000868,1688.36,Sports,Credit Card,13.1,8.8,20,3,7,0,0.0,0,0,0,,,1,0,low,no_return,27.7,1,2,0,0
TX102186,CUST000916,1346.09,Electronics,UPI,0.4,4.8,52,54,7,3,0.429,0,0,0,3.4,2.9,0,0,low,not_needed,20.3,0,2,0,0
TX102187,CUST000774,2013.74,Home,Credit Card,0.0,4.0,30,1563,6,0,0.0,0,1,1,0.2,0.0,1,0,low,not_needed,32.0,1,2,0,0
TX102188,CUST001385,1508.76,Toys,Debit Card,1.3,16.3,18,193,6,1,0.167,1,2,0,3.4,2.8,2,0,low,not_as_described,10.1,0,1,0,0
TX102189,CUST001758,4735.11,Beauty,Debit Card,7.9,1.5,45,432,3,0,0.0,0,0,0,,,3,1,low,no_return,20.0,0,1,0,0
TX102190,CUST001088,2056.87,Beauty,Debit Card,33.1,9.6,32,670,8,0,0.0,0,0,0,,,2,0,high,no_return,7.6,0,1,0,0
TX102191,CUST001230,1810.67,Grocery,UPI,33.2,14.9,27,872,9,0,0.0,0,0,0,,,5,0,high,no_return,18.9,2,1,0,0
TX102192,CUST000859,1629.72,Home,Credit Card,26.5,37.0,38,256,2,0,0.0,0,0,0,1.7,0.9,4,0,low,changed_mind_repeated,32.1,2,1,0,0
TX102193,CUST000657,1511.46,Footwear,Wallet,29.8,16.7,38,270,6,0,0.0,0,0,0,0.1,0.0,1,0,low,not_as_described,10.5,1,1,0,0
TX102194,CUST001972,789.67,Home,Credit Card,6.5,11.2,36,169,6,1,0.167,0,0,0,,,1,0,low,no_return,6.9,0,3,0,0
TX102195,CUST002448,3071.92,Mobile,Net Banking,0.0,4.3,43,349,6,1,0.167,0,0,0,2.4,0.3,2,0,low,not_needed,22.4,0,2,0,0
TX102196,CUST000872,4179.32,Footwear,Credit Card,2.9,0.5,34,66,7,0,0.0,0,0,0,,,1,1,low,no_return,32.6,1,2,1,0
TX102197,CUST002581,1332.4,Home,Debit Card,0.0,54.9,38,81,13,2,0.154,0,0,0,6.6,6.4,2,0,high,not_as_described_repeated,8.2,2,2,0,0
TX102198,CUST001713,3671.37,Home,Credit Card,1.6,1.2,26,321,8,3,0.375,3,2,0,,,1,1,low,no_return,11.6,0,1,0,0
TX102199,CUST000503,7141.26,Grocery,Debit Card,8.9,23.3,39,547,6,0,0.0,0,0,0,,,1,1,low,no_return,34.0,0,1,0,0
TX102200,CUST001098,5610.99,Books,Net Banking,17.0,1.6,26,190,6,1,0.167,0,1,0,,,1,1,low,no_return,9.8,0,0,0,0
TX102201,CUST000023,4066.54,Fashion,Credit Card,16.6,0.9,20,673,8,0,0.0,0,0,0,,,1,1,high,no_return,29.2,1,3,0,0
TX102202,CUST000118,859.96,Fashion,COD,6.7,10.7,29,702,7,2,0.286,0,1,0,1.7,1.6,0,0,low,changed_mind_repeated,40.0,2,0,0,0
TX102203,CUST001009,853.04,Electronics,Net Banking,21.8,12.7,29,1115,8,3,0.375,0,1,0,,,2,0,medium,no_return,21.6,1,2,1,0
TX102204,CUST001363,2790.98,Books,COD,7.0,0.9,41,176,7,0,0.0,0,0,0,,,1,0,low,no_return,28.5,0,2,0,0
TX102205,CUST002392,1895.22,Books,UPI,15.1,6.1,18,900,6,0,0.0,0,1,0,,,1,0,medium,no_return,24.3,0,0,1,0
TX102206,CUST000403,424.73,Fashion,UPI,1.7,10.1,42,475,11,0,0.0,0,1,0,,,2,0,low,no_return,23.8,1,2,0,0
TX102207,CUST002517,1436.26,Beauty,Net Banking,28.1,4.0,25,379,10,0,0.0,0,0,0,,,1,0,low,no_return,16.0,1,3,0,0
TX102208,CUST000704,2714.67,Books,COD,15.3,2.1,18,84,4,2,0.5,0,2,0,0.6,0.1,2,0,low,not_as_described,6.1,1,2,0,0
TX102209,CUST000415,1704.33,Mobile,Wallet,23.1,3.4,19,9,7,2,0.286,0,0,0,22.3,19.8,1,0,low,not_needed,23.9,0,2,0,0
TX102210,CUST002099,1901.23,Fashion,UPI,0.4,11.7,28,329,9,0,0.0,0,0,0,,,3,0,low,no_return,17.4,1,1,0,0
TX102211,CUST002323,852.15,Fashion,COD,17.1,2.6,36,258,6,0,0.0,0,3,0,3.6,3.5,0,0,low,not_as_described,4.8,1,1,0,0
TX102212,CUST001815,1424.03,Home,COD,21.9,7.2,30,158,11,0,0.0,0,0,0,3.3,3.0,2,0,low,not_needed,9.4,0,0,0,0
TX102213,CUST000347,2798.34,Grocery,Net Banking,0.0,0.5,19,334,7,0,0.0,0,1,0,,,4,0,medium,no_return,18.2,1,0,0,0
TX102214,CUST000346,1378.21,Electronics,Debit Card,29.0,11.9,24,211,8,0,0.0,0,1,1,,,1,0,low,no_return,47.8,0,2,0,0
TX102215,CUST001170,3853.12,Fashion,UPI,0.0,11.1,20,626,5,0,0.0,0,0,0,5.2,3.5,3,1,low,changed_mind,15.9,0,3,0,0
TX102216,CUST001352,1929.15,Toys,Debit Card,17.5,12.9,34,290,11,2,0.182,0,1,0,,,1,0,low,no_return,38.3,0,1,0,0
TX102217,CUST002995,2465.85,Sports,Debit Card,36.5,5.7,31,151,10,1,0.1,0,0,0,,,3,0,low,no_return,4.1,0,2,0,0
TX102218,CUST000860,2759.18,Fashion,Credit Card,26.5,2.6,38,618,8,0,0.0,0,1,0,0.5,0.2,0,0,low,changed_mind,13.8,2,4,0,0
TX102219,CUST000578,2691.13,Home,UPI,0.0,3.6,18,33,7,1,0.143,1,1,0,,,3,0,low,no_return,32.2,0,0,0,0
TX102220,CUST002837,966.56,Electronics,Net Banking,12.9,13.9,26,287,12,0,0.0,0,0,0,,,2,0,high,no_return,5.9,1,3,0,0
TX102221,CUST000462,1086.19,Home,UPI,29.8,9.8,52,51,12,2,0.167,2,0,0,6.1,5.7,4,0,medium,size_issue,25.5,0,0,0,0
TX102222,CUST000080,419.32,Home,Credit Card,5.2,30.4,38,16,5,0,0.0,0,0,0,,,2,0,low,no_return,10.1,0,2,0,0
TX102223,CUST001268,1533.9,Electronics,Debit Card,10.7,1.6,29,437,7,0,0.0,0,0,0,5.7,2.6,1,0,medium,changed_mind,18.0,1,2,0,0
TX102224,CUST001203,1031.35,Electronics,Wallet,10.3,79.0,22,352,7,0,0.0,0,2,0,10.2,8.8,0,0,low,not_needed,27.0,1,0,0,0
TX102225,CUST001859,1351.01,Footwear,Debit Card,21.8,2.8,43,129,4,0,0.0,0,0,0,,,0,0,low,no_return,35.2,1,2,0,0
TX102226,CUST002633,1638.99,Footwear,Credit Card,0.0,6.8,47,28,6,1,0.167,1,0,0,,,1,0,medium,no_return,37.1,1,4,0,1
TX102227,CUST002798,2092.47,Electronics,UPI,22.5,32.9,20,192,9,0,0.0,0,0,0,,,1,0,medium,no_return,21.5,0,5,0,0
TX102228,CUST000869,1720.97,Grocery,Credit Card,7.5,12.6,21,51,6,0,0.0,0,0,0,9.7,4.8,1,0,low,not_as_described_repeated,16.6,0,0,0,0
TX102229,CUST002942,1700.53,Electronics,UPI,14.9,1.0,34,441,11,0,0.0,0,0,0,,,0,0,low,no_return,37.3,1,1,0,0
TX102230,CUST001898,2344.8,Toys,COD,12.3,11.9,35,650,8,1,0.125,0,1,0,,,1,0,low,no_return,35.5,1,3,0,0
TX102231,CUST000209,1848.14,Footwear,Credit Card,22.2,5.3,36,399,5,1,0.2,0,1,0,6.7,5.7,0,0,low,not_as_described_repeated,27.2,0,1,0,0
TX102232,CUST002815,3211.37,Grocery,UPI,14.7,16.8,50,331,9,1,0.111,0,1,0,1.2,0.0,1,0,low,size_issue,8.4,1,1,0,1
TX102233,CUST000414,1851.92,Grocery,Net Banking,32.3,16.2,22,352,6,0,0.0,0,0,0,4.3,1.7,1,0,low,changed_mind,24.5,0,2,0,0
TX102234,CUST001766,4540.83,Home,UPI,26.9,3.2,32,142,6,0,0.0,0,0,0,3.5,0.0,4,1,low,defective,40.6,0,3,0,0
TX102235,CUST002372,940.26,Fashion,UPI,5.5,4.1,39,266,5,0,0.0,0,0,0,2.2,0.0,2,0,low,size_issue,60.1,1,0,0,0
TX102236,CUST000749,1516.07,Beauty,Credit Card,31.4,9.9,39,313,5,0,0.0,0,0,0,,,0,0,low,no_return,17.7,0,1,0,0
TX102237,CUST000812,1210.66,Electronics,UPI,18.8,0.5,25,270,10,0,0.0,0,0,0,,,2,0,low,no_return,18.5,0,1,0,0
TX102238,CUST001429,2144.0,Grocery,UPI,17.0,9.0,25,455,10,1,0.1,0,0,0,,,3,0,low,no_return,29.6,2,1,0,0
TX102239,CUST002654,939.84,Beauty,Wallet,25.2,15.8,27,493,8,1,0.125,0,1,0,7.1,4.9,2,0,low,size_issue,2.6,1,1,0,0
TX102240,CUST000671,672.6,Fashion,COD,2.5,12.2,49,303,4,0,0.0,0,0,0,,,0,0,low,no_return,17.3,0,1,0,0
TX102241,CUST001990,1064.32,Sports,COD,0.0,28.5,22,640,5,1,0.2,1,1,0,,,1,0,low,no_return,33.1,2,2,0,0
TX102242,CUST001358,705.93,Toys,Debit Card,15.3,17.9,28,330,9,0,0.0,0,0,0,,,2,0,low,no_return,33.9,3,0,0,0
TX102243,CUST000336,1653.1,Sports,UPI,7.7,20.9,39,659,20,4,0.2,2,1,0,,,2,0,low,no_return,31.0,1,2,0,0
TX102244,CUST002132,2088.66,Beauty,COD,39.9,4.2,21,177,16,2,0.125,0,0,0,7.4,7.0,1,0,low,not_needed,33.2,1,1,0,0
TX102245,CUST002497,605.3,Footwear,Credit Card,5.8,25.9,34,838,7,0,0.0,0,0,0,6.2,6.1,2,0,low,defective,19.7,0,1,0,0
TX102246,CUST001727,1455.11,Electronics,UPI,15.5,39.2,18,171,5,0,0.0,0,1,0,0.6,0.0,2,0,low,not_as_described,34.2,2,2,0,0
TX102247,CUST000529,3476.74,Grocery,Credit Card,17.3,13.2,33,665,12,6,0.5,1,2,1,,,6,1,low,no_return,20.9,0,1,0,0
TX102248,CUST000468,4099.36,Home,Credit Card,29.8,24.1,32,84,14,0,0.0,0,0,0,,,3,1,high,no_return,7.3,0,0,0,1
TX102249,CUST001271,2936.06,Fashion,UPI,3.1,3.5,33,105,13,3,0.231,0,2,0,,,3,0,low,no_return,13.2,0,5,0,0
TX102250,CUST001519,320.66,Mobile,UPI,0.0,5.6,23,203,5,0,0.0,0,0,0,0.6,0.4,1,0,low,changed_mind,39.0,1,2,0,0
TX102251,CUST001657,1970.72,Home,Credit Card,31.7,30.5,34,1025,7,1,0.143,0,1,0,20.3,20.3,2,0,low,not_needed,9.2,1,0,0,0
TX102252,CUST000731,3725.66,Fashion,Credit Card,16.0,5.3,31,542,10,1,0.1,0,0,0,,,2,1,low,no_return,23.7,0,1,0,0
TX102253,CUST001502,1360.55,Fashion,UPI,24.7,3.9,44,425,12,0,0.0,0,0,0,,,0,0,low,no_return,10.4,1,0,0,0
TX102254,CUST000885,799.02,Mobile,Debit Card,25.3,24.0,38,177,10,0,0.0,0,0,0,,,0,0,low,no_return,51.9,1,3,0,0
TX102255,CUST002058,3556.63,Footwear,UPI,27.4,1.3,18,472,9,2,0.222,0,1,1,,,0,1,high,no_return,43.8,1,3,0,0
TX102256,CUST002389,3878.06,Electronics,Debit Card,10.5,5.6,23,175,10,3,0.3,1,1,0,,,1,1,low,no_return,16.2,1,1,0,0
TX102257,CUST001958,1839.53,Sports,UPI,7.2,6.0,25,645,3,1,0.333,0,2,0,,,1,0,medium,no_return,17.7,1,0,0,0
TX102258,CUST000004,804.14,Electronics,Credit Card,0.0,1.6,33,130,5,0,0.0,0,0,0,,,2,0,low,no_return,17.5,3,0,0,0
TX102259,CUST002976,553.84,Books,Debit Card,3.1,13.1,30,228,13,1,0.077,1,0,0,,,0,0,low,no_return,40.0,0,1,1,0
TX102260,CUST000072,2281.52,Beauty,Debit Card,15.7,2.6,30,401,7,2,0.286,0,0,0,,,1,0,low,no_return,8.9,1,0,0,0
TX102261,CUST002998,1217.49,Electronics,UPI,6.6,2.3,60,492,7,0,0.0,0,0,0,,,0,0,low,no_return,3.4,1,2,1,0
TX102262,CUST000096,1766.33,Sports,Debit Card,1.3,22.1,26,752,6,1,0.167,0,0,0,,,1,0,medium,no_return,19.4,1,2,0,0
TX102263,CUST001549,1647.38,Footwear,COD,15.6,3.7,45,41,8,1,0.125,0,0,0,,,0,0,low,no_return,31.8,3,2,0,0
TX102264,CUST000318,1026.48,Home,UPI,31.1,1.6,30,62,8,0,0.0,0,0,0,,,3,0,low,no_return,23.1,3,4,0,0
TX102265,CUST000286,533.47,Electronics,Debit Card,14.3,0.7,18,747,15,2,0.133,1,1,0,,,2,0,medium,no_return,22.2,1,0,0,0
TX102266,CUST002050,1384.35,Mobile,Credit Card,1.4,29.0,33,50,7,0,0.0,0,0,0,17.6,17.5,1,0,low,not_as_described_repeated,30.4,2,0,0,1
TX102267,CUST002183,2019.9,Electronics,COD,30.3,3.6,43,1262,7,1,0.143,0,0,0,2.4,2.3,1,0,low,changed_mind,21.3,1,2,0,0
TX102268,CUST000355,2080.16,Beauty,Credit Card,5.7,20.3,38,232,11,0,0.0,0,0,0,1.9,1.6,3,0,low,not_as_described_repeated,11.1,0,1,0,0
TX102269,CUST002930,1166.2,Sports,Net Banking,32.8,30.1,34,114,9,0,0.0,0,0,0,1.1,0.6,1,0,low,changed_mind,28.5,0,1,0,0
TX102270,CUST000962,3830.09,Fashion,Debit Card,11.8,19.8,32,416,5,1,0.2,0,1,0,,,4,1,low,no_return,7.8,0,3,0,0
TX102271,CUST000955,859.95,Fashion,Debit Card,16.2,18.7,27,1570,6,1,0.167,0,0,0,,,3,0,low,no_return,14.3,2,4,0,0
TX102272,CUST000891,3310.44,Electronics,UPI,33.7,3.7,40,1008,7,0,0.0,0,0,0,,,2,0,low,no_return,43.3,1,1,0,0
TX102273,CUST001384,1979.2,Electronics,Debit Card,0.0,14.9,27,70,12,2,0.167,1,1,0,,,0,0,low,no_return,32.8,1,3,0,0
TX102274,CUST000534,1392.36,Beauty,UPI,2.4,14.0,25,495,11,0,0.0,0,0,0,2.0,0.7,1,0,low,size_issue,42.3,2,1,0,0
TX102275,CUST001274,2469.54,Footwear,Credit Card,11.1,12.4,36,60,9,1,0.111,0,1,0,,,2,0,low,no_return,10.4,0,2,0,0
TX102276,CUST000630,1584.5,Electronics,UPI,13.3,1.7,28,918,4,1,0.25,1,4,0,,,0,0,medium,no_return,23.9,1,0,0,0
TX102277,CUST000155,666.67,Grocery,Debit Card,46.7,60.1,44,164,9,2,0.222,0,5,0,4.6,4.2,3,0,low,size_issue,49.6,2,0,0,0
TX102278,CUST001106,817.73,Home,COD,4.3,30.5,36,649,6,0,0.0,0,0,0,,,1,0,low,no_return,29.8,1,2,0,0
TX102279,CUST002017,1518.79,Electronics,Net Banking,0.0,30.3,24,725,5,0,0.0,0,0,0,,,0,0,medium,no_return,13.4,0,0,0,0
TX102280,CUST002289,1274.39,Beauty,UPI,3.8,9.4,20,189,8,0,0.0,0,0,0,,,0,0,low,no_return,27.5,0,0,0,0
TX102281,CUST001060,3263.98,Fashion,Net Banking,17.8,26.3,26,210,6,1,0.167,1,1,0,4.2,0.0,5,0,low,changed_mind_repeated,7.6,0,3,0,0
TX102282,CUST000971,1235.98,Sports,COD,20.9,5.5,55,1273,17,2,0.118,0,1,0,,,0,0,low,no_return,30.7,2,1,0,0
TX102283,CUST002362,1186.11,Home,Net Banking,6.5,5.8,29,420,4,1,0.25,1,1,0,13.7,13.5,1,0,low,defective,35.0,1,0,0,0
TX102284,CUST002043,1085.68,Grocery,COD,15.3,46.1,39,1099,6,0,0.0,0,0,0,,,2,0,medium,no_return,21.6,1,1,0,0
TX102285,CUST002496,1024.93,Footwear,UPI,38.3,4.1,18,1493,6,0,0.0,0,0,0,,,3,0,low,no_return,23.0,0,0,0,0
TX102286,CUST002718,1047.41,Fashion,Net Banking,15.4,4.1,21,484,4,1,0.25,0,2,0,,,2,0,low,no_return,11.2,0,1,1,0
TX102287,CUST002463,735.95,Mobile,Debit Card,18.9,8.4,30,223,6,1,0.167,0,2,1,,,2,0,low,no_return,23.2,1,2,0,0
TX102288,CUST002809,2032.26,Fashion,COD,37.7,4.6,49,269,9,1,0.111,0,0,0,2.6,1.9,2,0,low,not_as_described_repeated,15.2,0,1,0,0
TX102289,CUST001250,1671.56,Electronics,UPI,6.6,69.6,19,580,13,0,0.0,0,0,0,2.9,2.5,0,0,medium,defective,35.2,0,1,0,0
TX102290,CUST001184,1627.01,Fashion,UPI,5.8,11.7,25,222,5,0,0.0,0,0,0,2.7,2.1,2,0,low,not_as_described,14.6,1,3,0,0
TX102291,CUST000965,576.76,Toys,UPI,9.4,0.9,41,677,7,1,0.143,1,0,0,,,1,0,low,no_return,6.6,0,3,0,0
TX102292,CUST000706,2338.32,Grocery,Credit Card,8.7,12.3,47,479,7,1,0.143,0,0,0,,,1,0,high,no_return,13.9,0,1,0,1
TX102293,CUST002246,2485.15,Mobile,Credit Card,0.0,2.3,36,384,5,2,0.4,0,2,0,,,2,0,medium,no_return,5.0,0,0,0,0
TX102294,CUST002143,4408.26,Grocery,Net Banking,16.7,3.8,38,122,6,1,0.167,0,0,0,,,0,1,high,no_return,23.5,1,1,0,0
TX102295,CUST002404,2402.49,Home,UPI,17.6,28.8,23,256,8,2,0.25,0,0,0,,,0,0,low,no_return,69.3,0,3,0,1
TX102296,CUST000503,4953.51,Footwear,UPI,12.8,0.5,18,71,9,1,0.111,0,1,0,3.0,1.3,0,1,medium,changed_mind_repeated,14.4,0,3,0,0
TX102297,CUST001474,1148.01,Mobile,Credit Card,18.0,1.5,20,695,12,0,0.0,0,1,0,,,2,0,low,no_return,5.5,0,2,0,0
TX102298,CUST000666,4553.07,Toys,UPI,18.1,8.3,23,212,8,0,0.0,0,0,0,,,2,1,low,no_return,24.7,0,3,0,0
TX102299,CUST002679,2450.95,Sports,Credit Card,0.0,1.9,34,190,12,0,0.0,0,0,0,,,2,0,low,no_return,15.0,0,0,0,0
TX102300,CUST000802,2262.22,Toys,COD,18.5,8.2,19,36,5,1,0.2,0,0,1,,,0,0,low,no_return,50.5,0,1,0,0
TX102301,CUST000432,1600.44,Fashion,Wallet,21.7,1.3,34,493,10,0,0.0,0,1,0,,,2,0,low,no_return,39.5,0,0,0,0
TX102302,CUST001710,1388.73,Footwear,UPI,0.0,0.5,28,275,8,0,0.0,0,0,0,,,2,0,low,no_return,32.2,0,0,0,1
TX102303,CUST002637,1206.62,Mobile,UPI,32.6,5.6,26,193,7,0,0.0,0,0,0,,,1,0,high,no_return,20.1,1,2,0,0
TX102304,CUST002747,4647.55,Grocery,COD,0.2,34.4,40,114,7,0,0.0,0,0,0,3.2,2.8,0,1,medium,defective,18.8,0,2,0,0
TX102305,CUST000289,1567.72,Fashion,UPI,1.3,13.1,22,169,10,0,0.0,0,0,0,,,1,0,low,no_return,6.0,0,2,0,0
TX102306,CUST000978,2478.36,Electronics,COD,17.4,7.3,46,141,2,1,0.5,1,0,0,,,4,0,medium,no_return,40.7,1,2,0,0
TX102307,CUST000461,2820.91,Mobile,Debit Card,21.4,2.4,40,1120,8,0,0.0,0,0,0,4.1,1.2,1,0,low,changed_mind_repeated,22.4,1,2,0,0
TX102308,CUST000924,2796.23,Footwear,Net Banking,24.3,14.6,22,73,7,0,0.0,0,0,0,,,1,0,medium,no_return,57.9,2,1,0,1
TX102309,CUST001601,2038.13,Books,UPI,21.7,23.2,44,1271,7,2,0.286,1,1,0,4.7,4.6,2,0,low,defective,70.1,1,2,0,1
TX102310,CUST000842,4501.91,Mobile,Wallet,8.8,25.2,20,33,6,0,0.0,0,0,0,,,2,1,low,no_return,15.8,1,3,0,0
TX102311,CUST000203,2358.57,Beauty,Wallet,16.3,5.1,44,48,8,1,0.125,1,0,0,,,5,0,low,no_return,30.4,0,1,0,0
TX102312,CUST001530,1186.41,Footwear,UPI,11.2,10.5,35,59,7,2,0.286,0,0,0,4.2,4.0,2,0,low,changed_mind_repeated,5.9,0,3,0,0
TX102313,CUST000159,1431.37,Fashion,Credit Card,17.1,44.6,18,103,5,2,0.4,0,0,0,24.6,24.5,0,0,low,not_needed,52.8,1,2,0,0
TX102314,CUST000680,599.24,Fashion,Credit Card,15.8,17.1,19,230,12,1,0.083,1,0,0,3.9,0.0,2,0,low,size_issue,36.6,0,2,0,0
TX102315,CUST000002,2179.08,Beauty,UPI,8.9,12.1,27,91,9,0,0.0,0,0,0,,,1,0,medium,no_return,14.5,1,4,0,0
TX102316,CUST000261,2608.06,Fashion,Wallet,10.8,6.0,40,495,9,1,0.111,1,1,0,,,0,0,low,no_return,26.3,1,3,0,0
TX102317,CUST001309,2748.38,Home,UPI,0.0,1.8,30,197,9,0,0.0,0,1,0,,,0,0,low,no_return,14.2,1,2,0,0
TX102318,CUST002552,2450.98,Toys,UPI,25.0,20.9,30,636,14,1,0.071,0,0,0,,,0,0,high,no_return,2.0,0,1,0,0
TX102319,CUST002324,1604.03,Electronics,UPI,18.6,14.4,32,86,8,1,0.125,0,0,0,,,1,0,low,no_return,19.6,1,0,0,0
TX102320,CUST000297,1802.58,Books,Debit Card,0.0,3.9,18,624,6,0,0.0,0,0,0,,,0,0,low,no_return,15.3,0,0,0,0
TX102321,CUST000105,1805.94,Electronics,Net Banking,24.5,3.2,40,136,9,0,0.0,0,0,0,,,2,0,medium,no_return,12.7,0,3,0,0
TX102322,CUST001014,3271.03,Footwear,Debit Card,14.4,3.5,45,41,7,2,0.286,0,0,0,1.0,0.1,3,0,low,not_as_described,16.3,0,0,0,0
TX102323,CUST001957,451.58,Fashion,Debit Card,3.8,5.3,39,78,7,1,0.143,1,0,0,,,2,0,medium,no_return,20.1,0,2,0,1
TX102324,CUST002240,1327.51,Books,UPI,2.7,15.2,27,47,11,0,0.0,0,0,0,,,3,0,low,no_return,22.6,0,1,0,0
TX102325,CUST002469,895.44,Sports,COD,6.7,18.6,23,1132,5,0,0.0,0,1,0,,,2,0,low,no_return,26.4,1,1,0,0
TX102326,CUST001027,5620.42,Home,Credit Card,3.8,40.8,21,58,6,3,0.5,1,0,0,,,3,1,low,no_return,16.2,1,0,0,0
TX102327,CUST000504,3670.09,Fashion,Credit Card,5.4,12.5,20,46,10,2,0.2,0,0,0,17.6,16.7,1,1,high,changed_mind,27.2,1,2,0,0
TX102328,CUST000080,1364.55,Electronics,Debit Card,35.4,37.5,54,84,9,0,0.0,0,0,0,11.8,10.8,0,0,low,not_as_described_repeated,21.1,1,1,0,1
TX102329,CUST000441,684.25,Home,Wallet,19.5,8.3,31,401,6,1,0.167,0,0,0,12.9,10.1,1,0,low,changed_mind,20.0,3,2,0,0
TX102330,CUST000196,819.36,Fashion,COD,39.4,8.2,41,46,10,3,0.3,1,1,0,2.0,0.0,1,0,medium,not_as_described,27.4,0,2,0,1
TX102331,CUST002582,3243.96,Electronics,Debit Card,17.7,0.5,40,184,1,0,0.0,0,0,0,,,1,0,medium,no_return,29.5,0,0,0,0
TX102332,CUST000805,587.08,Books,Credit Card,22.0,8.1,33,687,12,0,0.0,0,0,0,,,0,0,low,no_return,25.7,0,1,0,0
TX102333,CUST002469,1821.29,Fashion,UPI,4.4,9.5,22,136,5,0,0.0,0,1,0,,,0,0,low,no_return,39.0,1,2,0,0
TX102334,CUST001659,2925.55,Fashion,Debit Card,13.0,19.4,37,44,8,1,0.125,0,0,0,,,1,0,low,no_return,45.5,1,0,0,0
TX102335,CUST001617,765.65,Home,Debit Card,14.0,5.6,21,562,14,0,0.0,0,0,0,,,0,0,low,no_return,18.5,0,0,0,0
TX102336,CUST001364,1808.83,Beauty,COD,22.4,0.5,38,137,7,2,0.286,0,1,0,,,0,0,low,no_return,28.6,1,2,0,0
TX102337,CUST002457,1379.48,Beauty,Debit Card,14.4,4.8,21,333,9,1,0.111,0,1,0,,,0,0,low,no_return,31.8,1,1,0,0
TX102338,CUST000131,1263.71,Grocery,Credit Card,19.2,5.6,27,12,11,0,0.0,0,1,0,,,0,0,low,no_return,8.7,0,2,0,0
TX102339,CUST000279,1126.03,Sports,UPI,18.8,6.4,27,72,7,4,0.571,1,4,0,,,2,0,low,no_return,54.7,1,2,0,1
TX102340,CUST001270,3075.01,Beauty,UPI,11.4,2.0,45,62,6,0,0.0,0,0,0,,,1,0,low,no_return,8.3,3,1,0,0
TX102341,CUST001184,4147.53,Home,COD,10.1,21.1,18,589,5,0,0.0,0,0,0,,,2,1,low,no_return,22.5,2,1,0,0
TX102342,CUST001637,1523.05,Fashion,Wallet,7.0,15.2,55,39,5,0,0.0,0,1,0,,,3,0,low,no_return,18.4,1,3,0,0
TX102343,CUST002213,2268.35,Grocery,Debit Card,28.0,36.0,23,328,3,1,0.333,1,1,0,,,1,0,high,no_return,5.1,2,2,0,0
TX102344,CUST001763,1835.55,Fashion,Debit Card,11.4,4.0,30,257,12,6,0.5,1,1,0,1.3,0.2,0,0,low,defective,11.2,0,2,0,0
TX102345,CUST000773,492.28,Footwear,Debit Card,18.9,15.1,36,274,6,2,0.333,0,0,0,,,2,0,low,no_return,11.3,0,3,0,0
TX102346,CUST000982,1484.23,Sports,UPI,13.1,16.0,35,112,5,0,0.0,0,2,0,5.3,3.2,3,0,low,not_as_described_repeated,3.0,1,1,0,0
TX102347,CUST002257,429.49,Grocery,UPI,27.8,4.5,40,1130,9,3,0.333,0,1,0,,,1,0,medium,no_return,14.7,1,2,0,0
TX102348,CUST000605,1304.52,Beauty,UPI,0.0,7.5,38,9,9,2,0.222,2,0,0,16.6,16.4,1,0,low,not_as_described,10.8,1,0,0,0
TX102349,CUST001513,1777.02,Footwear,Net Banking,18.6,6.4,52,242,4,2,0.5,1,1,1,,,1,0,low,no_return,25.6,0,1,1,0
TX102350,CUST001616,2782.92,Home,UPI,0.0,0.8,39,30,13,0,0.0,0,1,0,,,1,0,low,no_return,11.2,0,1,0,0
TX102351,CUST002251,2142.26,Home,Debit Card,19.7,12.7,30,476,9,1,0.111,0,0,0,13.6,12.1,2,0,low,not_as_described_repeated,19.2,0,2,0,0
TX102352,CUST002143,3123.8,Footwear,Credit Card,13.2,1.7,26,194,13,1,0.077,0,0,0,,,5,0,low,no_return,9.0,0,1,0,0
TX102353,CUST001394,1007.06,Sports,Debit Card,0.0,2.9,26,19,10,0,0.0,0,1,0,6.7,6.2,0,0,low,not_as_described,34.3,0,6,0,0
TX102354,CUST000928,3832.91,Home,UPI,19.1,11.4,44,264,9,0,0.0,0,1,0,1.3,0.1,3,1,low,changed_mind_repeated,27.0,0,2,0,0
TX102355,CUST001104,4150.2,Fashion,Wallet,17.7,14.4,49,533,15,0,0.0,0,0,0,,,1,1,low,no_return,36.4,1,4,0,0
TX102356,CUST001235,415.1,Fashion,Credit Card,12.2,9.2,42,427,13,0,0.0,0,0,0,6.2,4.3,2,0,low,changed_mind,40.9,1,2,0,0
TX102357,CUST000658,563.84,Toys,Net Banking,13.7,21.9,18,19,13,4,0.308,0,0,1,,,1,0,low,no_return,12.4,2,1,0,0
TX102358,CUST001876,1750.27,Fashion,Debit Card,16.9,9.2,18,141,13,0,0.0,0,0,0,,,0,0,medium,no_return,15.2,1,1,0,0
TX102359,CUST000625,1240.86,Electronics,Credit Card,29.1,26.1,31,1605,13,1,0.077,1,0,0,19.5,19.3,2,0,medium,defective,43.2,1,1,0,0
TX102360,CUST001946,1371.53,Electronics,COD,11.2,6.5,30,65,3,0,0.0,0,0,0,,,4,0,low,no_return,71.9,1,2,0,0
TX102361,CUST002254,2130.04,Mobile,Debit Card,27.2,18.8,32,381,9,2,0.222,0,2,1,,,1,0,low,no_return,6.8,1,4,0,0
TX102362,CUST002885,3200.1,Sports,UPI,14.6,4.3,44,147,10,0,0.0,0,1,0,,,1,0,medium,no_return,18.6,0,0,0,0
TX102363,CUST000357,971.44,Beauty,COD,30.5,6.3,44,569,6,0,0.0,0,0,1,,,0,0,high,no_return,23.9,1,3,0,0
TX102364,CUST002279,3528.54,Footwear,Debit Card,12.2,3.1,33,234,6,0,0.0,0,0,0,,,3,1,high,no_return,10.7,0,1,0,0
TX102365,CUST000258,1112.53,Home,Debit Card,7.0,6.4,18,177,3,0,0.0,0,0,0,,,2,0,low,no_return,33.5,1,1,0,0
TX102366,CUST001012,6082.23,Toys,COD,1.8,24.7,19,1231,8,2,0.25,0,0,0,30.0,29.8,0,1,low,not_as_described,15.8,2,0,0,0
TX102367,CUST000529,3849.71,Books,Debit Card,14.6,48.7,32,550,6,0,0.0,0,1,0,,,2,1,low,no_return,39.2,2,1,0,0
TX102368,CUST000487,1189.9,Beauty,Credit Card,5.5,0.5,36,1151,11,0,0.0,0,0,0,,,1,0,low,no_return,0.4,0,1,0,0
TX102369,CUST000526,694.94,Toys,Credit Card,31.9,1.7,19,721,7,0,0.0,0,0,0,8.0,7.3,1,0,low,changed_mind_repeated,35.4,1,2,0,0
TX102370,CUST000132,1171.66,Mobile,UPI,4.5,11.9,38,235,7,0,0.0,0,0,0,,,2,0,high,no_return,44.7,2,3,0,0
TX102371,CUST002469,1066.32,Fashion,Debit Card,6.7,14.3,18,713,7,2,0.286,0,0,0,,,0,0,medium,no_return,47.1,0,4,0,1
TX102372,CUST000184,2573.11,Electronics,UPI,22.0,14.3,18,195,12,1,0.083,0,0,0,,,2,0,low,no_return,33.2,1,2,0,0
TX102373,CUST001196,422.16,Toys,UPI,29.2,7.5,23,550,6,1,0.167,0,2,0,1.1,0.0,0,0,low,not_as_described_repeated,11.4,0,2,0,1
TX102374,CUST002097,568.69,Home,COD,23.8,17.7,45,961,5,0,0.0,0,0,0,2.2,0.0,2,0,low,changed_mind,62.7,1,2,0,0
TX102375,CUST002971,2528.01,Sports,UPI,27.7,1.8,47,1891,10,0,0.0,0,0,0,,,3,0,low,no_return,12.1,1,0,0,0
TX102376,CUST002561,1035.87,Fashion,UPI,14.0,32.3,18,1462,6,0,0.0,0,0,0,,,1,0,low,no_return,21.5,0,0,0,0
TX102377,CUST000412,1315.7,Footwear,COD,14.2,0.5,18,466,6,2,0.333,0,0,0,1.4,1.3,1,0,low,not_as_described,36.4,0,2,0,0
TX102378,CUST002963,2917.4,Books,COD,39.1,14.5,39,269,7,0,0.0,0,0,0,,,3,0,low,no_return,27.4,0,1,0,0
TX102379,CUST001960,3287.76,Mobile,COD,35.3,2.5,27,418,5,1,0.2,0,0,0,1.3,0.7,2,0,low,not_as_described,17.8,1,0,0,0
TX102380,CUST000539,3737.47,Beauty,Credit Card,23.6,27.8,45,386,6,0,0.0,0,0,0,,,0,1,low,no_return,56.1,1,0,0,0
TX102381,CUST001346,2768.5,Mobile,Debit Card,28.3,14.4,39,1558,11,0,0.0,0,0,0,,,3,0,low,no_return,24.4,0,1,0,0
TX102382,CUST002753,1569.36,Beauty,Net Banking,25.3,16.3,41,113,7,2,0.286,0,0,0,,,1,0,low,no_return,31.8,1,2,0,0
TX102383,CUST001179,1485.43,Grocery,UPI,0.5,17.9,23,1145,7,0,0.0,0,0,0,,,3,0,medium,no_return,15.6,0,2,0,0
TX102384,CUST000551,1374.55,Grocery,UPI,14.5,6.5,36,1011,8,1,0.125,0,0,0,5.5,3.6,1,0,medium,size_issue,31.7,0,0,0,0
TX102385,CUST002625,767.66,Beauty,UPI,33.0,5.1,52,215,9,0,0.0,0,0,0,3.6,3.4,1,0,low,not_as_described_repeated,8.7,1,0,0,1
TX102386,CUST002858,944.9,Sports,Net Banking,23.6,1.8,33,123,14,0,0.0,0,0,0,,,2,0,medium,no_return,22.6,0,4,0,0
TX102387,CUST002926,3444.17,Fashion,UPI,14.2,24.5,31,217,10,0,0.0,0,1,0,,,1,1,low,no_return,4.8,0,0,0,0
TX102388,CUST002867,1107.22,Home,Credit Card,33.1,15.8,27,334,7,1,0.143,0,0,0,7.1,4.6,4,0,low,size_issue,36.5,0,0,0,0
TX102389,CUST002618,771.04,Grocery,Debit Card,19.4,4.7,18,365,11,1,0.091,0,0,0,3.1,0.0,0,0,low,not_as_described_repeated,7.0,1,1,0,0
TX102390,CUST001364,3619.79,Electronics,Wallet,24.1,4.7,21,190,5,1,0.2,0,1,0,14.9,14.8,2,1,low,defective,45.3,1,0,0,0
TX102391,CUST000577,2048.67,Grocery,Credit Card,19.5,25.7,23,984,4,0,0.0,0,0,0,,,1,0,low,no_return,1.6,0,1,0,0
TX102392,CUST001851,4708.98,Fashion,Debit Card,21.5,8.9,18,434,9,0,0.0,0,0,0,,,4,1,medium,no_return,7.7,3,4,0,0
TX102393,CUST000663,4408.06,Fashion,Wallet,22.4,17.1,18,880,12,0,0.0,0,0,0,,,2,1,medium,no_return,6.6,0,2,0,0
TX102394,CUST001419,818.33,Grocery,UPI,30.6,2.7,18,360,7,0,0.0,0,0,0,,,1,0,low,no_return,10.8,1,2,0,0
TX102395,CUST001968,1676.67,Fashion,Debit Card,32.2,9.5,24,106,7,1,0.143,1,2,0,,,0,0,low,no_return,26.3,0,2,0,0
TX102396,CUST002839,897.35,Mobile,UPI,9.6,6.7,38,230,6,0,0.0,0,0,0,,,1,0,low,no_return,10.4,1,3,0,0
TX102397,CUST000867,892.0,Mobile,UPI,19.3,55.5,28,301,8,0,0.0,0,0,0,1.8,0.0,0,0,low,size_issue,19.6,1,2,0,0
TX102398,CUST000756,1348.41,Home,UPI,30.3,23.2,28,226,9,3,0.333,0,0,0,,,2,0,low,no_return,33.3,0,1,0,0
TX102399,CUST002204,2619.89,Home,Credit Card,13.4,6.9,39,1244,9,0,0.0,0,1,0,,,0,0,low,no_return,10.9,0,1,0,0
TX102400,CUST000020,2629.54,Electronics,UPI,0.0,3.4,48,414,14,1,0.071,0,0,0,,,3,0,low,no_return,31.4,0,2,0,0
TX102401,CUST001699,2430.76,Toys,COD,4.1,31.6,54,91,11,2,0.182,0,0,1,,,1,0,low,no_return,7.8,2,1,0,0
TX102402,CUST002238,1566.21,Fashion,Credit Card,4.9,2.0,33,546,7,1,0.143,0,0,0,,,2,0,low,no_return,7.7,0,3,0,0
TX102403,CUST001653,2717.25,Mobile,Credit Card,9.5,2.8,29,292,10,3,0.3,0,0,0,4.5,4.1,0,0,low,size_issue,13.0,2,3,0,0
TX102404,CUST001152,763.13,Mobile,Debit Card,6.0,3.0,27,329,3,0,0.0,0,0,0,,,3,0,low,no_return,34.2,0,2,0,0
TX102405,CUST002485,2069.54,Electronics,Net Banking,27.3,1.0,37,987,6,0,0.0,0,0,0,,,2,0,low,no_return,16.9,1,1,0,0
TX102406,CUST001113,1813.79,Grocery,Credit Card,11.7,5.6,30,260,6,1,0.167,1,1,0,0.0,0.0,1,0,low,size_issue,37.2,0,1,0,0
TX102407,CUST002131,1505.45,Beauty,UPI,30.1,0.5,30,158,8,1,0.125,1,0,0,15.8,15.7,2,0,high,not_needed,21.1,0,1,0,1
TX102408,CUST001392,2120.39,Sports,UPI,1.4,9.8,31,415,7,2,0.286,0,0,0,1.8,0.0,4,0,medium,not_as_described,17.7,0,4,0,0
TX102409,CUST000080,396.76,Fashion,Net Banking,10.8,26.6,22,42,6,0,0.0,0,0,0,,,0,0,high,no_return,11.7,2,3,0,0
TX102410,CUST001592,909.45,Books,COD,16.3,5.2,18,83,8,0,0.0,0,0,0,,,1,0,high,no_return,43.9,0,1,0,0
TX102411,CUST000149,2490.7,Fashion,Credit Card,24.7,5.1,25,727,9,0,0.0,0,1,0,,,0,0,low,no_return,22.9,1,3,0,0
TX102412,CUST002792,1783.63,Footwear,UPI,28.7,11.5,46,577,8,0,0.0,0,0,0,6.4,6.0,1,0,low,not_as_described_repeated,16.4,0,3,0,0
TX102413,CUST001805,606.24,Home,Debit Card,8.5,6.6,46,77,8,0,0.0,0,0,0,3.5,3.3,1,0,low,size_issue,31.1,3,1,0,0
TX102414,CUST001116,1757.41,Grocery,Debit Card,26.9,8.4,41,236,13,0,0.0,0,0,0,,,2,0,low,no_return,21.5,1,0,0,0
TX102415,CUST001459,1249.21,Footwear,Credit Card,0.0,3.9,27,185,9,0,0.0,0,1,0,,,1,0,low,no_return,50.4,2,3,0,0
TX102416,CUST001857,3497.24,Books,UPI,25.5,10.9,24,986,7,0,0.0,0,2,0,,,3,1,medium,no_return,21.2,1,2,0,0
TX102417,CUST000781,802.13,Sports,Credit Card,0.0,8.6,48,431,12,1,0.083,0,1,0,9.2,7.8,0,0,low,changed_mind,7.8,2,3,0,0
TX102418,CUST000865,822.12,Home,Debit Card,20.4,25.1,21,342,10,2,0.2,1,0,0,1.7,1.6,1,0,high,changed_mind_repeated,18.8,0,1,0,1
TX102419,CUST001256,2293.37,Beauty,Wallet,28.6,29.9,32,187,3,0,0.0,0,0,1,7.7,6.2,3,0,low,changed_mind,11.1,0,4,0,0
TX102420,CUST000776,1607.32,Home,UPI,25.6,30.8,48,847,9,0,0.0,0,0,0,,,3,0,low,no_return,37.4,0,0,0,0
TX102421,CUST002273,1557.36,Mobile,Net Banking,0.0,3.5,33,266,9,2,0.222,0,0,0,,,1,0,medium,no_return,34.8,0,1,0,0
TX102422,CUST000312,6103.56,Fashion,Credit Card,9.6,4.0,29,312,6,0,0.0,0,0,0,9.4,9.1,2,1,low,not_needed,9.0,0,3,0,0
TX102423,CUST002480,2676.09,Home,Debit Card,23.6,25.7,43,450,12,1,0.083,0,0,0,,,2,0,low,no_return,51.8,0,1,1,1
TX102424,CUST001046,1430.44,Toys,Net Banking,23.3,16.9,32,20,12,1,0.083,0,0,0,,,0,0,low,no_return,17.1,1,2,0,0
TX102425,CUST001684,554.04,Home,Debit Card,18.3,7.0,33,250,11,0,0.0,0,0,0,2.9,2.8,2,0,high,not_needed,46.5,0,0,0,0
TX102426,CUST000474,1377.58,Footwear,UPI,0.0,10.8,47,439,8,0,0.0,0,0,0,11.8,10.7,1,0,low,not_as_described,20.5,0,1,0,0
TX102427,CUST001156,746.31,Fashion,UPI,29.4,1.2,18,303,4,1,0.25,1,0,0,,,0,0,low,no_return,38.7,1,3,0,0
TX102428,CUST002264,949.71,Electronics,COD,31.5,2.3,35,80,9,3,0.333,1,0,0,,,1,0,low,no_return,47.6,0,1,0,0
TX102429,CUST000812,971.67,Grocery,Debit Card,17.0,4.5,24,8,13,1,0.077,0,0,0,,,2,0,low,no_return,20.9,1,3,0,0
TX102430,CUST000397,3327.59,Beauty,Credit Card,17.7,12.0,29,43,9,3,0.333,1,2,0,,,2,0,high,no_return,13.9,2,2,0,0
TX102431,CUST001566,642.03,Mobile,Debit Card,21.0,5.1,33,965,6,1,0.167,0,0,0,1.8,0.9,1,0,low,not_as_described,7.6,1,1,0,0
TX102432,CUST000488,3124.46,Home,UPI,32.5,23.5,25,71,10,2,0.2,1,3,0,,,2,0,high,no_return,22.3,1,1,0,0
TX102433,CUST000944,2359.62,Electronics,UPI,18.0,7.4,34,452,8,0,0.0,0,0,0,,,0,0,low,no_return,17.8,1,2,0,0
TX102434,CUST001351,2337.71,Fashion,COD,12.7,0.7,35,55,8,0,0.0,0,0,0,,,2,0,medium,no_return,45.0,0,0,0,0
TX102435,CUST001692,923.59,Home,Credit Card,19.6,0.5,34,322,7,0,0.0,0,0,0,,,2,0,medium,no_return,15.2,1,2,0,0
TX102436,CUST001918,2871.35,Sports,UPI,14.9,10.6,33,160,7,0,0.0,0,0,0,,,1,0,low,no_return,9.6,0,2,0,0
TX102437,CUST002030,850.78,Fashion,Credit Card,15.0,11.6,30,337,7,2,0.286,0,0,0,,,1,0,high,no_return,17.2,1,3,0,0
TX102438,CUST002533,4190.57,Sports,Net Banking,0.0,8.0,31,865,9,1,0.111,0,0,0,7.7,7.2,1,1,low,not_as_described_repeated,8.0,1,2,0,0
TX102439,CUST000199,3375.98,Footwear,UPI,21.3,2.0,32,228,8,0,0.0,0,0,0,,,2,0,low,no_return,9.3,0,1,0,0
TX102440,CUST001087,4635.53,Home,UPI,29.1,8.2,22,78,11,0,0.0,0,0,0,,,1,1,high,no_return,19.6,0,2,0,0
TX102441,CUST000004,1819.92,Grocery,Credit Card,27.2,12.8,44,62,9,2,0.222,0,2,0,,,3,0,low,no_return,5.0,0,1,0,0
TX102442,CUST000029,1606.57,Fashion,UPI,26.4,12.2,31,137,11,0,0.0,0,0,0,,,1,0,low,no_return,27.8,0,2,0,0
TX102443,CUST000637,1352.78,Toys,UPI,14.4,24.9,27,163,9,1,0.111,1,0,0,3.3,1.1,2,0,low,changed_mind_repeated,3.6,0,7,0,0
TX102444,CUST001794,6023.83,Fashion,UPI,16.7,22.6,35,1014,6,0,0.0,0,0,0,0.6,0.1,2,1,low,changed_mind_repeated,16.7,1,1,0,0
TX102445,CUST002683,2605.22,Sports,UPI,29.3,3.7,30,688,1,0,0.0,0,1,0,6.5,6.3,1,0,low,changed_mind,8.9,0,2,0,0
TX102446,CUST002320,752.19,Fashion,Debit Card,25.4,4.7,44,14,9,0,0.0,0,1,0,,,1,0,medium,no_return,5.9,0,2,0,0
TX102447,CUST001939,3896.9,Electronics,UPI,32.8,2.7,40,229,7,0,0.0,0,0,0,5.8,2.6,4,1,low,size_issue,26.8,2,1,1,0
TX102448,CUST002334,1566.59,Fashion,Credit Card,6.9,7.1,32,1025,14,1,0.071,0,0,0,,,1,0,medium,no_return,31.0,1,1,0,0
TX102449,CUST000516,272.58,Fashion,COD,6.9,0.6,41,932,8,0,0.0,0,1,0,0.4,0.0,2,0,medium,size_issue,27.8,0,3,0,0
TX102450,CUST002519,1063.73,Footwear,UPI,11.0,19.4,34,204,7,1,0.143,0,0,0,,,4,0,low,no_return,33.5,0,4,0,0
TX102451,CUST002670,3374.59,Fashion,UPI,3.7,0.5,20,153,6,3,0.5,1,2,0,,,2,0,low,no_return,28.3,0,2,0,0
TX102452,CUST000286,2364.69,Mobile,Wallet,0.0,22.7,40,26,5,1,0.2,1,2,0,,,1,0,low,no_return,4.5,1,0,0,0
TX102453,CUST001410,2665.96,Beauty,Debit Card,20.6,54.0,18,421,6,2,0.333,0,1,0,,,1,0,low,no_return,49.9,1,2,0,0
TX102454,CUST002490,3873.39,Fashion,Debit Card,19.8,12.4,18,42,6,0,0.0,0,0,0,,,2,1,medium,no_return,20.4,0,0,0,0
TX102455,CUST001428,489.9,Home,Credit Card,18.0,7.6,38,368,7,1,0.143,1,0,0,,,1,0,medium,no_return,24.0,0,0,0,0
TX102456,CUST002521,1072.59,Fashion,Wallet,19.2,32.4,36,928,12,3,0.25,1,1,0,0.6,0.0,1,0,low,not_needed,29.5,0,1,0,0
TX102457,CUST002806,1846.53,Toys,UPI,0.0,7.2,35,282,4,0,0.0,0,0,0,1.8,0.0,0,0,low,defective,37.2,1,4,0,0
TX102458,CUST001424,3436.84,Electronics,UPI,9.2,24.9,45,109,14,1,0.071,0,0,0,,,1,1,low,no_return,38.9,1,6,0,0
TX102459,CUST000179,847.45,Footwear,COD,11.5,4.9,31,216,9,5,0.556,1,0,0,5.8,5.5,1,0,low,not_needed,43.1,1,1,0,0
TX102460,CUST001020,1424.74,Electronics,UPI,15.6,13.4,28,27,10,1,0.1,1,1,0,,,3,0,low,no_return,38.0,0,2,0,0
TX102461,CUST000646,1770.98,Fashion,Debit Card,0.0,0.5,39,177,12,1,0.083,0,0,0,,,1,0,low,no_return,2.1,1,1,0,0
TX102462,CUST001422,1036.59,Electronics,UPI,3.9,16.6,24,149,14,0,0.0,0,1,0,16.6,16.5,2,0,low,defective,54.0,0,2,0,0
TX102463,CUST001757,1757.89,Grocery,Credit Card,9.8,21.0,29,1047,7,0,0.0,0,2,0,,,1,0,low,no_return,16.2,0,3,0,0
TX102464,CUST001392,1601.39,Beauty,Debit Card,27.7,3.6,34,240,10,2,0.2,0,1,0,,,0,0,low,no_return,45.0,1,1,0,0
TX102465,CUST000587,1228.65,Mobile,Debit Card,18.1,11.3,35,660,7,1,0.143,1,0,0,,,3,0,medium,no_return,26.5,0,0,0,0
TX102466,CUST000904,2866.78,Home,Debit Card,27.3,11.5,28,722,6,1,0.167,0,3,0,5.4,4.9,1,0,low,not_as_described,26.3,1,2,0,0
TX102467,CUST002038,2551.48,Electronics,UPI,13.5,5.0,27,89,10,0,0.0,0,0,0,,,1,0,low,no_return,19.6,0,0,1,0
TX102468,CUST000081,2946.87,Books,UPI,15.0,11.1,20,396,12,4,0.333,1,1,0,11.9,11.8,1,0,low,defective,8.6,2,4,0,1
TX102469,CUST000643,3109.93,Sports,COD,21.0,36.9,24,380,15,5,0.333,0,0,0,,,1,0,low,no_return,12.5,0,0,0,1
TX102470,CUST002677,4480.05,Toys,UPI,12.9,4.1,50,50,8,0,0.0,0,0,0,,,0,1,low,no_return,44.2,2,0,0,0
TX102471,CUST000298,590.09,Home,Debit Card,7.5,22.3,29,140,1,1,1.0,1,1,0,3.7,2.4,2,0,low,defective,29.5,0,0,0,0
TX102472,CUST001244,637.82,Books,Credit Card,0.0,9.5,33,54,8,0,0.0,0,0,0,7.5,5.6,2,0,low,changed_mind,19.2,0,1,0,0
TX102473,CUST000621,2716.04,Fashion,Credit Card,7.8,22.1,18,795,6,1,0.167,0,0,1,,,0,0,low,no_return,37.9,0,1,0,0
TX102474,CUST000314,1306.5,Mobile,Credit Card,25.0,1.6,57,314,5,0,0.0,0,1,0,,,2,0,low,no_return,28.1,0,3,0,0
TX102475,CUST001268,1197.43,Fashion,COD,30.1,8.4,23,679,9,1,0.111,1,3,0,,,0,0,low,no_return,31.0,0,3,0,0
TX102476,CUST001564,1078.18,Toys,Credit Card,5.7,8.7,20,693,4,0,0.0,0,0,0,1.8,0.5,0,0,medium,size_issue,4.1,0,1,0,0
TX102477,CUST000529,3011.27,Fashion,UPI,0.0,1.9,31,152,9,0,0.0,0,0,0,6.2,6.2,1,0,low,changed_mind,57.3,0,1,0,0
TX102478,CUST000234,5790.68,Toys,Wallet,26.1,3.6,23,305,6,0,0.0,0,0,0,9.3,9.0,1,1,low,defective,28.6,1,1,0,0
TX102479,CUST000404,3099.73,Footwear,UPI,15.8,8.6,35,103,9,0,0.0,0,1,0,6.2,3.5,0,0,low,changed_mind,24.1,1,2,0,0
TX102480,CUST001954,1267.03,Footwear,COD,0.0,12.7,18,1967,8,0,0.0,0,0,0,12.2,11.9,0,0,low,defective,37.5,0,1,0,0
TX102481,CUST002580,2916.44,Beauty,UPI,0.0,3.0,43,821,4,1,0.25,0,1,0,,,0,0,medium,no_return,50.7,1,4,0,1
TX102482,CUST000541,623.93,Home,Credit Card,3.4,5.4,41,597,7,1,0.143,0,1,0,,,1,0,high,no_return,34.8,2,0,0,0
TX102483,CUST000961,1528.18,Toys,Credit Card,9.4,2.0,30,129,10,0,0.0,0,2,0,,,1,0,medium,no_return,11.0,0,2,0,0
TX102484,CUST001032,490.37,Sports,UPI,1.2,1.2,18,595,9,0,0.0,0,0,0,,,1,0,medium,no_return,28.5,0,2,0,0
TX102485,CUST001082,1308.15,Grocery,COD,23.3,74.6,23,1020,6,2,0.333,1,0,0,2.6,1.4,1,0,low,not_needed,8.1,1,1,0,0
TX102486,CUST000733,1979.1,Fashion,UPI,5.2,9.9,32,20,3,0,0.0,0,0,0,,,1,0,high,no_return,50.6,0,2,0,0
TX102487,CUST000166,6451.37,Home,Debit Card,15.1,12.1,19,320,6,0,0.0,0,0,0,4.4,3.1,0,1,low,size_issue,19.5,0,0,0,0
TX102488,CUST001575,3608.63,Home,COD,43.5,12.5,21,500,12,3,0.25,0,0,0,,,0,1,low,no_return,15.7,0,1,0,0
TX102489,CUST001072,497.42,Grocery,Debit Card,16.4,2.0,42,465,10,0,0.0,0,0,0,1.1,0.4,0,0,medium,changed_mind_repeated,28.9,0,0,0,0
TX102490,CUST001027,531.7,Fashion,Credit Card,13.6,12.2,33,365,11,3,0.273,1,1,0,,,1,0,low,no_return,36.1,0,2,0,0
TX102491,CUST000795,1041.46,Home,Credit Card,13.9,13.1,33,200,8,0,0.0,0,0,0,,,0,0,low,no_return,8.2,1,0,0,0
TX102492,CUST002788,4996.46,Footwear,UPI,23.0,16.3,37,826,8,1,0.125,1,0,1,,,0,1,low,no_return,31.7,1,4,0,1
TX102493,CUST001831,513.72,Sports,Net Banking,21.5,14.2,30,44,11,1,0.091,0,1,0,,,1,0,low,no_return,22.9,0,0,0,0
TX102494,CUST001256,1083.9,Footwear,Debit Card,3.0,4.3,31,363,14,0,0.0,0,0,0,3.1,3.0,1,0,low,changed_mind,10.3,2,4,0,0
TX102495,CUST000616,1079.93,Fashion,Debit Card,10.1,37.6,36,604,9,1,0.111,0,0,0,,,0,0,low,no_return,31.7,0,1,0,0
TX102496,CUST002403,2290.69,Home,Credit Card,7.0,18.5,40,17,7,0,0.0,0,1,0,5.0,4.8,3,0,low,size_issue,13.2,1,3,0,0
TX102497,CUST002665,2963.2,Beauty,Credit Card,11.6,10.5,36,439,10,1,0.1,0,1,0,1.6,0.0,1,0,medium,not_as_described_repeated,11.5,0,2,0,0
TX102498,CUST000097,2567.44,Home,UPI,36.9,11.8,46,185,12,0,0.0,0,0,0,0.2,0.0,1,0,low,changed_mind_repeated,26.3,0,2,0,0
TX102499,CUST002789,2088.89,Grocery,UPI,22.4,4.5,32,476,7,0,0.0,0,0,0,,,1,0,low,no_return,50.8,0,1,0,0
TX102500,CUST002098,605.82,Electronics,Credit Card,14.0,35.4,18,791,12,2,0.167,0,0,0,10.8,8.4,2,0,high,not_as_described_repeated,36.8,0,3,0,0
TX102501,CUST000300,1882.39,Beauty,UPI,29.9,8.8,42,717,9,1,0.111,0,0,0,,,1,0,low,no_return,46.0,0,2,0,0
TX102502,CUST002259,3941.89,Electronics,UPI,17.3,2.5,29,334,7,0,0.0,0,0,0,,,0,1,low,no_return,26.7,1,3,0,0
TX102503,CUST000323,4770.83,Grocery,Debit Card,0.0,9.6,24,267,5,0,0.0,0,0,0,,,2,1,high,no_return,49.5,1,0,1,0
TX102504,CUST000153,2251.46,Toys,Credit Card,35.0,12.9,39,19,15,0,0.0,0,1,0,,,0,0,low,no_return,12.1,0,0,0,0
TX102505,CUST000346,500.82,Electronics,Credit Card,13.1,6.1,35,253,16,1,0.062,0,0,0,5.3,3.2,4,0,low,size_issue,60.5,0,1,0,0
TX102506,CUST001380,2276.15,Home,COD,0.0,6.9,19,206,11,3,0.273,0,6,0,,,0,0,medium,no_return,3.1,0,0,0,1
TX102507,CUST001859,1598.07,Beauty,Debit Card,0.0,4.2,38,20,6,1,0.167,1,0,0,,,0,0,low,no_return,23.8,0,1,0,0
TX102508,CUST001222,557.94,Books,UPI,28.5,8.5,50,1374,8,2,0.25,2,1,0,3.5,2.7,1,0,low,defective,27.4,0,1,0,0
TX102509,CUST000366,812.85,Electronics,COD,0.0,6.6,35,275,5,0,0.0,0,0,0,1.4,0.6,2,0,low,size_issue,44.5,1,2,0,0
TX102510,CUST000598,923.29,Home,Credit Card,31.2,9.0,29,88,10,0,0.0,0,2,0,1.3,0.9,1,0,medium,not_needed,7.3,0,0,0,0
TX102511,CUST002557,2722.01,Toys,Credit Card,16.0,1.3,18,337,8,0,0.0,0,0,0,0.2,0.0,0,0,medium,changed_mind_repeated,21.8,1,1,0,0
TX102512,CUST002887,4646.87,Beauty,Net Banking,23.6,3.5,52,135,8,0,0.0,0,0,0,2.2,0.3,0,1,low,not_needed,28.1,0,2,0,0
TX102513,CUST002263,2462.78,Books,UPI,11.9,15.5,26,1577,8,0,0.0,0,0,0,,,2,0,high,no_return,27.2,2,5,0,0
TX102514,CUST000311,2777.13,Home,Debit Card,21.3,14.2,18,761,5,0,0.0,0,1,0,,,3,0,medium,no_return,27.5,0,0,0,0
TX102515,CUST002459,1673.68,Footwear,UPI,18.8,3.5,33,75,9,0,0.0,0,0,0,,,1,0,low,no_return,13.6,0,5,0,0
TX102516,CUST002076,1184.59,Electronics,UPI,14.5,3.7,42,213,10,1,0.1,0,2,0,,,0,0,low,no_return,25.3,0,2,0,0
TX102517,CUST001578,2506.06,Electronics,Credit Card,2.2,3.5,44,1,8,0,0.0,0,0,0,5.6,5.4,1,0,medium,changed_mind_repeated,22.9,2,0,0,0
TX102518,CUST000430,2106.86,Beauty,UPI,19.3,0.5,25,474,1,0,0.0,0,1,0,,,4,0,low,no_return,42.9,1,2,0,1
TX102519,CUST002990,984.11,Beauty,UPI,0.0,33.4,31,606,4,0,0.0,0,0,0,,,3,0,high,no_return,21.5,0,2,0,0
TX102520,CUST001328,2016.38,Grocery,Credit Card,26.2,25.6,32,957,13,1,0.077,0,0,0,,,1,0,low,no_return,38.4,1,3,0,0
TX102521,CUST000133,1747.08,Fashion,Credit Card,17.4,4.6,41,582,5,0,0.0,0,0,0,,,0,0,low,no_return,23.4,0,2,0,0
TX102522,CUST000630,1417.21,Fashion,Credit Card,20.6,33.8,37,52,14,1,0.071,0,0,0,3.1,2.8,1,0,medium,not_as_described,14.5,0,2,0,0
TX102523,CUST001204,1156.1,Books,UPI,0.0,4.5,34,91,8,0,0.0,0,1,0,,,0,0,high,no_return,46.2,0,2,0,0
TX102524,CUST000187,2250.12,Fashion,Credit Card,1.5,8.1,41,695,7,2,0.286,0,0,0,,,0,0,low,no_return,31.3,2,3,0,0
TX102525,CUST000972,1208.69,Books,Credit Card,8.9,5.7,18,951,7,2,0.286,0,0,0,15.2,15.0,2,0,low,not_as_described,44.8,0,2,0,0
TX102526,CUST001405,5795.42,Grocery,Credit Card,23.1,6.7,36,295,5,1,0.2,0,2,0,,,0,1,low,no_return,9.7,1,0,0,0
TX102527,CUST002845,2410.04,Electronics,COD,3.7,18.5,34,313,10,2,0.2,0,0,0,,,1,0,low,no_return,2.6,0,2,0,0
TX102528,CUST000260,2274.5,Books,Wallet,45.6,17.7,31,321,10,3,0.3,0,0,0,,,3,0,low,no_return,27.5,0,2,0,0
TX102529,CUST001731,1556.35,Footwear,UPI,11.8,14.1,29,451,10,0,0.0,0,1,0,1.1,0.0,1,0,low,not_as_described_repeated,17.2,1,0,0,0
TX102530,CUST002747,1334.26,Toys,Credit Card,2.8,54.9,33,966,5,1,0.2,1,0,0,,,1,0,low,no_return,47.6,1,4,0,0
TX102531,CUST002418,422.26,Electronics,Net Banking,12.8,13.3,26,135,11,0,0.0,0,0,0,,,2,0,medium,no_return,32.9,1,2,0,1
TX102532,CUST002774,1030.6,Beauty,Debit Card,3.6,16.0,59,192,8,2,0.25,0,1,0,9.2,8.6,1,0,low,not_as_described_repeated,7.0,1,4,0,0
TX102533,CUST000511,492.96,Footwear,Wallet,0.8,1.6,45,222,9,1,0.111,0,1,0,,,3,0,low,no_return,40.3,0,1,0,0
TX102534,CUST002404,488.2,Sports,COD,27.1,4.6,42,792,8,0,0.0,0,1,0,,,0,0,low,no_return,21.5,1,2,0,0
TX102535,CUST002935,728.13,Fashion,COD,21.2,26.3,26,1056,10,2,0.2,2,1,0,,,1,0,medium,no_return,15.7,0,4,0,1
TX102536,CUST000978,3687.49,Fashion,UPI,21.2,2.6,22,288,5,1,0.2,0,0,0,,,0,1,low,no_return,31.8,2,2,0,0
TX102537,CUST001496,3676.33,Grocery,UPI,30.3,10.5,29,21,9,1,0.111,0,0,0,,,0,1,low,no_return,12.7,0,1,0,0
TX102538,CUST001592,1047.61,Toys,Debit Card,20.8,2.0,33,235,14,0,0.0,0,0,0,,,3,0,medium,no_return,32.7,0,1,0,0
TX102539,CUST001481,595.49,Footwear,Debit Card,2.2,3.2,18,456,11,0,0.0,0,2,0,,,2,0,high,no_return,51.0,0,4,0,0
TX102540,CUST000870,1293.46,Footwear,COD,23.5,29.0,36,59,4,1,0.25,0,0,0,,,1,0,low,no_return,14.7,0,1,0,0
TX102541,CUST002912,2704.51,Fashion,Wallet,1.5,11.5,42,185,5,0,0.0,0,0,0,,,5,0,low,no_return,28.8,2,0,0,0
TX102542,CUST002869,3225.47,Sports,UPI,9.3,8.9,18,391,5,0,0.0,0,0,0,9.1,5.2,1,0,low,changed_mind,25.2,0,4,0,0
TX102543,CUST001142,1997.54,Electronics,Credit Card,14.5,5.9,22,1076,5,0,0.0,0,0,0,,,2,0,low,no_return,16.1,1,0,0,0
TX102544,CUST002416,2231.88,Electronics,Net Banking,13.2,0.5,44,243,9,1,0.111,1,0,0,,,2,0,low,no_return,25.8,0,1,0,0
TX102545,CUST001193,2093.54,Electronics,COD,0.0,9.6,35,668,6,0,0.0,0,0,0,4.8,1.9,2,0,medium,changed_mind,27.6,1,2,0,0
TX102546,CUST002384,518.35,Footwear,COD,3.4,33.4,23,1856,7,0,0.0,0,1,0,,,1,0,low,no_return,33.1,1,3,0,0
TX102547,CUST001754,638.23,Electronics,Debit Card,14.7,27.4,39,170,7,1,0.143,0,0,0,1.4,0.2,3,0,low,not_as_described,18.3,0,1,0,0
TX102548,CUST001411,4765.75,Beauty,Wallet,7.7,5.1,26,1425,6,0,0.0,0,0,0,,,1,1,low,no_return,21.2,0,0,0,0
TX102549,CUST000385,1991.38,Home,Credit Card,28.5,9.4,29,815,6,0,0.0,0,0,0,,,2,0,low,no_return,14.8,3,4,0,0
TX102550,CUST001964,354.41,Fashion,UPI,30.6,7.3,20,25,11,0,0.0,0,0,0,3.3,2.2,1,0,low,defective,16.7,1,2,0,0
TX102551,CUST000963,2319.26,Beauty,UPI,1.6,14.0,32,65,8,2,0.25,0,0,0,,,1,0,low,no_return,52.9,0,0,0,0
TX102552,CUST000651,892.39,Electronics,Credit Card,15.7,2.3,42,908,16,2,0.125,1,0,0,10.2,10.1,2,0,low,not_needed,15.5,0,1,0,0
TX102553,CUST000580,3389.74,Home,COD,34.0,37.2,27,334,5,0,0.0,0,1,0,8.8,8.6,0,0,low,defective,33.7,1,6,0,0
TX102554,CUST002945,3165.01,Beauty,Credit Card,13.4,0.5,38,412,5,0,0.0,0,0,0,,,1,0,low,no_return,42.1,1,3,0,0
TX102555,CUST000310,2609.65,Toys,Debit Card,10.1,8.3,31,230,7,0,0.0,0,0,0,,,3,0,low,no_return,34.9,0,3,0,0
TX102556,CUST002395,1976.47,Grocery,Credit Card,25.3,3.0,42,436,6,0,0.0,0,1,0,0.2,0.0,1,0,low,changed_mind_repeated,15.5,1,1,0,0
TX102557,CUST002598,3911.75,Footwear,COD,11.7,8.9,27,471,10,0,0.0,0,1,0,3.8,3.2,0,1,low,changed_mind,39.2,0,2,0,0
TX102558,CUST000094,4162.14,Home,UPI,30.3,7.0,47,274,7,1,0.143,0,0,0,,,1,1,low,no_return,38.5,0,0,0,0
TX102559,CUST001768,908.94,Electronics,Debit Card,7.9,10.2,38,27,6,0,0.0,0,0,0,11.6,11.6,2,0,low,not_as_described_repeated,48.1,2,2,0,0
TX102560,CUST001732,2591.48,Home,UPI,9.3,15.8,34,470,6,0,0.0,0,0,0,0.8,0.0,1,0,medium,not_needed,29.2,0,3,0,0
TX102561,CUST001076,1165.1,Mobile,Credit Card,24.5,9.2,34,345,8,3,0.375,0,2,0,9.9,8.6,0,0,low,not_as_described,19.6,1,2,0,0
TX102562,CUST002000,817.67,Fashion,Credit Card,16.2,14.8,27,776,5,0,0.0,0,1,0,,,1,0,high,no_return,31.7,0,1,0,0
TX102563,CUST001226,4159.89,Fashion,Debit Card,16.3,0.8,26,82,9,0,0.0,0,0,0,,,4,1,medium,no_return,3.8,1,1,0,0
TX102564,CUST001319,2860.51,Mobile,Credit Card,0.0,21.9,34,270,2,0,0.0,0,0,0,,,2,0,low,no_return,6.0,0,2,0,0
TX102565,CUST001295,2084.51,Mobile,Wallet,10.8,17.2,20,293,10,0,0.0,0,0,0,11.9,11.3,1,0,low,changed_mind,2.6,0,2,0,0
TX102566,CUST002402,972.28,Electronics,Net Banking,25.4,8.1,25,166,5,0,0.0,0,1,0,2.6,1.8,3,0,low,changed_mind,0.9,2,3,0,0
TX102567,CUST001899,4236.44,Books,UPI,5.6,7.1,22,1134,11,1,0.091,0,0,0,,,2,1,medium,no_return,7.5,1,1,0,0
TX102568,CUST001137,883.19,Home,UPI,23.4,4.3,37,28,10,0,0.0,0,0,0,,,2,0,low,no_return,24.3,1,0,0,0
TX102569,CUST002780,746.82,Beauty,UPI,18.2,9.1,37,580,6,0,0.0,0,0,0,3.3,0.0,2,0,low,not_needed,25.2,0,1,0,0
TX102570,CUST002406,1750.56,Beauty,UPI,12.6,5.1,44,340,4,1,0.25,1,0,0,8.2,6.9,2,0,low,changed_mind,12.5,1,0,0,1
TX102571,CUST002798,2704.18,Mobile,UPI,31.3,7.3,28,467,9,1,0.111,0,0,0,,,3,0,medium,no_return,18.5,0,1,0,0
TX102572,CUST002191,1382.15,Fashion,Net Banking,10.9,2.3,23,20,6,3,0.5,0,0,0,,,1,0,medium,no_return,17.7,1,1,0,1
TX102573,CUST001175,13234.35,Toys,Net Banking,11.8,2.5,18,192,8,3,0.375,0,0,0,0.1,0.0,1,1,high,size_issue,30.8,3,2,0,0
TX102574,CUST002319,1955.56,Electronics,UPI,12.5,4.9,34,3,8,0,0.0,0,1,0,,,3,0,medium,no_return,4.8,2,4,0,1
TX102575,CUST000988,1161.73,Grocery,COD,16.0,21.6,45,249,11,0,0.0,0,0,0,,,0,0,low,no_return,23.1,1,2,0,0
TX102576,CUST000813,1254.65,Grocery,COD,24.2,0.5,31,256,8,0,0.0,0,0,0,,,2,0,low,no_return,26.4,0,1,0,0
TX102577,CUST001353,5101.85,Books,Credit Card,0.0,9.0,32,625,11,0,0.0,0,0,0,,,1,1,low,no_return,5.7,0,4,0,0
TX102578,CUST002907,1642.16,Footwear,Net Banking,25.4,22.8,31,152,9,0,0.0,0,0,0,,,1,0,medium,no_return,22.2,2,0,1,0
TX102579,CUST001704,4069.4,Books,Wallet,15.8,10.9,34,646,10,0,0.0,0,0,0,,,1,1,low,no_return,29.1,1,1,0,0
TX102580,CUST001151,475.72,Books,Wallet,21.6,2.3,41,45,4,0,0.0,0,0,0,4.8,3.2,0,0,low,not_as_described,40.6,0,2,0,0
TX102581,CUST001385,3433.16,Fashion,COD,43.7,5.1,51,27,11,0,0.0,0,0,0,,,3,1,medium,no_return,20.0,0,0,0,1
TX102582,CUST000874,1006.39,Mobile,Credit Card,8.9,4.8,36,209,6,0,0.0,0,0,0,,,0,0,medium,no_return,18.8,1,1,0,0
TX102583,CUST001976,2904.7,Beauty,UPI,0.3,44.1,37,889,8,2,0.25,1,0,0,1.6,0.0,1,0,low,size_issue,26.5,1,0,0,1
TX102584,CUST001051,1000.45,Home,Wallet,17.3,3.0,29,644,7,0,0.0,0,0,0,,,0,0,low,no_return,6.0,0,1,0,0
TX102585,CUST001663,1317.43,Beauty,UPI,19.2,12.9,30,750,7,1,0.143,1,3,0,0.4,0.2,1,0,medium,not_needed,11.7,0,1,0,0
TX102586,CUST001110,800.38,Home,Credit Card,25.5,2.4,30,149,6,0,0.0,0,0,0,,,2,0,medium,no_return,57.8,0,1,0,0
TX102587,CUST000962,2940.35,Sports,UPI,8.5,3.6,28,232,3,1,0.333,1,1,0,0.6,0.1,3,0,low,size_issue,10.3,0,1,0,0
TX102588,CUST002910,3238.71,Home,Credit Card,5.0,10.9,33,346,8,0,0.0,0,0,0,,,2,0,low,no_return,42.3,0,0,0,0
TX102589,CUST001037,1029.71,Fashion,UPI,0.0,11.1,38,122,11,2,0.182,1,0,0,3.4,2.5,2,0,low,size_issue,4.2,1,0,0,1
TX102590,CUST000212,566.96,Footwear,COD,0.0,7.4,32,89,8,0,0.0,0,0,0,,,2,0,low,no_return,14.9,1,0,0,0
TX102591,CUST001136,4033.04,Footwear,Credit Card,10.0,7.4,29,340,11,3,0.273,0,2,0,,,2,1,medium,no_return,18.6,2,2,0,0
TX102592,CUST001596,1118.23,Beauty,Credit Card,13.6,25.4,33,210,7,0,0.0,0,0,0,,,4,0,low,no_return,23.5,0,0,0,0
TX102593,CUST000284,1584.72,Mobile,Credit Card,39.8,30.5,22,31,7,2,0.286,0,1,0,6.8,5.2,1,0,low,not_as_described,22.4,1,0,0,0
TX102594,CUST000917,903.23,Home,Debit Card,0.0,12.1,40,300,9,1,0.111,0,0,0,,,3,0,low,no_return,34.1,0,1,0,0
TX102595,CUST000499,2761.64,Home,COD,19.0,19.1,27,67,5,0,0.0,0,0,0,,,3,0,medium,no_return,9.3,0,3,0,0
TX102596,CUST001502,2806.07,Footwear,Net Banking,6.3,10.6,20,337,8,0,0.0,0,0,0,,,1,0,medium,no_return,41.0,0,1,0,0
TX102597,CUST002169,4454.51,Grocery,COD,17.7,25.7,36,1602,11,6,0.545,0,0,0,,,1,1,low,no_return,29.6,2,1,0,0
TX102598,CUST002905,3496.79,Books,Credit Card,8.4,2.9,37,1775,7,3,0.429,0,0,0,3.3,2.0,0,1,low,not_needed,39.0,2,3,0,1
TX102599,CUST001167,3345.99,Home,COD,27.4,54.5,23,168,9,1,0.111,0,0,0,,,1,0,low,no_return,22.0,0,2,0,0
TX102600,CUST002589,1684.7,Home,Debit Card,27.4,14.4,38,312,6,0,0.0,0,0,0,,,1,0,low,no_return,12.9,2,0,0,0
TX102601,CUST000644,1547.75,Electronics,Debit Card,13.6,0.5,38,727,2,0,0.0,0,2,0,1.6,0.0,0,0,low,not_as_described_repeated,19.4,0,2,0,0
TX102602,CUST002341,2737.01,Mobile,Debit Card,32.3,2.5,51,229,5,0,0.0,0,0,0,,,3,0,low,no_return,44.5,0,3,0,0
TX102603,CUST001688,1621.68,Fashion,Credit Card,24.1,19.4,29,788,5,2,0.4,0,1,0,9.7,9.4,3,0,low,not_needed,33.5,0,3,0,0
TX102604,CUST002274,3572.51,Beauty,Credit Card,31.7,41.7,31,301,7,0,0.0,0,1,0,22.0,19.6,2,1,low,not_needed,30.3,1,1,0,0
TX102605,CUST002266,862.96,Electronics,Debit Card,14.5,17.9,25,541,14,0,0.0,0,0,1,,,2,0,low,no_return,25.6,0,3,0,0
TX102606,CUST001597,468.85,Grocery,Credit Card,26.4,18.6,36,1060,8,1,0.125,0,0,0,,,2,0,low,no_return,13.8,0,1,0,0
TX102607,CUST000773,2533.89,Home,COD,5.8,7.8,31,473,4,0,0.0,0,0,0,,,4,0,low,no_return,15.0,1,0,0,0
TX102608,CUST001579,1217.99,Books,Credit Card,4.6,40.9,41,290,5,0,0.0,0,0,1,3.1,2.7,0,0,high,defective,12.1,0,2,0,0
TX102609,CUST002480,771.66,Beauty,Debit Card,41.2,20.7,27,433,9,1,0.111,1,0,1,,,3,0,low,no_return,23.8,0,1,0,0
TX102610,CUST002912,6208.46,Electronics,COD,2.0,0.5,36,290,10,0,0.0,0,1,0,,,1,1,medium,no_return,9.1,3,0,1,0
TX102611,CUST002782,1791.52,Electronics,UPI,9.8,13.8,29,71,3,2,0.667,1,0,0,,,0,0,low,no_return,19.3,0,4,0,0
TX102612,CUST000545,650.08,Fashion,UPI,0.0,22.0,18,560,6,2,0.333,0,1,0,,,0,0,medium,no_return,17.2,1,0,0,1
TX102613,CUST001792,1118.92,Books,Debit Card,4.8,26.2,38,916,9,1,0.111,0,0,0,,,1,0,low,no_return,30.3,1,4,0,0
TX102614,CUST000314,1459.85,Toys,UPI,3.1,5.8,18,275,6,2,0.333,0,0,0,11.9,10.9,0,0,low,changed_mind_repeated,9.4,0,1,0,0
TX102615,CUST002007,2500.05,Home,UPI,7.0,6.1,30,281,6,1,0.167,0,0,0,6.1,5.0,1,0,low,not_as_described,15.5,3,2,0,0
TX102616,CUST002977,1122.98,Beauty,COD,18.6,12.2,30,241,11,4,0.364,0,2,0,16.9,16.0,2,0,medium,changed_mind,4.6,0,0,0,0
TX102617,CUST000158,1600.91,Fashion,UPI,21.5,6.9,31,199,7,0,0.0,0,1,0,,,4,0,high,no_return,32.4,0,3,0,0
TX102618,CUST001970,2132.07,Footwear,Debit Card,2.9,4.3,32,78,14,1,0.071,0,0,0,0.1,0.0,0,0,low,changed_mind,15.7,1,3,0,0
TX102619,CUST002836,2398.46,Mobile,UPI,5.5,15.6,32,227,10,0,0.0,0,0,0,,,0,0,medium,no_return,49.4,1,0,0,0
TX102620,CUST002541,1680.79,Books,UPI,28.0,6.5,35,341,7,1,0.143,1,0,0,,,0,0,low,no_return,4.8,0,2,0,0
TX102621,CUST001178,5051.56,Electronics,Credit Card,35.5,3.6,30,29,14,0,0.0,0,1,0,,,2,1,medium,no_return,28.1,1,2,0,0
TX102622,CUST000312,2780.53,Home,Wallet,30.1,6.5,58,1094,4,0,0.0,0,0,0,2.2,2.2,0,0,low,not_as_described_repeated,16.8,0,2,0,0
TX102623,CUST002771,2682.36,Mobile,Debit Card,0.0,2.1,28,24,5,0,0.0,0,0,0,,,6,0,low,no_return,28.0,0,0,0,0
TX102624,CUST002764,2619.56,Fashion,Credit Card,29.3,8.6,19,1675,10,0,0.0,0,1,0,,,2,0,low,no_return,24.1,0,1,0,0
TX102625,CUST001737,3589.94,Grocery,Credit Card,37.2,3.0,18,1569,6,1,0.167,0,0,0,,,2,1,low,no_return,38.3,0,2,0,0
TX102626,CUST002936,2039.25,Mobile,Debit Card,0.0,1.7,38,581,12,0,0.0,0,0,0,,,4,0,low,no_return,28.7,1,2,0,0
TX102627,CUST000014,852.83,Toys,Debit Card,28.0,21.4,18,231,7,1,0.143,1,0,0,,,2,0,low,no_return,14.6,0,1,0,0
TX102628,CUST001850,2324.48,Sports,UPI,17.7,14.2,19,198,4,0,0.0,0,0,0,,,1,0,low,no_return,24.1,3,1,0,0
TX102629,CUST000116,2518.67,Beauty,UPI,11.1,16.6,18,68,11,1,0.091,0,0,0,6.4,4.8,1,0,medium,defective,27.4,1,2,0,0
TX102630,CUST002807,3945.96,Footwear,Credit Card,16.3,5.8,36,36,8,0,0.0,0,0,0,,,1,1,low,no_return,13.7,0,1,0,0
TX102631,CUST002041,792.5,Home,Debit Card,20.3,3.8,45,469,7,0,0.0,0,0,0,16.1,13.4,3,0,medium,size_issue,45.4,0,0,0,1
TX102632,CUST002740,936.45,Footwear,COD,28.9,10.6,22,154,8,0,0.0,0,0,0,,,1,0,low,no_return,21.8,0,0,0,0
TX102633,CUST001688,1830.65,Home,Debit Card,28.3,13.5,36,201,7,2,0.286,0,2,0,5.0,4.7,2,0,low,not_needed,2.5,0,2,0,0
TX102634,CUST000250,2667.82,Books,Debit Card,0.0,7.4,18,294,6,0,0.0,0,0,0,,,1,0,low,no_return,22.0,2,0,0,0
TX102635,CUST000080,691.12,Footwear,Credit Card,7.2,15.2,24,220,8,3,0.375,0,0,0,4.7,2.8,4,0,low,size_issue,11.2,3,1,0,0
TX102636,CUST001007,808.15,Sports,Debit Card,16.1,5.1,38,108,10,1,0.1,0,0,0,,,2,0,low,no_return,24.5,0,2,0,0
TX102637,CUST002230,3083.25,Fashion,Debit Card,33.9,0.5,28,472,6,1,0.167,0,0,0,,,2,0,low,no_return,4.9,0,1,0,0
TX102638,CUST000453,711.78,Electronics,UPI,0.0,5.7,41,350,12,5,0.417,0,0,0,3.3,3.1,1,0,low,not_needed,16.6,1,1,0,0
TX102639,CUST002556,945.75,Toys,Net Banking,7.7,2.3,18,39,6,0,0.0,0,0,0,4.8,3.6,3,0,low,not_as_described_repeated,16.3,0,2,0,0
TX102640,CUST000719,3208.46,Grocery,Credit Card,0.0,5.0,24,217,6,0,0.0,0,0,0,2.3,0.1,0,0,medium,not_as_described,27.5,1,5,0,0
TX102641,CUST001489,2642.78,Fashion,Debit Card,0.0,9.1,36,728,7,1,0.143,1,0,0,3.7,2.0,1,0,low,not_needed,23.3,2,2,0,0
TX102642,CUST000610,1131.2,Footwear,Debit Card,26.8,10.0,36,201,10,1,0.1,0,1,0,,,1,0,low,no_return,14.1,1,3,0,0
TX102643,CUST001397,2449.69,Footwear,Net Banking,8.6,4.7,37,2267,14,0,0.0,0,1,0,,,2,0,low,no_return,35.8,0,1,0,0
TX102644,CUST001357,2153.79,Footwear,UPI,0.0,11.6,34,303,5,1,0.2,0,0,0,,,1,0,low,no_return,17.4,0,1,0,0
TX102645,CUST000017,1636.78,Sports,Net Banking,13.1,39.5,20,447,8,3,0.375,0,1,0,9.4,9.4,1,0,low,defective,18.5,0,1,0,0
TX102646,CUST001703,1358.47,Mobile,UPI,39.4,17.5,24,242,7,0,0.0,0,0,0,,,3,0,low,no_return,34.1,0,1,0,0
TX102647,CUST002360,2387.48,Footwear,UPI,0.0,6.9,55,421,8,1,0.125,0,0,0,,,0,0,low,no_return,17.9,0,2,0,0
TX102648,CUST002808,757.54,Electronics,Net Banking,21.4,30.2,19,902,6,1,0.167,0,0,0,3.3,3.1,0,0,high,defective,9.9,1,2,0,0
TX102649,CUST000992,2369.76,Mobile,UPI,33.8,11.0,18,188,4,1,0.25,1,0,0,,,1,0,high,no_return,12.7,0,2,0,1
TX102650,CUST002641,2024.47,Sports,Debit Card,14.4,1.0,38,204,7,2,0.286,0,2,0,12.8,12.4,3,0,low,not_as_described,22.7,1,1,0,0
TX102651,CUST002636,2121.23,Footwear,Credit Card,38.1,0.7,21,115,6,1,0.167,0,0,0,1.8,1.1,0,0,medium,defective,30.1,0,4,0,0
TX102652,CUST002965,916.47,Books,Net Banking,7.1,5.1,49,1422,10,1,0.1,0,0,0,,,0,0,low,no_return,26.5,1,1,0,0
TX102653,CUST001119,4008.24,Grocery,COD,32.4,40.5,59,53,12,1,0.083,0,0,0,3.3,3.2,3,1,low,changed_mind,3.5,0,2,0,0
TX102654,CUST002552,1133.94,Fashion,Credit Card,29.5,19.8,29,24,7,0,0.0,0,0,0,,,2,0,high,no_return,3.1,1,1,0,0
TX102655,CUST001695,1261.7,Electronics,COD,14.6,0.7,35,38,11,0,0.0,0,0,0,,,0,0,medium,no_return,16.7,0,2,0,0
TX102656,CUST000175,1593.39,Fashion,UPI,0.0,42.0,18,695,16,4,0.25,0,2,0,,,1,0,low,no_return,35.8,0,1,0,0
TX102657,CUST000811,2638.83,Grocery,Debit Card,3.0,15.3,42,656,7,0,0.0,0,1,0,,,1,0,low,no_return,29.4,0,1,0,0
TX102658,CUST002016,2079.63,Footwear,COD,0.0,0.5,18,248,6,0,0.0,0,0,0,0.6,0.0,1,0,low,not_as_described,5.7,1,0,0,0
TX102659,CUST000482,552.03,Electronics,COD,22.1,4.4,18,144,8,2,0.25,0,1,0,,,0,0,medium,no_return,20.4,1,1,0,0
TX102660,CUST001304,1774.36,Fashion,Debit Card,20.7,0.6,33,323,12,1,0.083,0,0,0,1.7,0.7,0,0,low,not_as_described,7.0,1,4,0,1
TX102661,CUST002324,1874.19,Grocery,COD,16.0,5.8,37,116,4,0,0.0,0,0,0,,,1,0,low,no_return,29.3,0,0,0,0
TX102662,CUST000450,4069.34,Fashion,Debit Card,13.5,1.5,18,64,9,0,0.0,0,0,1,,,1,1,low,no_return,36.9,0,2,0,0
TX102663,CUST001490,1443.42,Electronics,Net Banking,31.3,44.0,26,242,8,0,0.0,0,0,0,,,1,0,medium,no_return,11.1,0,3,1,0
TX102664,CUST000645,2493.46,Electronics,UPI,18.6,1.7,18,192,8,0,0.0,0,0,0,,,0,0,high,no_return,64.4,1,0,1,0
TX102665,CUST001609,7999.92,Grocery,Credit Card,8.3,11.3,28,126,7,2,0.286,0,1,0,,,2,1,low,no_return,27.2,1,1,0,1
TX102666,CUST000722,3639.64,Sports,COD,16.8,1.0,23,165,3,0,0.0,0,2,0,,,1,1,medium,no_return,6.8,0,1,0,0
TX102667,CUST002896,880.96,Footwear,Credit Card,39.6,4.6,25,194,11,0,0.0,0,0,0,,,2,0,medium,no_return,9.9,1,2,0,0
TX102668,CUST000231,2866.32,Fashion,Credit Card,22.5,5.9,38,141,9,0,0.0,0,0,0,1.6,1.3,1,0,high,changed_mind,28.0,0,4,0,0
TX102669,CUST002890,2376.23,Electronics,COD,10.3,5.7,34,269,1,0,0.0,0,1,1,0.1,0.0,1,0,low,changed_mind_repeated,8.0,0,2,0,0
TX102670,CUST002375,1411.0,Toys,Debit Card,14.5,2.1,37,22,12,2,0.167,1,1,0,5.8,4.7,1,0,high,not_as_described,30.6,0,3,0,0
TX102671,CUST002567,2887.58,Mobile,UPI,20.6,4.7,30,3,15,2,0.133,0,0,0,,,0,0,low,no_return,4.7,0,1,0,0
TX102672,CUST002554,871.59,Home,UPI,9.9,6.1,39,203,8,0,0.0,0,0,0,,,0,0,medium,no_return,36.5,0,3,0,0
TX102673,CUST000563,1150.16,Footwear,Credit Card,8.9,10.3,31,745,13,3,0.231,0,1,0,,,1,0,low,no_return,58.9,0,2,0,0
TX102674,CUST002793,1604.84,Books,Credit Card,14.9,4.1,27,412,9,1,0.111,1,1,0,,,2,0,low,no_return,24.9,0,3,0,0
TX102675,CUST001783,1366.57,Footwear,UPI,33.2,10.4,37,191,8,2,0.25,0,0,0,,,3,0,low,no_return,48.4,0,0,0,0
TX102676,CUST002886,2691.72,Home,COD,24.5,1.9,27,229,9,0,0.0,0,0,0,,,0,0,low,no_return,8.2,0,2,0,0
TX102677,CUST002634,1742.0,Electronics,UPI,10.1,7.6,28,37,10,1,0.1,0,0,0,0.2,0.0,2,0,low,not_needed,22.1,0,0,0,0
TX102678,CUST001739,1274.09,Electronics,COD,25.4,14.6,42,161,4,1,0.25,0,0,0,,,1,0,low,no_return,30.3,0,2,0,0
TX102679,CUST001124,3601.89,Books,Wallet,15.1,50.6,41,378,7,1,0.143,0,1,0,4.3,4.2,0,1,low,not_as_described_repeated,13.0,1,2,1,0
TX102680,CUST000352,2627.15,Footwear,Credit Card,19.1,26.8,29,519,2,1,0.5,0,0,0,,,2,0,low,no_return,12.4,0,3,1,0
TX102681,CUST000304,631.18,Home,Wallet,18.0,11.1,40,1274,7,0,0.0,0,0,0,9.7,8.6,0,0,high,changed_mind,21.0,1,1,0,0
TX102682,CUST001169,622.4,Electronics,UPI,0.0,4.4,19,137,10,1,0.1,0,0,0,1.2,1.1,2,0,low,changed_mind_repeated,22.5,0,1,0,0
TX102683,CUST002433,1280.33,Electronics,Debit Card,0.0,11.3,29,101,12,1,0.083,1,0,0,,,0,0,low,no_return,26.2,0,0,0,0
TX102684,CUST001516,688.16,Sports,Wallet,17.7,9.0,24,851,5,1,0.2,0,0,0,2.4,1.7,1,0,low,defective,30.5,0,1,0,0
TX102685,CUST001445,3247.01,Footwear,COD,4.8,11.4,31,1195,6,2,0.333,1,1,0,,,1,0,low,no_return,19.9,3,2,0,0
TX102686,CUST000734,1188.54,Home,UPI,0.0,9.4,39,437,15,0,0.0,0,1,0,,,1,0,low,no_return,10.6,0,3,0,0
TX102687,CUST001693,2491.46,Grocery,UPI,5.1,12.2,37,217,7,0,0.0,0,0,0,,,3,0,low,no_return,10.4,0,1,0,0
TX102688,CUST001914,2840.92,Sports,UPI,26.1,2.1,36,174,3,0,0.0,0,2,0,,,1,0,low,no_return,8.5,0,0,0,0
TX102689,CUST002946,425.47,Footwear,Net Banking,19.3,15.7,33,148,10,0,0.0,0,0,0,2.3,0.2,0,0,medium,not_as_described,24.1,1,2,1,0
TX102690,CUST002188,1226.45,Toys,UPI,24.3,12.7,30,369,7,0,0.0,0,0,1,,,3,0,low,no_return,11.4,1,3,0,0
TX102691,CUST001822,1555.87,Fashion,Credit Card,20.4,2.1,44,73,7,1,0.143,0,0,0,,,0,0,high,no_return,27.5,2,0,0,1
TX102692,CUST002730,2140.03,Grocery,Credit Card,4.0,4.0,18,243,12,0,0.0,0,0,0,,,2,0,low,no_return,7.7,0,2,0,0
TX102693,CUST001275,3132.79,Footwear,Credit Card,24.3,5.0,25,478,9,2,0.222,0,0,0,,,2,0,low,no_return,26.4,1,2,0,0
TX102694,CUST002804,6380.27,Mobile,Credit Card,22.0,26.9,36,187,5,0,0.0,0,0,0,,,0,1,low,no_return,19.2,0,2,0,1
TX102695,CUST001110,4743.52,Sports,Credit Card,13.6,11.2,47,348,9,1,0.111,1,0,1,,,0,1,medium,no_return,33.0,1,2,0,0
TX102696,CUST000384,1728.17,Fashion,Debit Card,15.7,5.8,28,135,6,1,0.167,0,0,1,,,1,0,medium,no_return,31.9,0,4,0,0
TX102697,CUST001253,1714.49,Sports,Credit Card,24.5,10.2,29,414,7,0,0.0,0,0,0,,,1,0,low,no_return,23.5,1,1,0,0
TX102698,CUST000387,4439.14,Grocery,Credit Card,6.0,38.0,19,1843,9,0,0.0,0,0,0,1.6,1.5,0,1,low,defective,20.8,1,3,0,0
TX102699,CUST000356,1791.76,Fashion,Credit Card,28.1,4.3,26,350,9,3,0.333,1,1,0,,,3,0,low,no_return,28.5,0,3,0,1
TX102700,CUST002643,1207.36,Mobile,Credit Card,21.8,22.3,39,6,10,0,0.0,0,0,0,,,0,0,low,no_return,51.7,0,3,0,0
TX102701,CUST002384,3280.65,Fashion,COD,15.0,26.9,47,762,11,0,0.0,0,0,0,,,3,0,low,no_return,5.4,1,0,0,0
TX102702,CUST000664,2207.95,Footwear,Credit Card,33.4,6.6,29,403,11,0,0.0,0,0,0,,,1,0,low,no_return,20.2,1,0,0,0
TX102703,CUST002513,615.47,Home,Credit Card,0.0,6.4,24,164,11,0,0.0,0,0,0,3.3,2.6,3,0,low,changed_mind,30.3,0,2,0,0
TX102704,CUST000207,1452.07,Electronics,UPI,9.5,14.5,32,344,5,0,0.0,0,0,0,,,1,0,low,no_return,55.6,0,3,0,0
TX102705,CUST000853,703.66,Sports,UPI,6.8,4.3,18,906,7,0,0.0,0,0,0,,,0,0,low,no_return,27.6,1,1,0,0
TX102706,CUST002118,272.24,Grocery,COD,19.3,10.0,44,294,11,0,0.0,0,1,0,0.0,0.0,2,0,low,not_as_described,45.3,1,3,0,0
TX102707,CUST000912,5153.03,Footwear,Net Banking,29.2,1.9,19,593,4,0,0.0,0,0,0,4.2,2.9,0,1,low,changed_mind,16.2,1,1,0,1
TX102708,CUST002191,1946.62,Sports,UPI,3.2,12.0,35,214,6,0,0.0,0,0,0,4.7,2.9,3,0,high,size_issue,6.6,1,1,0,1
TX102709,CUST002623,1489.09,Electronics,Credit Card,54.7,4.1,34,21,7,0,0.0,0,1,1,,,1,0,low,no_return,31.2,0,0,0,0
TX102710,CUST000199,1273.55,Footwear,Credit Card,7.0,4.8,38,6,7,0,0.0,0,0,0,,,2,0,medium,no_return,28.6,1,3,0,0
TX102711,CUST000072,1814.36,Sports,Debit Card,19.3,24.2,34,262,7,3,0.429,1,2,0,,,3,0,low,no_return,22.2,1,3,0,0
TX102712,CUST002820,1262.48,Fashion,UPI,15.0,5.3,32,246,6,0,0.0,0,0,0,,,0,0,low,no_return,32.7,1,2,0,0
TX102713,CUST001561,892.33,Footwear,Wallet,15.6,3.6,36,265,4,0,0.0,0,0,0,,,1,0,low,no_return,47.8,1,2,0,0
TX102714,CUST001519,1314.29,Electronics,UPI,5.5,3.7,40,124,11,0,0.0,0,0,0,2.5,2.4,1,0,low,changed_mind_repeated,26.7,0,1,0,0
TX102715,CUST001391,4171.05,Electronics,Wallet,27.8,5.3,49,238,10,3,0.3,1,2,0,,,0,1,low,no_return,14.7,0,0,0,0
TX102716,CUST001301,3233.82,Beauty,UPI,4.8,13.8,20,76,3,0,0.0,0,0,0,,,4,0,low,no_return,43.0,1,2,0,0
TX102717,CUST002070,1315.46,Grocery,Credit Card,0.0,6.7,18,42,14,0,0.0,0,0,0,,,1,0,low,no_return,37.8,1,3,0,0
TX102718,CUST001739,5478.34,Beauty,UPI,1.5,11.9,18,1294,14,0,0.0,0,0,0,,,0,1,low,no_return,7.1,0,1,0,0
TX102719,CUST000491,1714.45,Footwear,UPI,32.3,11.0,18,300,7,1,0.143,0,0,0,,,2,0,low,no_return,15.1,0,0,0,0
TX102720,CUST001880,1037.79,Fashion,Wallet,30.0,25.4,20,78,12,0,0.0,0,0,0,,,1,0,medium,no_return,34.2,1,0,0,0
TX102721,CUST002005,2271.82,Mobile,Credit Card,0.0,2.1,18,868,7,0,0.0,0,0,0,,,1,0,low,no_return,36.1,1,1,0,0
TX102722,CUST000341,4584.47,Electronics,UPI,24.8,20.7,27,135,7,0,0.0,0,2,0,,,0,1,medium,no_return,14.8,1,1,1,0
TX102723,CUST001130,4048.68,Electronics,Wallet,0.0,9.3,40,141,4,0,0.0,0,0,0,,,2,1,medium,no_return,5.0,0,1,0,0
TX102724,CUST002371,1074.03,Fashion,UPI,14.7,20.2,38,1019,7,1,0.143,0,0,0,,,2,0,medium,no_return,57.5,0,0,0,0
TX102725,CUST001856,769.79,Electronics,UPI,0.5,19.4,25,151,6,0,0.0,0,0,0,,,0,0,low,no_return,8.4,0,2,0,0
TX102726,CUST000409,1398.78,Home,UPI,25.7,6.3,26,993,8,1,0.125,0,0,0,,,1,0,medium,no_return,14.4,1,1,0,1
TX102727,CUST000121,2520.79,Footwear,Credit Card,21.7,10.3,52,1336,6,0,0.0,0,0,0,,,2,0,low,no_return,24.7,0,1,0,0
TX102728,CUST001744,2966.7,Toys,Net Banking,26.8,28.9,37,319,8,1,0.125,0,0,0,,,3,0,low,no_return,11.7,0,3,0,0
TX102729,CUST001385,3696.31,Books,UPI,11.5,24.1,33,1157,15,1,0.067,0,0,0,,,1,1,low,no_return,25.1,1,0,0,0
TX102730,CUST002883,2017.14,Electronics,COD,12.7,4.7,33,166,8,0,0.0,0,2,0,,,2,0,high,no_return,7.6,1,1,0,1
TX102731,CUST001567,2060.61,Footwear,UPI,0.0,0.5,29,72,7,0,0.0,0,0,0,,,1,0,medium,no_return,39.3,0,4,0,0
TX102732,CUST002794,1968.85,Home,UPI,2.6,12.3,52,7,9,0,0.0,0,0,0,,,0,0,low,no_return,44.3,0,0,0,0
TX102733,CUST000643,3400.79,Books,COD,26.4,5.7,30,61,6,1,0.167,0,0,0,,,1,0,low,no_return,7.6,0,3,0,0
TX102734,CUST001342,2999.82,Books,COD,19.4,2.2,33,14,9,1,0.111,0,1,0,,,2,0,low,no_return,4.6,1,1,0,0
TX102735,CUST000419,1047.24,Fashion,Debit Card,16.3,5.7,18,255,10,2,0.2,2,0,0,1.4,1.1,1,0,medium,not_as_described,35.4,2,2,0,0
TX102736,CUST001723,2771.56,Beauty,UPI,30.1,34.6,25,201,9,1,0.111,0,0,0,,,0,0,low,no_return,14.4,2,0,0,0
TX102737,CUST000566,3264.57,Footwear,UPI,0.0,1.4,26,13,8,2,0.25,0,0,0,,,1,0,low,no_return,28.8,1,1,0,0
TX102738,CUST001477,3428.78,Fashion,COD,23.6,6.5,36,71,9,1,0.111,0,2,1,,,1,1,medium,no_return,23.7,0,3,0,0
TX102739,CUST001033,2209.57,Books,Debit Card,0.9,0.5,24,142,9,0,0.0,0,0,0,,,5,0,low,no_return,34.9,1,2,0,0
TX102740,CUST000558,2132.31,Mobile,Credit Card,32.7,17.3,32,678,11,0,0.0,0,0,0,5.3,4.1,2,0,low,not_as_described,53.2,1,2,0,0
TX102741,CUST000291,1764.21,Home,UPI,21.5,2.0,25,350,9,0,0.0,0,0,0,,,3,0,high,no_return,13.3,0,5,0,0
TX102742,CUST001536,1887.65,Home,COD,26.6,5.1,20,455,9,0,0.0,0,1,0,,,1,0,low,no_return,29.7,1,2,0,0
TX102743,CUST002842,4965.09,Home,UPI,6.6,8.8,20,644,5,0,0.0,0,0,0,,,3,1,low,no_return,8.8,0,2,0,0
TX102744,CUST000597,1929.54,Toys,Debit Card,41.2,2.1,30,208,7,1,0.143,0,0,0,0.1,0.0,0,0,low,changed_mind_repeated,24.9,1,1,0,0
TX102745,CUST001215,1106.31,Home,Debit Card,39.0,28.4,33,350,11,1,0.091,0,0,0,13.0,12.3,0,0,low,defective,12.6,0,2,0,0
TX102746,CUST000674,2239.89,Beauty,UPI,20.2,16.2,30,450,7,0,0.0,0,0,0,2.6,2.5,2,0,low,defective,24.1,1,1,0,0
TX102747,CUST002427,2929.93,Fashion,Credit Card,29.1,1.7,23,194,6,0,0.0,0,2,0,2.4,2.3,4,0,low,changed_mind_repeated,8.6,1,3,0,0
TX102748,CUST001245,3340.43,Mobile,Debit Card,11.4,34.8,30,18,1,0,0.0,0,1,0,3.8,1.8,0,0,low,changed_mind,61.1,1,1,0,0
TX102749,CUST002923,885.15,Footwear,Debit Card,0.0,22.5,28,1334,9,1,0.111,1,0,0,,,1,0,low,no_return,41.5,1,0,0,0
TX102750,CUST000736,4348.09,Sports,Net Banking,24.5,8.6,21,192,15,0,0.0,0,0,0,,,2,1,low,no_return,30.0,2,3,0,0
TX102751,CUST000243,2860.96,Mobile,Debit Card,4.0,6.4,32,178,14,0,0.0,0,0,0,7.9,6.3,1,0,high,not_as_described,28.7,1,2,0,0
TX102752,CUST001747,4197.09,Grocery,UPI,30.7,30.3,50,263,7,1,0.143,0,1,0,14.0,13.3,1,1,low,not_as_described_repeated,2.2,1,0,0,0
TX102753,CUST001955,669.16,Mobile,Credit Card,27.6,2.1,30,703,13,2,0.154,0,1,0,,,0,0,low,no_return,31.8,1,2,0,1
TX102754,CUST002972,3510.58,Fashion,Debit Card,17.8,2.3,18,244,8,1,0.125,0,0,0,1.8,0.0,1,1,low,size_issue,13.9,1,1,0,0
TX102755,CUST002614,855.35,Fashion,Credit Card,17.2,14.2,46,254,4,0,0.0,0,1,0,,,0,0,low,no_return,50.1,1,0,0,0
TX102756,CUST002652,1510.54,Footwear,COD,26.9,1.4,44,251,8,1,0.125,1,0,0,,,2,0,low,no_return,12.8,1,1,0,0
TX102757,CUST001903,2919.94,Home,UPI,18.3,0.5,46,1447,8,1,0.125,1,2,0,,,0,0,low,no_return,26.5,0,0,0,1
TX102758,CUST001080,797.38,Home,UPI,10.1,10.3,31,222,11,2,0.182,0,0,0,19.7,17.2,1,0,low,defective,30.4,2,0,1,0
TX102759,CUST001287,1255.78,Books,UPI,0.0,8.6,24,308,6,1,0.167,1,0,0,,,0,0,low,no_return,14.5,0,1,0,0
TX102760,CUST000402,660.42,Grocery,Net Banking,26.5,7.6,23,200,11,3,0.273,0,1,0,,,1,0,low,no_return,30.0,2,2,0,0
TX102761,CUST001293,2871.39,Home,Debit Card,19.4,35.8,43,528,8,0,0.0,0,0,0,,,2,0,low,no_return,8.8,0,1,0,0
TX102762,CUST001093,1035.11,Home,Debit Card,48.1,9.8,48,569,12,0,0.0,0,0,0,7.8,7.6,1,0,low,not_as_described,21.9,1,2,0,0
TX102763,CUST000108,1849.46,Home,Credit Card,13.8,13.5,22,181,2,1,0.5,0,1,0,,,2,0,low,no_return,7.9,0,2,0,0
TX102764,CUST000614,2379.09,Electronics,Net Banking,18.6,0.6,18,664,10,2,0.2,1,1,0,,,2,0,low,no_return,28.2,2,3,0,0
TX102765,CUST001604,2223.47,Fashion,Net Banking,18.9,3.2,31,208,5,0,0.0,0,0,0,,,1,0,low,no_return,36.4,0,3,0,0
TX102766,CUST001108,2095.09,Beauty,Credit Card,22.8,18.1,22,58,5,0,0.0,0,0,0,1.9,0.1,3,0,medium,not_as_described,47.6,0,4,0,0
TX102767,CUST002980,2092.45,Toys,COD,3.4,5.4,24,125,6,0,0.0,0,1,0,,,2,0,medium,no_return,13.2,2,4,0,0
TX102768,CUST001436,692.14,Home,Net Banking,14.1,1.9,29,308,5,0,0.0,0,0,0,,,2,0,medium,no_return,27.3,2,2,0,0
TX102769,CUST002876,1566.78,Home,Credit Card,24.9,18.6,36,53,6,2,0.333,0,0,0,3.2,0.0,1,0,high,size_issue,14.4,2,7,0,0
TX102770,CUST001982,2080.36,Grocery,Credit Card,11.0,11.5,24,637,5,0,0.0,0,0,0,,,3,0,low,no_return,31.5,1,3,0,0
TX102771,CUST000122,1936.42,Electronics,Debit Card,24.5,13.3,33,330,8,1,0.125,0,1,0,1.9,1.8,0,0,medium,changed_mind_repeated,25.7,0,1,0,0
TX102772,CUST000611,1689.44,Home,Credit Card,16.2,1.2,30,93,8,0,0.0,0,0,0,,,4,0,low,no_return,28.9,1,0,0,0
TX102773,CUST002117,1134.18,Fashion,COD,19.8,21.3,18,75,5,1,0.2,0,1,0,1.0,0.0,2,0,low,defective,31.1,0,2,0,0
TX102774,CUST001635,2192.44,Grocery,Debit Card,28.8,4.0,37,408,4,1,0.25,0,0,0,2.8,2.5,0,0,low,defective,46.2,1,2,0,0
TX102775,CUST000905,2458.8,Electronics,UPI,12.3,0.8,27,363,13,0,0.0,0,0,0,,,1,0,low,no_return,33.6,0,0,0,0
TX102776,CUST001566,1371.58,Home,Credit Card,0.0,30.7,19,587,10,2,0.2,1,1,0,3.0,3.0,0,0,low,not_needed,35.4,0,1,0,0
TX102777,CUST002709,3354.89,Sports,Debit Card,11.8,0.6,24,242,10,2,0.2,2,0,0,,,1,0,low,no_return,9.6,1,1,0,0
TX102778,CUST001166,4404.2,Toys,UPI,5.1,0.7,34,357,10,2,0.2,0,1,0,,,2,1,low,no_return,13.2,0,1,0,0
TX102779,CUST000136,1873.59,Books,Credit Card,0.0,18.6,32,122,8,0,0.0,0,0,0,,,1,0,low,no_return,44.0,2,3,0,0
TX102780,CUST000933,1063.36,Mobile,UPI,13.7,51.4,38,939,11,0,0.0,0,0,0,,,2,0,low,no_return,26.7,0,0,0,0
TX102781,CUST002807,790.45,Grocery,COD,17.4,2.1,36,1290,7,2,0.286,0,0,0,10.8,10.5,1,0,high,not_as_described_repeated,10.2,1,3,0,0
TX102782,CUST002285,1495.93,Home,UPI,27.2,5.7,20,104,10,0,0.0,0,0,0,,,2,0,low,no_return,23.7,1,1,0,0
TX102783,CUST002512,1784.52,Fashion,UPI,1.3,13.0,18,839,10,3,0.3,2,0,0,,,1,0,low,no_return,10.3,1,0,0,1
TX102784,CUST002734,761.14,Electronics,COD,16.1,6.7,33,4,12,0,0.0,0,0,0,,,2,0,low,no_return,23.8,1,1,0,0
TX102785,CUST000353,1465.44,Fashion,UPI,28.5,49.7,38,642,9,1,0.111,0,0,0,,,3,0,low,no_return,12.2,0,1,0,0
TX102786,CUST000848,3246.49,Electronics,Debit Card,8.1,64.5,29,868,5,1,0.2,1,0,0,,,1,0,low,no_return,22.0,0,3,0,0
TX102787,CUST000180,380.16,Home,Credit Card,21.4,0.8,38,228,5,2,0.4,0,2,0,15.7,15.2,2,0,low,not_as_described,31.7,0,3,0,0
TX102788,CUST000015,1951.0,Grocery,COD,34.2,9.1,21,399,10,0,0.0,0,0,0,1.2,0.0,0,0,low,not_as_described,6.4,1,1,0,0
TX102789,CUST002504,1250.59,Grocery,UPI,0.0,25.1,28,1127,8,2,0.25,2,0,0,,,3,0,low,no_return,55.2,0,2,0,0
TX102790,CUST002810,1821.02,Fashion,UPI,18.3,4.1,22,1143,6,0,0.0,0,0,0,1.4,0.7,1,0,low,defective,42.8,1,3,0,0
TX102791,CUST000468,4550.04,Beauty,UPI,29.0,2.2,38,179,7,1,0.143,0,0,0,17.1,15.4,0,1,low,defective,33.6,0,1,0,0
TX102792,CUST002166,1765.45,Fashion,Net Banking,10.8,3.1,22,634,12,0,0.0,0,0,0,0.1,0.0,1,0,medium,not_as_described_repeated,19.9,2,1,0,0
TX102793,CUST001605,1601.72,Beauty,COD,31.6,5.6,52,116,6,0,0.0,0,0,0,,,0,0,high,no_return,36.1,0,4,0,0
TX102794,CUST000208,2756.63,Beauty,UPI,22.6,18.6,26,173,10,0,0.0,0,0,0,8.3,6.5,1,0,low,not_as_described,20.8,2,1,0,0
TX102795,CUST002747,2211.7,Fashion,UPI,36.2,0.5,39,821,12,0,0.0,0,0,0,1.3,0.0,2,0,low,not_as_described,15.5,2,1,0,1
TX102796,CUST002613,1956.42,Fashion,UPI,22.0,2.1,27,105,9,1,0.111,0,0,0,,,0,0,low,no_return,46.7,1,0,0,0
TX102797,CUST001702,2262.9,Mobile,UPI,37.2,9.7,45,77,8,0,0.0,0,0,0,,,1,0,low,no_return,5.0,1,3,0,0
TX102798,CUST002123,3801.72,Beauty,UPI,18.6,14.0,44,2010,9,0,0.0,0,0,0,,,0,1,medium,no_return,10.7,1,3,0,0
TX102799,CUST001192,3117.38,Sports,Net Banking,0.0,0.5,28,1755,5,0,0.0,0,0,0,2.3,1.9,2,0,low,size_issue,3.9,1,0,0,0
TX102800,CUST002378,1529.59,Electronics,UPI,7.4,23.1,34,1396,7,1,0.143,0,2,0,,,0,0,high,no_return,28.3,1,3,0,0
TX102801,CUST001335,4402.42,Fashion,Net Banking,27.2,1.9,44,104,6,0,0.0,0,0,0,,,0,1,low,no_return,14.1,2,1,0,0
TX102802,CUST002967,1302.76,Home,UPI,27.0,23.4,35,499,6,2,0.333,1,0,0,,,3,0,medium,no_return,18.6,0,1,0,0
TX102803,CUST000190,1951.17,Mobile,COD,11.3,12.7,22,422,8,2,0.25,0,0,0,,,1,0,low,no_return,21.0,1,1,0,0
TX102804,CUST000517,2097.41,Fashion,Credit Card,36.7,7.3,32,84,11,2,0.182,0,0,0,,,2,0,low,no_return,29.6,0,3,0,1
TX102805,CUST002906,1481.66,Fashion,UPI,10.8,0.5,24,603,8,0,0.0,0,1,0,,,0,0,low,no_return,54.7,0,1,0,0
TX102806,CUST000867,4113.71,Mobile,COD,20.5,12.4,33,73,8,0,0.0,0,0,0,,,0,1,low,no_return,22.2,2,1,0,0
TX102807,CUST000932,1432.81,Beauty,UPI,20.2,4.9,24,225,7,0,0.0,0,0,0,,,2,0,low,no_return,23.2,0,0,0,0
TX102808,CUST002374,1675.68,Fashion,Net Banking,0.0,2.9,35,1257,8,0,0.0,0,0,0,0.6,0.0,0,0,low,not_needed,11.9,1,0,0,0
TX102809,CUST000568,3402.22,Grocery,COD,13.7,48.1,18,4,10,0,0.0,0,1,0,1.0,0.0,3,0,low,not_as_described_repeated,35.7,0,0,0,0
TX102810,CUST001541,1335.54,Beauty,Wallet,43.6,13.0,20,75,7,1,0.143,0,0,0,,,0,0,medium,no_return,23.4,1,1,0,0
TX102811,CUST000858,739.08,Mobile,COD,3.9,4.1,24,44,8,1,0.125,0,2,0,4.0,2.2,0,0,low,changed_mind_repeated,29.7,1,1,0,0
TX102812,CUST000594,1987.35,Electronics,UPI,22.5,2.2,30,422,13,0,0.0,0,0,0,,,4,0,low,no_return,42.4,0,1,0,0
TX102813,CUST002893,899.5,Toys,Credit Card,1.1,4.6,18,313,7,0,0.0,0,0,0,14.9,13.9,2,0,medium,not_as_described,7.9,1,0,0,0
TX102814,CUST000600,831.21,Fashion,Debit Card,3.8,11.8,23,99,5,2,0.4,1,0,0,16.7,16.4,1,0,low,size_issue,32.4,1,0,0,0
TX102815,CUST000283,386.15,Toys,Credit Card,0.0,10.2,39,333,6,0,0.0,0,0,0,,,0,0,high,no_return,10.3,0,1,0,0
TX102816,CUST002022,422.69,Footwear,Debit Card,26.3,8.1,40,906,4,0,0.0,0,0,0,6.3,6.2,2,0,low,defective,37.8,2,3,0,0
TX102817,CUST002602,445.32,Footwear,UPI,4.5,3.9,18,588,6,0,0.0,0,0,0,12.9,12.4,1,0,high,not_as_described,12.0,1,1,0,0
TX102818,CUST000383,4759.95,Footwear,Debit Card,30.2,0.6,26,194,5,0,0.0,0,0,0,,,1,1,low,no_return,8.1,0,0,0,0
TX102819,CUST002123,444.09,Books,Credit Card,8.6,11.8,44,187,5,0,0.0,0,0,0,13.7,13.3,2,0,low,not_needed,18.4,1,1,0,0
TX102820,CUST001622,883.75,Electronics,UPI,16.5,26.3,35,276,8,0,0.0,0,0,0,,,3,0,high,no_return,39.6,0,0,0,0
TX102821,CUST002490,1694.3,Electronics,Wallet,19.9,23.8,36,834,8,0,0.0,0,0,0,,,1,0,medium,no_return,11.2,0,1,0,0
TX102822,CUST000381,2680.5,Home,COD,0.0,16.2,37,110,9,0,0.0,0,0,0,,,1,0,medium,no_return,10.4,0,0,0,0
TX102823,CUST002927,2854.61,Beauty,Credit Card,17.4,11.0,22,918,10,0,0.0,0,0,0,4.2,1.1,1,0,medium,size_issue,13.2,0,1,0,0
TX102824,CUST001857,1063.82,Fashion,UPI,19.2,24.0,34,312,11,1,0.091,0,0,0,1.9,0.9,1,0,low,not_as_described,22.3,1,3,0,0
TX102825,CUST002526,1928.16,Books,COD,28.7,6.0,36,115,10,2,0.2,0,0,0,,,0,0,medium,no_return,31.7,1,1,0,0
TX102826,CUST001086,1661.98,Books,UPI,3.5,0.5,33,76,7,0,0.0,0,0,0,5.5,4.8,0,0,low,changed_mind,30.0,1,0,0,0
TX102827,CUST002830,1857.7,Mobile,Debit Card,5.2,11.6,28,81,12,0,0.0,0,0,0,,,1,0,low,no_return,20.3,0,0,0,0
TX102828,CUST001879,2020.39,Home,COD,22.9,2.7,31,217,10,3,0.3,0,1,0,0.2,0.0,2,0,low,defective,24.6,0,3,0,0
TX102829,CUST000381,2374.01,Toys,UPI,31.9,3.2,20,651,5,0,0.0,0,1,0,,,0,0,low,no_return,30.0,0,1,0,0
TX102830,CUST002768,1234.85,Books,UPI,7.9,20.1,38,93,10,0,0.0,0,0,0,,,1,0,low,no_return,5.0,0,1,0,0
TX102831,CUST002387,3702.0,Mobile,UPI,0.2,5.3,18,90,6,2,0.333,1,0,0,6.1,2.2,2,1,low,not_as_described_repeated,15.1,1,3,1,1
TX102832,CUST000901,1440.11,Toys,Credit Card,11.2,11.8,23,178,11,4,0.364,0,1,0,,,1,0,low,no_return,19.4,2,0,0,0
TX102833,CUST001637,6211.99,Fashion,Debit Card,2.8,47.6,38,73,10,0,0.0,0,0,0,,,0,1,medium,no_return,20.1,3,2,0,0
TX102834,CUST001164,1286.34,Electronics,UPI,19.8,37.9,34,478,7,0,0.0,0,0,1,,,3,0,low,no_return,12.1,0,1,0,0
TX102835,CUST001630,1950.32,Mobile,Wallet,2.0,18.0,27,355,8,3,0.375,0,0,0,,,3,0,low,no_return,26.4,0,2,0,0
TX102836,CUST002896,1671.84,Books,COD,26.7,21.8,18,24,10,2,0.2,0,0,0,,,1,0,low,no_return,21.8,0,0,0,0
TX102837,CUST002696,1901.27,Toys,UPI,17.6,19.6,31,93,4,0,0.0,0,0,0,,,3,0,medium,no_return,39.7,1,1,0,0
TX102838,CUST000647,3457.98,Toys,Debit Card,27.0,8.2,25,168,4,1,0.25,0,0,0,0.2,0.0,2,1,low,not_as_described_repeated,21.1,0,1,0,0
TX102839,CUST002915,1609.6,Books,Credit Card,0.0,18.5,36,63,7,0,0.0,0,1,0,13.3,13.1,2,0,low,not_as_described,7.5,1,0,0,0
TX102840,CUST001314,806.9,Books,Credit Card,0.0,13.0,26,164,7,0,0.0,0,0,0,4.8,3.2,1,0,low,changed_mind_repeated,37.6,0,0,0,0
TX102841,CUST002114,1219.81,Footwear,Debit Card,30.5,26.1,18,126,3,1,0.333,0,0,0,3.3,2.6,0,0,high,size_issue,8.5,0,2,0,0
TX102842,CUST002292,1611.97,Footwear,UPI,6.4,4.7,18,389,7,0,0.0,0,0,0,7.2,6.7,1,0,low,changed_mind_repeated,29.6,2,0,0,0
TX102843,CUST001449,2062.54,Home,UPI,0.0,33.0,27,208,6,0,0.0,0,1,0,,,0,0,medium,no_return,40.5,1,3,0,0
TX102844,CUST001370,1067.27,Electronics,UPI,12.6,20.1,33,110,10,0,0.0,0,0,0,,,3,0,low,no_return,10.5,2,0,0,0
TX102845,CUST001369,1148.91,Electronics,UPI,17.9,2.4,20,1119,4,0,0.0,0,0,0,,,0,0,low,no_return,27.1,3,2,0,0
TX102846,CUST002587,2110.77,Home,Debit Card,13.1,23.5,24,216,13,1,0.077,0,0,0,,,2,0,low,no_return,5.1,1,2,0,0
TX102847,CUST001159,2157.57,Toys,Wallet,20.6,61.8,39,117,5,0,0.0,0,0,0,0.1,0.0,1,0,low,not_as_described_repeated,26.3,1,0,0,0
TX102848,CUST000840,3161.58,Footwear,Debit Card,19.0,6.5,43,563,12,0,0.0,0,0,0,10.8,9.6,3,0,low,not_as_described,37.9,0,1,0,0
TX102849,CUST001085,1209.53,Home,Wallet,18.4,6.0,34,173,10,0,0.0,0,0,0,,,2,0,low,no_return,25.7,0,1,0,0
TX102850,CUST000585,2521.81,Fashion,Debit Card,31.2,18.2,29,1541,7,1,0.143,1,0,0,9.9,8.2,5,0,high,changed_mind,15.9,1,1,0,0
TX102851,CUST001175,1673.89,Beauty,UPI,14.8,25.6,25,239,7,0,0.0,0,0,0,5.8,0.0,4,0,low,not_as_described,23.2,0,1,0,0
TX102852,CUST000343,1328.97,Toys,Net Banking,14.5,16.5,37,889,11,0,0.0,0,0,0,,,1,0,low,no_return,29.4,0,0,0,0
TX102853,CUST000270,1709.87,Grocery,UPI,24.6,1.3,28,198,8,0,0.0,0,0,0,,,2,0,low,no_return,14.1,0,2,0,0
TX102854,CUST002171,1867.25,Electronics,UPI,21.6,1.0,41,209,12,2,0.167,0,1,1,,,1,0,medium,no_return,24.3,0,1,0,0
TX102855,CUST000233,746.82,Home,Net Banking,4.2,13.7,41,764,4,0,0.0,0,0,0,,,3,0,low,no_return,3.0,0,2,0,0
TX102856,CUST001705,788.75,Sports,Debit Card,13.9,8.4,36,843,9,0,0.0,0,1,0,,,2,0,low,no_return,27.8,1,3,0,0
TX102857,CUST002339,2738.91,Beauty,Net Banking,20.3,19.6,27,194,9,2,0.222,0,0,0,0.8,0.0,3,0,low,size_issue,35.2,1,0,0,0
TX102858,CUST002173,1416.77,Toys,UPI,8.0,7.4,27,414,7,3,0.429,2,1,0,,,1,0,low,no_return,4.3,1,2,0,1
TX102859,CUST001338,2072.1,Mobile,COD,8.5,12.8,18,86,6,1,0.167,0,0,0,,,1,0,low,no_return,22.7,0,0,0,0
TX102860,CUST000581,2688.73,Electronics,UPI,0.0,26.6,31,1129,7,0,0.0,0,0,0,0.7,0.0,3,0,low,not_needed,19.1,0,1,1,0
TX102861,CUST002792,1716.51,Fashion,Credit Card,0.0,3.4,31,142,16,1,0.062,0,1,0,,,3,0,low,no_return,31.4,1,3,0,0
TX102862,CUST002505,2550.69,Home,Net Banking,10.5,12.3,18,86,10,0,0.0,0,0,0,9.2,9.0,2,0,high,not_as_described,14.7,0,1,0,0
TX102863,CUST001837,1874.91,Fashion,Credit Card,16.5,13.8,55,1711,9,0,0.0,0,0,0,,,0,0,low,no_return,28.4,1,3,0,0
TX102864,CUST000261,1931.49,Home,Debit Card,1.9,6.1,37,50,6,0,0.0,0,0,0,5.4,2.6,0,0,low,not_as_described,27.7,0,2,0,0
TX102865,CUST000106,3631.73,Electronics,Net Banking,31.5,0.7,23,34,5,0,0.0,0,0,0,9.5,8.9,3,1,low,defective,5.3,1,2,0,0
TX102866,CUST000946,1598.05,Electronics,Net Banking,2.4,25.9,52,435,8,1,0.125,0,0,0,,,2,0,medium,no_return,14.4,1,4,0,0
TX102867,CUST000473,2758.41,Toys,UPI,26.0,4.9,27,73,7,0,0.0,0,0,0,5.4,3.2,3,0,low,not_needed,13.0,0,2,0,1
TX102868,CUST002581,654.91,Electronics,UPI,20.0,1.3,40,235,10,1,0.1,1,1,0,,,1,0,medium,no_return,18.1,0,0,0,1
TX102869,CUST000618,2025.07,Toys,Net Banking,41.1,3.5,32,2878,14,2,0.143,0,0,0,2.4,0.0,2,0,medium,not_as_described_repeated,29.8,2,1,0,0
TX102870,CUST000848,4199.07,Fashion,Debit Card,21.5,0.5,27,879,3,1,0.333,1,3,0,2.6,0.0,1,1,low,size_issue,2.5,0,3,0,0
TX102871,CUST002927,6483.49,Fashion,Credit Card,0.0,34.1,28,202,9,0,0.0,0,0,0,,,3,1,high,no_return,25.7,0,2,0,1
TX102872,CUST002454,679.04,Electronics,UPI,27.7,15.8,46,66,12,4,0.333,0,0,0,,,1,0,low,no_return,23.6,0,1,0,0
TX102873,CUST000656,1412.08,Electronics,UPI,35.4,0.5,40,170,5,0,0.0,0,2,0,5.8,5.3,3,0,medium,changed_mind,62.0,1,2,0,1
TX102874,CUST001151,913.68,Home,Wallet,0.0,30.3,30,21,6,1,0.167,0,0,0,7.4,7.4,2,0,low,defective,10.8,0,1,0,0
TX102875,CUST001547,1639.66,Toys,Credit Card,22.7,14.1,18,525,4,0,0.0,0,0,0,,,0,0,low,no_return,13.0,1,0,1,0
TX102876,CUST001993,3038.3,Footwear,COD,25.3,0.5,35,72,12,2,0.167,0,1,0,,,1,0,low,no_return,14.7,0,0,0,1
TX102877,CUST002808,3711.45,Electronics,UPI,12.4,15.4,19,183,11,2,0.182,0,1,0,,,0,1,low,no_return,12.1,1,1,0,0
TX102878,CUST002613,3784.92,Electronics,UPI,0.0,1.1,37,225,4,0,0.0,0,1,0,4.8,4.3,2,1,low,size_issue,18.3,2,0,0,0
TX102879,CUST002931,635.78,Electronics,Debit Card,11.4,22.8,24,97,8,1,0.125,1,0,0,,,3,0,medium,no_return,23.1,0,2,0,1
TX102880,CUST000122,1841.35,Books,Net Banking,8.0,7.2,25,178,10,0,0.0,0,0,0,,,0,0,medium,no_return,16.1,1,0,0,0
TX102881,CUST000709,1193.03,Fashion,UPI,33.4,11.8,25,155,10,1,0.1,1,1,0,,,1,0,low,no_return,27.2,0,4,0,0
TX102882,CUST001689,1578.13,Fashion,Credit Card,13.9,20.0,42,17,7,0,0.0,0,0,0,,,2,0,medium,no_return,69.4,0,4,0,0
TX102883,CUST000148,1308.48,Footwear,Debit Card,10.1,11.9,18,1376,6,0,0.0,0,0,0,,,1,0,low,no_return,19.8,3,2,0,0
TX102884,CUST001066,659.27,Footwear,UPI,8.0,9.4,39,292,3,0,0.0,0,0,0,1.5,1.0,1,0,medium,changed_mind,9.3,1,2,0,0
TX102885,CUST000461,3733.6,Grocery,Credit Card,18.9,21.8,35,89,11,0,0.0,0,0,0,,,1,1,low,no_return,3.6,1,2,0,0
TX102886,CUST002798,1074.58,Fashion,Debit Card,15.7,13.8,31,471,8,0,0.0,0,0,0,,,1,0,low,no_return,32.4,1,4,0,0
TX102887,CUST000190,1208.25,Home,UPI,5.5,15.2,27,177,9,0,0.0,0,0,0,,,1,0,high,no_return,10.4,5,1,0,0
TX102888,CUST000446,4214.42,Fashion,Debit Card,18.2,11.0,36,369,4,0,0.0,0,1,0,,,2,1,low,no_return,6.7,1,1,0,0
TX102889,CUST000586,578.92,Grocery,UPI,8.3,7.6,27,1471,9,0,0.0,0,0,0,3.1,3.0,1,0,low,changed_mind,62.1,1,1,0,0
TX102890,CUST000446,2352.62,Toys,COD,0.0,12.6,27,105,11,3,0.273,0,0,0,0.6,0.0,2,0,low,not_as_described,24.3,0,2,0,0
TX102891,CUST001706,3301.27,Electronics,COD,23.0,8.1,32,75,7,1,0.143,0,0,0,,,1,0,low,no_return,10.6,1,1,0,0
TX102892,CUST001093,4012.51,Footwear,COD,21.9,31.2,49,1079,7,3,0.429,0,0,0,6.2,5.2,1,1,low,size_issue,51.2,1,1,0,1
TX102893,CUST002737,2252.82,Beauty,Debit Card,17.4,0.5,18,135,8,0,0.0,0,0,0,,,1,0,low,no_return,14.4,1,2,0,0
TX102894,CUST000783,2789.77,Toys,Debit Card,9.7,13.7,37,270,6,0,0.0,0,0,1,7.3,6.4,2,0,low,changed_mind,23.8,0,0,0,0
TX102895,CUST001612,3300.18,Electronics,Credit Card,14.1,2.8,30,668,6,0,0.0,0,0,0,,,0,0,low,no_return,13.7,0,3,0,0
TX102896,CUST001980,1656.39,Home,Credit Card,24.8,0.5,29,675,10,1,0.1,1,0,0,10.8,10.2,2,0,low,defective,8.2,0,3,0,0
TX102897,CUST001878,972.57,Electronics,UPI,7.4,5.4,18,814,9,4,0.444,0,2,0,,,1,0,low,no_return,11.2,2,0,0,0
TX102898,CUST002389,4408.21,Books,COD,25.3,2.9,18,216,8,0,0.0,0,1,0,,,1,1,low,no_return,20.2,0,1,0,0
TX102899,CUST000606,2606.71,Electronics,UPI,0.0,5.7,35,1,8,1,0.125,0,0,0,,,2,0,low,no_return,19.2,0,1,0,0
TX102900,CUST001522,1839.98,Fashion,Credit Card,17.0,4.0,19,669,5,0,0.0,0,0,0,,,3,0,medium,no_return,46.9,0,4,0,0
TX102901,CUST002401,683.96,Toys,Credit Card,15.3,17.2,42,271,9,0,0.0,0,1,1,,,1,0,low,no_return,13.9,1,2,0,0
TX102902,CUST002589,333.64,Books,Debit Card,27.0,16.5,21,837,2,1,0.5,0,0,0,,,0,0,low,no_return,7.7,0,0,0,0
TX102903,CUST001853,2323.92,Grocery,Credit Card,4.0,1.0,37,114,13,2,0.154,0,2,0,,,1,0,low,no_return,20.6,0,2,0,0
TX102904,CUST001956,319.61,Grocery,Credit Card,5.3,14.7,26,331,12,1,0.083,0,0,0,6.9,4.5,1,0,low,defective,31.1,0,2,0,0
TX102905,CUST002592,1827.12,Grocery,Debit Card,0.0,29.7,25,27,10,0,0.0,0,0,0,,,0,0,low,no_return,60.8,0,2,0,0
TX102906,CUST001874,1109.03,Grocery,Net Banking,8.2,5.4,22,379,6,0,0.0,0,1,0,,,1,0,low,no_return,10.8,0,0,0,0
TX102907,CUST002846,1306.29,Home,Debit Card,18.1,1.6,36,155,10,3,0.3,0,0,0,,,1,0,low,no_return,28.7,0,2,0,0
TX102908,CUST000383,3809.98,Electronics,UPI,0.0,14.3,39,239,9,0,0.0,0,0,0,0.1,0.0,1,1,low,not_as_described_repeated,21.8,0,3,0,0
TX102909,CUST001044,1116.28,Home,COD,9.7,3.4,28,105,5,0,0.0,0,1,1,3.4,0.0,2,0,low,size_issue,58.7,0,1,0,0
TX102910,CUST000337,1886.64,Electronics,UPI,22.3,3.0,37,539,11,0,0.0,0,0,0,,,2,0,low,no_return,13.2,1,0,0,0
TX102911,CUST000272,1120.41,Beauty,UPI,13.8,9.7,32,477,5,0,0.0,0,1,0,4.9,4.2,0,0,medium,changed_mind,7.2,0,2,1,0
TX102912,CUST001416,2189.42,Beauty,UPI,15.9,16.6,18,469,8,0,0.0,0,0,0,2.7,1.2,0,0,low,size_issue,14.4,1,3,0,0
TX102913,CUST000678,1997.11,Fashion,Credit Card,0.0,8.1,35,195,8,0,0.0,0,0,0,,,2,0,low,no_return,37.7,1,1,0,0
TX102914,CUST001222,1827.93,Toys,Debit Card,13.8,17.6,28,153,8,0,0.0,0,1,0,15.6,13.7,0,0,low,not_as_described_repeated,37.2,1,4,0,0
TX102915,CUST001314,3307.66,Grocery,Debit Card,15.3,8.4,18,298,9,3,0.333,0,2,0,,,2,0,medium,no_return,38.1,0,3,0,0
TX102916,CUST001863,579.94,Sports,COD,13.0,1.1,28,267,7,0,0.0,0,0,0,2.1,0.5,0,0,low,changed_mind,36.0,1,0,0,0
TX102917,CUST002837,475.63,Footwear,Debit Card,16.8,10.0,18,1,12,4,0.333,0,0,0,,,0,0,low,no_return,32.2,0,1,0,0
TX102918,CUST002548,774.61,Fashion,UPI,11.3,4.5,19,329,13,1,0.077,0,0,0,,,0,0,low,no_return,21.0,0,2,0,0
TX102919,CUST001135,2003.59,Fashion,Debit Card,9.5,25.9,29,545,7,2,0.286,0,1,0,,,1,0,medium,no_return,46.7,0,3,1,0
TX102920,CUST000977,2428.79,Fashion,COD,2.5,18.0,31,658,11,2,0.182,0,0,0,,,1,0,low,no_return,9.3,1,0,0,0
TX102921,CUST002312,215.39,Sports,Credit Card,26.7,20.3,23,2213,13,2,0.154,0,0,0,0.2,0.0,0,0,low,size_issue,37.6,0,1,0,0
TX102922,CUST000371,2408.81,Fashion,Credit Card,0.3,4.1,37,682,4,0,0.0,0,0,0,,,1,0,high,no_return,55.3,0,0,0,0
TX102923,CUST001621,1435.61,Footwear,Debit Card,16.9,17.1,30,361,12,1,0.083,0,2,0,,,1,0,low,no_return,34.1,0,2,0,0
TX102924,CUST001269,4477.58,Fashion,Debit Card,36.8,9.6,27,732,8,4,0.5,3,1,0,,,1,1,low,no_return,13.8,1,2,0,0
TX102925,CUST000549,2299.02,Beauty,Credit Card,28.2,10.0,32,836,7,0,0.0,0,1,0,6.5,4.3,1,0,low,not_as_described_repeated,43.0,0,1,0,0
TX102926,CUST001849,4163.72,Beauty,Net Banking,21.1,52.9,44,738,4,0,0.0,0,1,0,,,0,1,low,no_return,29.1,0,0,1,0
TX102927,CUST000962,3694.18,Fashion,UPI,18.0,5.9,18,382,10,0,0.0,0,1,0,,,1,1,medium,no_return,25.8,1,1,0,0
TX102928,CUST000557,1436.13,Books,UPI,13.5,1.4,44,1,7,3,0.429,2,0,0,9.8,4.4,2,0,low,changed_mind_repeated,65.0,0,2,0,0
TX102929,CUST001959,3046.47,Grocery,COD,4.2,24.2,25,319,5,1,0.2,0,0,0,,,0,0,low,no_return,28.1,1,3,0,0
TX102930,CUST000523,1434.05,Books,COD,12.0,39.2,24,65,16,1,0.062,0,0,0,3.9,0.0,0,0,low,size_issue,39.3,0,2,0,0
TX102931,CUST002018,4819.47,Sports,Debit Card,21.9,7.0,27,78,11,2,0.182,1,0,0,,,3,1,low,no_return,27.4,1,1,0,0
TX102932,CUST000487,1526.51,Beauty,Credit Card,19.7,2.6,23,498,4,0,0.0,0,0,0,2.9,2.3,1,0,low,size_issue,8.4,1,2,0,0
TX102933,CUST001304,2502.18,Home,Wallet,24.5,8.1,21,1487,11,4,0.364,0,0,0,,,0,0,low,no_return,45.7,0,1,1,0
TX102934,CUST002424,5373.36,Books,Credit Card,29.6,0.9,40,445,6,0,0.0,0,0,0,4.1,2.5,0,1,low,not_as_described_repeated,22.8,0,2,0,0
TX102935,CUST000686,2571.78,Home,Credit Card,13.1,5.2,33,474,8,0,0.0,0,2,0,,,0,0,low,no_return,55.2,1,4,0,0
TX102936,CUST002303,1336.11,Home,Debit Card,17.3,23.6,18,127,6,1,0.167,1,2,0,3.2,1.1,3,0,low,defective,2.1,1,0,0,0
TX102937,CUST002165,712.08,Fashion,Credit Card,0.0,10.7,38,773,8,0,0.0,0,0,0,16.0,15.6,1,0,high,changed_mind_repeated,12.0,0,2,0,0
TX102938,CUST002708,583.7,Grocery,Debit Card,42.1,3.6,37,11,12,1,0.083,1,0,0,0.5,0.0,0,0,medium,changed_mind_repeated,37.5,0,4,0,0
TX102939,CUST000507,2401.17,Electronics,Wallet,10.0,24.0,18,40,8,1,0.125,0,1,0,2.5,1.9,2,0,medium,changed_mind_repeated,22.8,1,0,0,0
TX102940,CUST002145,1709.52,Mobile,UPI,22.8,0.9,33,292,10,2,0.2,0,1,0,,,2,0,low,no_return,39.1,0,1,0,0
TX102941,CUST002810,784.65,Electronics,UPI,10.0,1.3,38,548,7,1,0.143,0,0,0,,,1,0,low,no_return,5.5,0,0,0,0
TX102942,CUST002289,2845.29,Home,Credit Card,9.7,4.4,18,582,10,0,0.0,0,1,0,,,0,0,low,no_return,56.2,0,0,0,0
TX102943,CUST000564,2820.8,Fashion,Credit Card,12.2,11.2,34,496,8,0,0.0,0,1,0,,,1,0,low,no_return,23.3,0,3,0,0
TX102944,CUST002466,1689.51,Fashion,COD,0.1,29.5,25,1106,8,0,0.0,0,1,0,,,2,0,low,no_return,11.5,1,2,0,0
TX102945,CUST000322,4275.98,Fashion,Wallet,0.0,0.5,37,304,8,3,0.375,0,0,0,,,0,1,low,no_return,12.8,1,2,0,0
TX102946,CUST001766,508.17,Books,Debit Card,28.9,12.3,22,1474,9,3,0.333,1,1,0,0.9,0.6,3,0,medium,size_issue,37.3,2,0,0,0
TX102947,CUST001493,1370.91,Fashion,Wallet,21.5,2.7,42,131,8,0,0.0,0,0,0,,,2,0,low,no_return,5.9,0,1,0,0
TX102948,CUST001593,2563.05,Fashion,UPI,4.0,0.5,29,339,11,1,0.091,0,1,0,3.7,2.4,0,0,medium,not_as_described_repeated,37.4,0,3,0,0
TX102949,CUST001559,850.79,Electronics,UPI,20.4,0.7,25,342,7,0,0.0,0,0,0,,,2,0,medium,no_return,14.5,1,1,0,0
TX102950,CUST000095,3022.1,Fashion,Credit Card,24.9,21.3,24,479,11,1,0.091,1,0,0,3.1,0.0,1,0,low,defective,7.3,0,1,0,1
TX102951,CUST001525,3583.58,Mobile,COD,6.7,15.9,40,223,9,0,0.0,0,0,0,,,0,1,low,no_return,27.1,0,0,0,0
TX102952,CUST002810,263.93,Home,UPI,19.9,6.1,24,1232,4,0,0.0,0,0,0,,,2,0,high,no_return,18.5,2,2,0,0
TX102953,CUST001310,4364.63,Toys,UPI,27.1,0.7,42,162,8,1,0.125,0,0,0,,,0,1,high,no_return,32.7,0,1,0,0
TX102954,CUST000831,2465.98,Beauty,Credit Card,0.0,16.0,34,45,7,0,0.0,0,1,0,0.2,0.2,1,0,medium,defective,33.9,0,1,0,1
TX102955,CUST002984,1263.31,Home,Credit Card,21.4,17.0,18,183,5,0,0.0,0,0,0,,,2,0,low,no_return,27.8,0,1,0,0
TX102956,CUST000297,620.7,Toys,Debit Card,19.4,1.4,32,1214,9,0,0.0,0,0,0,4.3,2.9,1,0,low,changed_mind,16.9,1,3,0,0
TX102957,CUST001459,3275.94,Electronics,Net Banking,37.6,11.3,32,2277,9,0,0.0,0,0,0,,,3,0,low,no_return,34.1,0,0,0,0
TX102958,CUST001538,755.57,Footwear,UPI,21.7,23.8,18,2087,8,0,0.0,0,0,0,,,1,0,low,no_return,17.4,0,0,0,0
TX102959,CUST001434,2463.09,Beauty,Debit Card,10.1,51.9,32,1322,8,0,0.0,0,0,0,0.1,0.0,1,0,low,size_issue,7.8,0,1,0,0
TX102960,CUST002765,778.26,Home,UPI,11.5,11.2,37,137,9,1,0.111,0,0,0,,,1,0,high,no_return,43.0,0,2,0,0
TX102961,CUST001265,1800.11,Footwear,UPI,39.3,9.6,43,1213,11,0,0.0,0,0,0,,,0,0,low,no_return,25.2,0,0,0,1
TX102962,CUST002919,3185.83,Fashion,Credit Card,10.7,20.5,42,113,5,1,0.2,0,3,0,8.8,7.7,2,0,low,not_as_described,22.1,3,1,0,0
TX102963,CUST000201,1274.91,Mobile,Debit Card,22.0,17.8,55,980,10,1,0.1,0,0,0,6.8,4.1,4,0,low,not_needed,39.8,0,0,0,0
TX102964,CUST002202,4346.37,Mobile,Debit Card,12.1,17.9,32,446,8,0,0.0,0,0,0,,,0,1,low,no_return,36.4,0,2,0,0
TX102965,CUST001779,2600.76,Fashion,Debit Card,28.0,3.6,37,916,6,1,0.167,1,0,0,4.0,3.4,5,0,low,changed_mind,4.7,0,2,0,0
TX102966,CUST000722,852.8,Home,COD,28.6,26.9,25,720,7,3,0.429,0,2,0,,,0,0,low,no_return,6.4,0,0,0,0
TX102967,CUST000684,656.94,Toys,UPI,14.7,51.2,50,939,10,0,0.0,0,0,0,,,2,0,low,no_return,16.6,0,1,0,0
TX102968,CUST002159,1027.02,Fashion,COD,10.1,7.8,23,807,7,0,0.0,0,0,0,,,2,0,low,no_return,27.8,2,2,0,0
TX102969,CUST001913,1743.63,Books,Debit Card,9.8,19.5,50,444,10,2,0.2,1,2,0,,,1,0,medium,no_return,15.8,0,3,0,0
TX102970,CUST001833,4601.89,Electronics,UPI,0.0,21.8,49,71,9,1,0.111,0,0,0,1.9,0.5,1,1,high,not_as_described_repeated,43.7,1,1,0,0
TX102971,CUST000153,5143.79,Fashion,Credit Card,16.2,28.0,24,761,5,0,0.0,0,1,0,,,0,1,medium,no_return,10.3,0,3,0,0
TX102972,CUST001794,1241.51,Beauty,UPI,16.0,3.0,42,70,9,0,0.0,0,0,0,,,1,0,medium,no_return,36.2,0,1,0,0
TX102973,CUST002944,1214.73,Books,UPI,5.2,9.6,36,448,5,0,0.0,0,0,0,3.6,2.9,0,0,low,changed_mind,15.5,1,1,0,0
TX102974,CUST000052,2880.04,Books,UPI,0.0,31.6,27,144,10,0,0.0,0,0,0,2.4,0.0,2,0,low,defective,42.6,0,3,0,0
TX102975,CUST001407,2865.19,Sports,UPI,17.5,13.4,30,168,6,0,0.0,0,0,0,,,1,0,low,no_return,24.4,0,1,0,0
TX102976,CUST001483,3924.06,Fashion,Net Banking,19.0,7.1,34,216,12,3,0.25,0,1,0,,,1,1,low,no_return,10.4,0,1,0,0
TX102977,CUST002690,3989.08,Home,Net Banking,19.7,5.8,35,633,8,1,0.125,0,1,1,,,0,1,low,no_return,33.9,1,0,0,0
TX102978,CUST000849,976.83,Fashion,Debit Card,3.1,23.3,46,130,5,0,0.0,0,0,0,2.0,0.9,0,0,low,not_needed,8.0,0,1,0,0
TX102979,CUST001427,565.15,Fashion,COD,19.8,7.4,37,35,11,0,0.0,0,0,0,,,2,0,low,no_return,43.7,0,0,0,0
TX102980,CUST002151,2625.11,Fashion,Wallet,12.9,8.1,24,609,7,0,0.0,0,0,0,3.8,3.6,0,0,low,not_needed,27.2,0,3,0,0
TX102981,CUST000181,2074.02,Sports,Credit Card,25.4,9.3,39,326,6,0,0.0,0,0,1,,,4,0,low,no_return,20.2,0,1,0,0
TX102982,CUST002403,376.91,Fashion,Debit Card,3.3,9.5,18,355,3,1,0.333,0,0,0,,,5,0,low,no_return,18.5,0,0,0,1
TX102983,CUST002466,555.28,Electronics,Debit Card,28.8,7.2,28,60,7,1,0.143,0,0,0,1.2,0.8,2,0,low,not_as_described,22.9,0,1,0,0
TX102984,CUST002159,2544.64,Grocery,Net Banking,33.1,11.8,29,2003,10,3,0.3,0,0,1,,,3,0,medium,no_return,11.6,0,3,0,0
TX102985,CUST001944,1642.01,Electronics,COD,16.4,8.3,38,1323,9,0,0.0,0,0,0,,,2,0,medium,no_return,22.1,0,6,0,0
TX102986,CUST002243,2581.84,Mobile,UPI,19.8,1.9,49,372,5,0,0.0,0,0,0,13.0,11.7,3,0,low,changed_mind,12.4,1,4,0,0
TX102987,CUST002345,811.42,Home,COD,24.4,0.9,34,734,8,1,0.125,0,1,0,,,1,0,medium,no_return,13.6,1,3,0,0
TX102988,CUST002710,2702.27,Electronics,UPI,2.7,7.1,28,232,9,0,0.0,0,0,0,,,2,0,medium,no_return,28.6,1,1,0,0
TX102989,CUST001285,2243.68,Footwear,UPI,9.2,12.7,25,973,8,0,0.0,0,1,0,,,0,0,medium,no_return,10.8,1,0,0,0
TX102990,CUST001368,2829.86,Sports,Debit Card,17.2,0.6,40,435,5,0,0.0,0,0,0,,,2,0,low,no_return,14.8,0,4,0,0
TX102991,CUST001914,1303.58,Toys,Debit Card,39.3,23.2,30,42,5,1,0.2,0,1,0,,,1,0,medium,no_return,8.3,1,1,0,0
TX102992,CUST000580,1116.15,Home,UPI,0.6,27.3,26,86,7,0,0.0,0,0,0,,,1,0,low,no_return,57.8,1,2,0,0
TX102993,CUST002568,619.97,Home,Credit Card,34.7,15.9,41,112,9,2,0.222,0,0,0,,,0,0,low,no_return,10.5,0,2,0,0
TX102994,CUST002311,1457.29,Grocery,COD,12.7,4.2,43,485,6,0,0.0,0,0,0,,,5,0,low,no_return,22.0,0,4,0,0
TX102995,CUST001893,3488.42,Home,UPI,14.6,10.0,22,40,7,0,0.0,0,0,0,,,6,1,low,no_return,4.8,0,1,0,0
TX102996,CUST000905,4099.71,Sports,COD,29.6,11.0,18,597,6,1,0.167,1,0,0,,,1,1,low,no_return,51.3,1,2,0,0
TX102997,CUST001043,760.41,Fashion,Credit Card,39.3,6.7,31,165,8,0,0.0,0,2,0,,,2,0,low,no_return,35.7,0,1,0,0
TX102998,CUST001305,1742.75,Fashion,Debit Card,20.1,4.2,20,639,10,2,0.2,0,0,0,,,0,0,medium,no_return,7.3,0,0,0,0
TX102999,CUST001987,4644.61,Electronics,UPI,29.0,22.4,19,891,12,0,0.0,0,0,0,2.7,1.2,0,1,low,not_as_described_repeated,4.3,0,2,0,0
TX103000,CUST002334,5036.32,Toys,Wallet,4.0,14.8,21,445,6,0,0.0,0,0,0,1.9,0.5,1,1,low,not_as_described,10.0,0,0,0,0
TX103001,CUST002015,1416.85,Home,Net Banking,8.6,25.4,42,4,5,0,0.0,0,1,0,,,0,0,low,no_return,28.3,1,0,0,0
TX103002,CUST002789,3682.65,Mobile,UPI,0.0,5.4,38,158,6,1,0.167,1,0,0,,,1,1,low,no_return,8.8,1,4,0,1
TX103003,CUST002881,3297.71,Fashion,Debit Card,8.8,21.7,56,82,8,1,0.125,0,0,0,11.4,10.8,2,0,medium,size_issue,30.8,1,5,0,0
TX103004,CUST002115,3129.6,Beauty,COD,21.8,1.2,25,940,5,0,0.0,0,0,0,1.9,0.1,0,0,low,changed_mind_repeated,35.1,0,0,0,0
TX103005,CUST001113,499.02,Fashion,UPI,17.5,5.0,45,424,4,1,0.25,0,1,1,,,2,0,low,no_return,5.0,0,1,0,0
TX103006,CUST001797,1190.06,Grocery,Debit Card,35.7,11.4,36,524,7,0,0.0,0,1,0,8.0,6.3,3,0,low,changed_mind,5.4,0,2,0,0
TX103007,CUST001275,1618.13,Toys,Net Banking,39.7,8.0,26,239,9,1,0.111,0,0,0,,,3,0,medium,no_return,7.3,1,1,0,0
TX103008,CUST001887,1586.81,Beauty,Credit Card,13.4,16.5,30,189,13,1,0.077,1,1,0,,,1,0,low,no_return,7.2,0,2,0,0
TX103009,CUST002436,1730.17,Home,Net Banking,6.8,7.7,26,390,7,2,0.286,0,1,0,,,1,0,low,no_return,19.8,1,0,0,0
TX103010,CUST001108,5378.7,Books,UPI,28.9,11.7,34,24,8,1,0.125,0,0,0,,,0,1,low,no_return,25.0,0,2,0,0
TX103011,CUST001517,1450.43,Fashion,Net Banking,30.2,9.0,41,674,9,1,0.111,0,0,0,,,0,0,low,no_return,37.6,0,1,0,0
TX103012,CUST000137,2311.94,Sports,Wallet,20.3,2.1,28,525,9,0,0.0,0,0,0,,,0,0,low,no_return,11.0,2,3,0,1
TX103013,CUST002209,2258.83,Books,UPI,23.5,23.5,40,37,4,0,0.0,0,0,1,,,3,0,low,no_return,13.5,0,0,0,0
TX103014,CUST001470,1744.75,Fashion,Credit Card,21.6,7.2,44,561,11,2,0.182,0,0,0,2.1,0.0,2,0,low,not_as_described,22.6,0,2,0,0
TX103015,CUST001379,796.1,Grocery,Debit Card,3.1,24.9,46,277,12,0,0.0,0,0,0,,,3,0,medium,no_return,9.2,0,1,0,0
TX103016,CUST001597,1903.88,Books,Net Banking,0.4,7.1,20,829,9,0,0.0,0,1,0,1.4,0.3,0,0,low,size_issue,32.7,2,2,0,0
TX103017,CUST000647,371.9,Electronics,UPI,14.4,4.7,31,111,9,0,0.0,0,0,0,5.9,5.0,0,0,low,changed_mind_repeated,43.8,0,2,0,0
TX103018,CUST001794,2463.33,Fashion,Credit Card,12.6,31.0,39,2,14,1,0.071,0,0,0,,,0,0,low,no_return,33.4,1,1,0,0
TX103019,CUST002235,329.45,Home,COD,18.3,0.7,21,244,11,1,0.091,1,0,0,,,1,0,medium,no_return,14.9,0,0,0,0
TX103020,CUST001049,2322.24,Toys,Credit Card,13.4,22.8,18,149,10,0,0.0,0,0,0,,,0,0,low,no_return,5.5,1,0,0,0
TX103021,CUST000394,1146.24,Sports,Debit Card,0.0,4.5,31,216,6,0,0.0,0,0,0,14.7,13.1,0,0,low,size_issue,16.5,1,1,0,0
TX103022,CUST001161,878.24,Home,Debit Card,0.0,0.7,27,976,11,0,0.0,0,0,0,11.0,7.7,1,0,low,not_as_described_repeated,12.2,0,1,0,0
TX103023,CUST000596,2908.46,Fashion,Wallet,23.8,3.0,30,141,14,0,0.0,0,0,0,2.6,1.6,0,0,low,size_issue,15.2,2,3,0,0
TX103024,CUST001122,1336.79,Electronics,UPI,7.0,4.5,27,362,12,1,0.083,1,0,0,,,0,0,low,no_return,29.8,2,1,0,0
TX103025,CUST001880,1838.88,Electronics,Net Banking,12.2,5.6,53,27,7,1,0.143,0,1,0,2.4,0.7,1,0,low,not_as_described,48.7,0,1,0,0
TX103026,CUST000341,511.87,Fashion,Debit Card,8.3,9.8,27,54,8,2,0.25,2,0,0,4.6,4.5,3,0,medium,not_as_described,27.4,1,1,0,0
TX103027,CUST002242,4289.41,Electronics,Net Banking,4.0,3.4,37,395,9,2,0.222,1,1,0,1.5,1.5,1,1,low,size_issue,27.4,0,1,0,1
TX103028,CUST000674,1960.22,Electronics,UPI,3.7,3.7,37,311,2,0,0.0,0,1,0,,,0,0,medium,no_return,29.5,0,2,0,0
TX103029,CUST002684,1957.0,Sports,Debit Card,27.2,26.6,18,84,11,0,0.0,0,0,0,,,1,0,low,no_return,3.5,0,4,0,0
TX103030,CUST002197,2498.1,Sports,COD,12.1,1.2,46,267,8,0,0.0,0,0,0,,,1,0,low,no_return,6.5,1,5,0,0
TX103031,CUST000818,243.54,Electronics,COD,22.6,0.5,38,1099,8,0,0.0,0,0,0,,,1,0,low,no_return,37.5,0,1,0,0
TX103032,CUST001690,4558.9,Sports,UPI,24.2,5.8,33,75,12,3,0.25,0,0,0,,,2,1,medium,no_return,34.4,0,1,0,1
TX103033,CUST000333,1414.02,Electronics,Credit Card,18.8,16.0,42,687,10,1,0.1,1,2,0,,,1,0,low,no_return,22.9,0,1,0,0
TX103034,CUST000300,4391.29,Home,UPI,24.6,14.5,31,911,11,1,0.091,0,0,0,3.5,3.1,1,1,high,changed_mind,26.6,1,1,0,0
TX103035,CUST002868,1379.92,Mobile,UPI,15.2,2.5,40,480,9,0,0.0,0,0,0,8.7,7.4,1,0,high,not_needed,15.5,0,0,0,0
TX103036,CUST002407,1170.38,Beauty,COD,31.4,30.6,18,52,9,2,0.222,0,1,0,,,0,0,medium,no_return,18.7,0,1,0,0
TX103037,CUST000464,2389.06,Electronics,Wallet,24.9,3.9,40,61,9,3,0.333,0,0,0,,,3,0,low,no_return,17.1,0,0,0,0
TX103038,CUST000848,6050.52,Home,Debit Card,26.5,3.6,33,904,11,1,0.091,0,0,0,4.9,1.3,1,1,low,not_as_described,26.1,0,3,0,0
TX103039,CUST000593,3680.25,Grocery,UPI,3.7,47.9,33,1078,7,0,0.0,0,0,0,,,4,1,low,no_return,33.9,1,1,0,0
TX103040,CUST001186,2562.02,Fashion,UPI,18.2,0.8,23,194,7,1,0.143,0,0,0,6.4,3.5,2,0,high,not_as_described_repeated,22.6,0,0,0,0
TX103041,CUST000874,2364.69,Mobile,Credit Card,0.0,7.1,29,414,10,2,0.2,0,0,0,,,2,0,low,no_return,19.4,4,1,0,0
TX103042,CUST000984,1892.07,Home,UPI,31.8,13.9,29,726,11,0,0.0,0,0,0,,,3,0,low,no_return,32.8,1,4,0,0
TX103043,CUST001588,4268.67,Electronics,COD,7.5,13.0,20,2993,4,2,0.5,0,1,0,,,2,1,low,no_return,6.0,0,3,0,0
TX103044,CUST000567,2955.92,Sports,UPI,9.2,1.4,35,243,12,3,0.25,1,2,0,2.0,1.9,1,0,low,not_needed,20.3,1,3,0,0
TX103045,CUST002648,610.13,Grocery,UPI,0.0,1.1,47,4,4,0,0.0,0,0,0,,,0,0,low,no_return,21.8,1,0,0,0
TX103046,CUST002183,882.14,Home,COD,14.6,4.2,18,680,7,2,0.286,1,2,0,,,0,0,low,no_return,3.6,0,3,0,0
TX103047,CUST002281,2619.17,Footwear,UPI,11.8,15.9,36,261,12,1,0.083,0,1,0,5.3,1.3,2,0,low,defective,53.7,2,6,0,0
TX103048,CUST000509,773.29,Footwear,Credit Card,36.9,14.8,27,939,7,1,0.143,0,0,0,,,1,0,low,no_return,29.9,1,1,0,0
TX103049,CUST002124,1952.81,Electronics,Credit Card,25.3,7.4,26,159,7,0,0.0,0,0,0,,,1,0,low,no_return,5.6,0,1,0,0
TX103050,CUST002508,3114.16,Electronics,UPI,8.8,3.4,32,663,5,0,0.0,0,1,0,,,1,0,high,no_return,4.4,0,0,0,0
TX103051,CUST000526,2400.16,Fashion,Debit Card,0.0,9.6,32,680,6,0,0.0,0,0,0,5.4,4.7,1,0,low,not_as_described,9.7,0,1,0,0
TX103052,CUST002254,686.88,Sports,Credit Card,0.0,13.6,33,645,5,0,0.0,0,1,0,,,0,0,medium,no_return,10.2,2,2,0,0
TX103053,CUST001073,918.78,Sports,Debit Card,2.7,0.9,20,1438,16,3,0.188,2,1,1,,,3,0,low,no_return,22.8,0,3,0,1
TX103054,CUST002362,2449.37,Fashion,UPI,0.0,5.7,42,112,8,0,0.0,0,0,0,,,2,0,low,no_return,18.8,1,1,0,0
TX103055,CUST001435,5643.59,Mobile,Credit Card,19.2,30.6,32,22,8,0,0.0,0,0,0,,,1,1,medium,no_return,33.6,1,2,0,0
TX103056,CUST002406,1687.38,Fashion,Debit Card,13.3,39.9,37,118,11,0,0.0,0,0,0,0.4,0.0,3,0,low,size_issue,40.9,0,0,0,0
TX103057,CUST000443,3182.95,Toys,UPI,15.2,12.8,44,401,13,0,0.0,0,0,0,,,2,0,low,no_return,38.2,1,2,0,0
TX103058,CUST001167,2413.9,Toys,UPI,3.6,1.6,18,1233,9,0,0.0,0,0,0,,,1,0,low,no_return,56.8,0,1,0,0
TX103059,CUST000821,1137.69,Electronics,UPI,16.8,24.9,38,277,7,0,0.0,0,0,0,,,0,0,low,no_return,19.0,1,6,0,0
TX103060,CUST000745,3206.11,Fashion,UPI,0.0,10.4,30,14,11,5,0.455,0,0,0,,,3,0,low,no_return,35.6,0,2,0,0
TX103061,CUST000925,500.23,Fashion,UPI,13.9,23.3,42,892,6,2,0.333,1,0,0,,,0,0,low,no_return,40.3,0,1,0,0
TX103062,CUST001147,3059.04,Footwear,Wallet,25.0,33.9,23,86,6,0,0.0,0,0,0,,,2,0,low,no_return,30.6,1,1,0,0
TX103063,CUST000382,2510.51,Home,Credit Card,10.6,2.3,41,11,9,0,0.0,0,0,0,,,0,0,low,no_return,7.9,0,0,0,0
TX103064,CUST002121,1216.26,Toys,Debit Card,20.3,24.1,21,240,8,1,0.125,1,0,0,6.9,3.8,0,0,medium,not_as_described_repeated,20.4,1,1,0,1
TX103065,CUST001651,825.1,Beauty,UPI,0.0,4.6,36,689,12,3,0.25,1,1,0,0.1,0.0,0,0,medium,changed_mind,24.0,0,1,0,0
TX103066,CUST002487,1294.19,Home,UPI,0.0,30.6,34,72,3,0,0.0,0,0,0,,,0,0,low,no_return,35.0,1,1,0,0
TX103067,CUST002115,1076.38,Footwear,COD,18.9,1.8,30,184,5,1,0.2,0,0,0,,,2,0,low,no_return,12.5,0,1,0,0
TX103068,CUST000447,1505.38,Home,COD,27.6,8.2,21,749,6,2,0.333,1,1,0,6.4,2.1,1,0,low,changed_mind,29.9,3,3,0,0
TX103069,CUST000210,1390.42,Books,Wallet,12.1,5.3,28,195,3,0,0.0,0,2,0,,,1,0,low,no_return,42.5,0,3,0,0
TX103070,CUST001269,1215.8,Home,UPI,40.7,0.5,41,155,14,1,0.071,1,2,0,,,0,0,low,no_return,8.4,0,2,0,1
TX103071,CUST001443,484.92,Electronics,UPI,0.0,16.9,46,614,8,1,0.125,1,0,0,8.3,8.2,1,0,low,defective,35.4,2,0,0,0
TX103072,CUST000721,739.99,Electronics,COD,6.8,0.5,51,54,8,1,0.125,0,0,0,,,2,0,low,no_return,21.3,2,3,0,0
TX103073,CUST002346,3531.15,Fashion,Credit Card,16.7,3.5,37,68,12,4,0.333,2,3,0,,,1,1,medium,no_return,12.6,1,0,0,1
TX103074,CUST001745,1241.24,Books,UPI,20.6,6.1,34,68,6,0,0.0,0,0,0,1.1,0.0,0,0,low,changed_mind,39.0,2,1,0,0
TX103075,CUST002244,1525.54,Home,Credit Card,8.0,22.8,36,127,16,2,0.125,0,0,0,,,3,0,low,no_return,52.6,1,1,0,0
TX103076,CUST000327,1338.23,Home,UPI,2.3,18.2,51,129,3,1,0.333,0,0,0,,,0,0,medium,no_return,47.4,0,2,0,0
TX103077,CUST002445,4329.89,Electronics,COD,22.4,7.0,37,211,10,1,0.1,0,2,1,,,0,1,low,no_return,26.8,1,1,0,0
TX103078,CUST000619,1057.97,Grocery,Net Banking,16.6,16.9,32,791,11,3,0.273,0,2,0,,,0,0,low,no_return,9.8,0,2,0,0
TX103079,CUST001345,1004.04,Toys,Debit Card,10.9,4.2,29,25,12,0,0.0,0,0,0,6.7,6.6,1,0,low,changed_mind,24.4,1,4,0,0
TX103080,CUST001318,2546.69,Grocery,Credit Card,21.0,7.3,30,52,9,0,0.0,0,0,0,,,1,0,low,no_return,34.3,0,3,0,0
TX103081,CUST002461,2054.7,Mobile,COD,13.4,8.7,35,474,10,0,0.0,0,0,0,,,0,0,low,no_return,18.4,1,3,0,0
TX103082,CUST000831,2592.7,Electronics,Debit Card,13.3,3.2,24,125,9,0,0.0,0,0,0,16.6,16.5,1,0,medium,changed_mind_repeated,14.5,2,1,0,0
TX103083,CUST000723,2488.13,Electronics,COD,12.9,14.0,25,295,9,0,0.0,0,0,0,16.5,14.0,1,0,low,defective,30.2,0,1,0,0
TX103084,CUST001019,3258.82,Beauty,Credit Card,5.1,12.1,31,64,8,0,0.0,0,0,0,,,2,0,low,no_return,20.9,0,3,0,0
TX103085,CUST001083,673.19,Fashion,Wallet,3.9,13.3,27,429,16,0,0.0,0,0,0,7.3,6.2,0,0,low,not_needed,66.5,1,0,0,0
TX103086,CUST000545,2391.72,Grocery,UPI,8.7,38.5,37,1388,4,0,0.0,0,0,0,6.9,4.8,1,0,low,not_as_described,9.3,1,0,0,0
TX103087,CUST000529,1008.75,Toys,Debit Card,15.4,3.4,38,92,11,0,0.0,0,1,0,6.0,5.3,0,0,low,changed_mind_repeated,5.4,1,2,0,0
TX103088,CUST000694,384.96,Electronics,COD,0.0,18.6,34,528,10,2,0.2,0,0,0,,,3,0,low,no_return,78.6,2,2,0,1
TX103089,CUST001402,2477.14,Footwear,Net Banking,26.3,3.1,36,224,9,1,0.111,0,0,0,,,1,0,low,no_return,27.2,1,1,0,0
TX103090,CUST001030,2385.16,Electronics,Net Banking,15.2,0.6,33,875,8,1,0.125,1,0,0,,,0,0,low,no_return,9.1,1,1,0,0
TX103091,CUST001176,1789.98,Grocery,Credit Card,2.2,2.8,18,352,10,0,0.0,0,0,1,,,1,0,low,no_return,28.4,1,1,0,0
TX103092,CUST002157,3295.04,Home,Debit Card,34.4,10.6,23,210,3,1,0.333,1,2,0,,,1,0,medium,no_return,12.9,0,2,0,1
TX103093,CUST000723,1014.69,Grocery,UPI,15.5,29.3,39,169,6,2,0.333,1,0,0,1.8,0.0,1,0,medium,not_as_described,12.1,0,1,0,1
TX103094,CUST002729,2741.24,Electronics,Debit Card,0.0,23.5,23,875,10,0,0.0,0,1,0,2.4,0.3,5,0,medium,not_as_described_repeated,9.0,0,1,0,0
TX103095,CUST002255,1620.42,Mobile,UPI,33.9,17.3,40,174,8,4,0.5,0,0,0,2.1,0.0,0,0,low,not_needed,12.5,1,2,0,0
TX103096,CUST000524,1706.08,Mobile,Credit Card,31.3,19.8,41,38,8,0,0.0,0,0,0,1.5,0.0,0,0,low,size_issue,10.1,0,2,0,0
TX103097,CUST000942,426.73,Beauty,Net Banking,4.1,7.7,29,21,5,0,0.0,0,0,0,14.6,12.9,2,0,low,changed_mind,59.6,1,0,0,1
TX103098,CUST000551,3316.26,Beauty,COD,11.1,6.6,26,368,8,4,0.5,0,1,0,16.8,14.0,4,0,low,not_needed,32.7,0,1,0,0
TX103099,CUST000819,2325.7,Grocery,Credit Card,9.5,0.8,32,93,9,0,0.0,0,1,0,3.4,3.1,3,0,low,not_as_described,21.9,0,2,0,0
TX103100,CUST001097,2674.45,Sports,UPI,0.0,1.6,31,113,12,0,0.0,0,0,0,,,1,0,medium,no_return,46.4,0,0,0,0
TX103101,CUST000393,916.41,Sports,Credit Card,18.9,7.6,38,343,10,3,0.3,2,0,0,,,1,0,low,no_return,2.6,0,1,0,1
TX103102,CUST000044,2153.48,Sports,UPI,25.1,19.8,18,1838,9,1,0.111,0,0,0,,,2,0,medium,no_return,23.4,0,4,0,0
TX103103,CUST001317,1618.09,Footwear,UPI,22.9,2.9,24,830,1,0,0.0,0,0,0,,,1,0,low,no_return,31.0,0,2,0,0
TX103104,CUST002103,2405.19,Grocery,Net Banking,15.4,38.6,21,688,12,0,0.0,0,0,0,,,0,0,low,no_return,8.8,0,1,0,0
TX103105,CUST000909,2089.23,Fashion,Credit Card,26.3,15.9,18,164,10,0,0.0,0,0,0,,,1,0,low,no_return,31.3,0,2,0,0
TX103106,CUST002581,4856.36,Footwear,UPI,1.4,32.7,27,1264,7,0,0.0,0,0,0,,,2,1,medium,no_return,5.1,0,2,0,0
TX103107,CUST001108,3949.66,Fashion,COD,36.8,18.1,18,75,4,1,0.25,0,1,0,,,1,1,low,no_return,21.2,0,4,0,0
TX103108,CUST002702,1494.8,Fashion,UPI,5.7,5.9,28,212,6,0,0.0,0,0,0,,,1,0,low,no_return,22.5,1,0,0,0
TX103109,CUST000708,2475.26,Mobile,Credit Card,7.1,17.4,27,3,10,0,0.0,0,0,0,2.9,1.8,0,0,low,changed_mind,9.5,2,1,0,0
TX103110,CUST001618,1410.64,Fashion,UPI,8.1,8.1,36,213,7,0,0.0,0,0,0,0.4,0.2,1,0,low,changed_mind,51.6,0,0,0,0
TX103111,CUST002289,3239.83,Electronics,UPI,7.2,0.5,29,29,7,0,0.0,0,0,0,2.2,2.0,1,0,low,changed_mind,19.4,1,0,0,0
TX103112,CUST000178,1664.52,Sports,Debit Card,12.7,7.2,18,1891,6,0,0.0,0,0,0,,,1,0,low,no_return,11.0,0,1,0,0
TX103113,CUST002790,1279.94,Toys,COD,12.2,5.0,35,269,10,0,0.0,0,0,0,,,2,0,medium,no_return,22.4,0,0,0,0
TX103114,CUST001095,2134.01,Electronics,Credit Card,16.6,13.5,56,691,11,3,0.273,0,0,0,1.0,0.8,0,0,low,changed_mind_repeated,31.2,4,5,0,0
TX103115,CUST001494,3760.95,Beauty,COD,5.2,4.0,42,107,5,0,0.0,0,0,0,,,3,1,low,no_return,22.0,1,6,0,0
TX103116,CUST001885,3398.19,Electronics,Net Banking,17.0,4.1,38,8,10,0,0.0,0,3,0,,,0,0,medium,no_return,3.6,0,3,0,1
TX103117,CUST001929,1331.63,Home,COD,1.9,4.9,30,104,5,2,0.4,1,0,0,8.5,8.2,3,0,high,not_as_described,29.2,0,4,0,1
TX103118,CUST000071,4594.88,Home,Wallet,23.8,2.1,27,6,3,0,0.0,0,1,0,,,0,1,low,no_return,8.0,0,1,0,0
TX103119,CUST002601,956.19,Electronics,Net Banking,23.6,6.4,26,4,14,0,0.0,0,0,0,27.5,27.2,0,0,low,defective,7.8,0,1,0,0
TX103120,CUST001871,1174.45,Mobile,COD,14.9,9.6,34,155,8,0,0.0,0,0,0,,,3,0,low,no_return,16.4,0,1,0,0
TX103121,CUST002996,3154.51,Grocery,UPI,7.2,12.2,20,331,13,0,0.0,0,0,0,,,1,0,high,no_return,22.8,0,2,0,0
TX103122,CUST001415,386.88,Footwear,UPI,18.7,46.1,34,398,5,0,0.0,0,1,0,,,1,0,low,no_return,22.4,2,3,0,0
TX103123,CUST001840,1842.27,Footwear,COD,4.3,2.0,25,429,7,0,0.0,0,2,0,3.5,1.5,2,0,medium,not_needed,14.3,2,1,0,0
TX103124,CUST001323,1490.45,Mobile,COD,15.4,1.2,18,138,6,0,0.0,0,0,0,,,1,0,low,no_return,17.5,0,1,0,0
TX103125,CUST002669,4760.95,Books,COD,13.2,0.5,25,657,10,0,0.0,0,1,0,,,1,1,medium,no_return,48.6,1,1,0,0
TX103126,CUST002497,835.83,Fashion,Debit Card,46.6,8.0,44,387,7,2,0.286,1,0,0,,,1,0,low,no_return,23.3,0,1,0,0
TX103127,CUST002725,904.15,Toys,COD,0.3,29.9,33,81,5,3,0.6,0,0,0,,,1,0,high,no_return,30.3,0,0,0,0
TX103128,CUST001513,5166.47,Beauty,COD,0.0,11.8,18,11,4,0,0.0,0,0,0,,,1,1,medium,no_return,4.0,2,3,1,1
TX103129,CUST002374,1502.25,Fashion,Debit Card,7.3,20.3,25,57,9,0,0.0,0,0,0,0.1,0.0,1,0,low,not_as_described_repeated,27.2,0,0,0,0
TX103130,CUST001077,3670.26,Home,UPI,0.0,0.7,41,149,10,1,0.1,1,0,0,1.7,0.9,2,1,low,changed_mind_repeated,16.9,0,1,0,0
TX103131,CUST001383,1342.22,Fashion,Credit Card,6.3,5.6,29,761,16,2,0.125,2,0,0,,,1,0,low,no_return,7.3,2,2,0,0
TX103132,CUST002280,1141.18,Beauty,UPI,0.0,8.7,37,70,11,1,0.091,1,2,0,,,1,0,low,no_return,31.9,0,2,0,0
TX103133,CUST000244,3783.89,Toys,UPI,4.1,22.9,28,616,4,0,0.0,0,0,0,,,4,1,low,no_return,19.7,1,1,0,0
TX103134,CUST002131,5942.88,Beauty,Debit Card,2.2,6.1,33,121,14,0,0.0,0,0,0,5.0,4.1,2,1,high,changed_mind_repeated,11.6,0,1,0,0
TX103135,CUST000048,3964.92,Fashion,UPI,26.6,16.0,32,577,3,1,0.333,0,0,0,,,1,1,low,no_return,9.9,1,1,0,0
TX103136,CUST001742,1283.63,Electronics,Net Banking,14.4,15.4,25,1045,13,3,0.231,0,3,0,,,0,0,low,no_return,17.9,0,0,0,0
TX103137,CUST001432,1789.13,Footwear,Credit Card,27.9,2.1,37,309,7,0,0.0,0,0,0,,,1,0,medium,no_return,14.4,1,4,0,0
TX103138,CUST001406,933.54,Home,Debit Card,15.5,28.0,47,413,14,2,0.143,0,0,0,11.0,10.2,3,0,low,changed_mind,38.7,1,1,0,0
TX103139,CUST001483,1049.37,Home,UPI,26.1,22.2,35,542,7,0,0.0,0,0,0,5.2,4.5,2,0,low,size_issue,50.4,1,1,0,0
TX103140,CUST001476,1012.09,Books,COD,11.4,23.4,33,140,10,0,0.0,0,0,0,,,3,0,low,no_return,2.0,2,1,0,0
TX103141,CUST001222,1364.51,Footwear,Credit Card,34.1,1.2,23,38,6,1,0.167,1,0,0,1.4,1.3,1,0,low,not_as_described,11.8,0,1,0,0
TX103142,CUST001354,1982.84,Beauty,Debit Card,20.7,9.2,41,28,13,3,0.231,1,0,0,9.5,7.0,0,0,low,defective,10.9,1,2,0,0
TX103143,CUST001704,1837.91,Grocery,Debit Card,5.6,4.1,26,306,10,0,0.0,0,0,0,2.7,0.9,1,0,low,not_as_described_repeated,38.5,1,1,0,0
TX103144,CUST002290,2873.96,Fashion,Debit Card,22.4,5.9,37,658,12,3,0.25,0,1,0,,,0,0,low,no_return,13.2,3,1,0,0
TX103145,CUST001656,2051.37,Mobile,Debit Card,15.3,27.6,39,5,6,1,0.167,0,0,1,,,4,0,low,no_return,51.2,0,1,0,0
TX103146,CUST001927,2703.22,Sports,COD,12.6,17.6,41,30,7,2,0.286,1,0,0,,,2,0,medium,no_return,14.5,0,3,1,1
TX103147,CUST002510,2977.69,Books,COD,16.2,3.6,42,67,7,2,0.286,0,1,1,,,1,0,low,no_return,22.9,1,3,0,0
TX103148,CUST002968,1299.44,Electronics,Credit Card,24.0,3.9,41,1623,3,0,0.0,0,0,0,1.2,0.1,3,0,low,defective,23.7,3,1,0,0
TX103149,CUST000326,1641.75,Grocery,Net Banking,0.0,23.9,19,394,5,0,0.0,0,0,0,,,2,0,low,no_return,14.7,0,0,0,0
TX103150,CUST002139,9767.48,Home,Credit Card,10.8,39.6,23,183,5,0,0.0,0,0,0,0.9,0.7,0,1,medium,size_issue,43.4,0,3,0,0
TX103151,CUST000676,1226.33,Home,UPI,23.2,9.5,18,532,6,0,0.0,0,1,0,,,0,0,low,no_return,32.3,1,1,0,0
TX103152,CUST000591,2801.41,Grocery,Credit Card,18.0,1.4,18,159,7,1,0.143,0,0,0,,,0,0,low,no_return,7.4,0,2,0,0
TX103153,CUST002379,707.67,Toys,Credit Card,1.5,33.8,47,150,13,2,0.154,0,0,0,,,2,0,low,no_return,19.8,1,1,0,0
TX103154,CUST000207,3031.76,Home,Credit Card,0.0,2.1,22,212,8,3,0.375,0,0,0,,,0,0,low,no_return,30.6,0,1,0,1
TX103155,CUST002543,1090.33,Footwear,COD,35.4,11.4,20,331,10,0,0.0,0,0,0,2.0,0.0,2,0,low,not_as_described_repeated,21.5,0,1,0,0
TX103156,CUST002311,1881.83,Fashion,Debit Card,12.8,14.3,31,4,7,1,0.143,0,0,0,,,2,0,medium,no_return,17.8,1,0,0,0
TX103157,CUST002984,623.53,Sports,Wallet,33.2,4.4,24,1,6,1,0.167,1,1,0,0.3,0.0,0,0,low,size_issue,14.3,1,4,0,0
TX103158,CUST002004,1758.6,Electronics,UPI,24.5,26.6,54,1032,2,0,0.0,0,0,0,1.3,0.0,1,0,low,changed_mind_repeated,40.1,0,0,0,0
TX103159,CUST002618,1782.79,Fashion,Debit Card,5.5,1.5,29,30,5,0,0.0,0,1,0,,,3,0,medium,no_return,14.1,0,2,0,0
TX103160,CUST000356,1600.58,Footwear,UPI,0.0,6.6,36,320,13,2,0.154,0,1,0,,,2,0,high,no_return,25.4,1,1,0,0
TX103161,CUST002669,2420.14,Electronics,Credit Card,9.5,16.7,24,241,6,1,0.167,0,0,0,14.6,12.9,3,0,low,changed_mind,7.9,0,0,0,0
TX103162,CUST000481,3585.33,Footwear,Credit Card,14.6,4.9,18,212,5,0,0.0,0,0,0,3.1,1.4,1,1,high,changed_mind_repeated,25.3,0,0,0,0
TX103163,CUST000943,901.1,Fashion,Debit Card,20.4,10.4,24,1261,8,1,0.125,0,0,0,0.2,0.0,0,0,low,not_needed,26.3,2,1,0,0
TX103164,CUST000385,1627.13,Grocery,COD,1.7,0.8,24,1623,9,0,0.0,0,0,0,10.3,10.1,1,0,low,defective,50.1,0,5,0,0
TX103165,CUST001205,656.74,Electronics,UPI,17.1,4.6,24,68,9,2,0.222,0,0,0,6.9,6.7,1,0,low,not_needed,17.3,0,1,0,0
TX103166,CUST002247,455.09,Grocery,UPI,17.1,7.0,18,307,9,2,0.222,0,1,0,,,3,0,low,no_return,42.4,3,1,0,0
TX103167,CUST000804,2034.14,Footwear,Credit Card,26.8,20.7,33,1482,15,1,0.067,0,0,0,3.0,2.5,0,0,low,not_as_described_repeated,18.4,0,2,0,0
TX103168,CUST002466,851.81,Sports,UPI,11.3,9.2,28,43,6,0,0.0,0,0,0,2.4,1.1,3,0,low,not_as_described_repeated,39.0,1,0,0,0
TX103169,CUST001819,1826.43,Home,Debit Card,20.3,12.1,18,639,11,1,0.091,0,0,0,1.0,0.0,2,0,high,changed_mind,9.9,0,0,0,0
TX103170,CUST001887,2087.88,Toys,Credit Card,18.5,11.9,33,8,7,0,0.0,0,0,0,,,1,0,low,no_return,17.1,1,1,0,0
TX103171,CUST002816,514.74,Books,COD,25.5,0.5,39,225,7,0,0.0,0,0,0,,,1,0,low,no_return,33.3,3,3,0,0
TX103172,CUST001296,2297.48,Electronics,Wallet,5.2,9.7,43,35,7,1,0.143,0,1,0,,,2,0,low,no_return,20.2,0,1,0,0
TX103173,CUST001034,3478.13,Grocery,Credit Card,0.0,15.5,18,307,7,1,0.143,1,0,0,,,2,1,low,no_return,31.5,0,1,0,0
TX103174,CUST002983,2640.33,Grocery,Net Banking,12.2,16.2,24,192,8,0,0.0,0,0,0,,,2,0,low,no_return,12.7,0,3,0,0
TX103175,CUST001671,916.74,Books,COD,12.2,11.5,18,1,5,0,0.0,0,0,0,,,0,0,low,no_return,17.2,0,1,0,0
TX103176,CUST001844,1750.13,Fashion,UPI,1.1,7.6,25,514,9,0,0.0,0,0,0,12.4,8.7,2,0,low,not_needed,47.8,2,1,0,0
TX103177,CUST000889,1882.17,Home,COD,0.0,2.3,45,469,4,0,0.0,0,0,0,,,3,0,low,no_return,44.7,0,1,0,0
TX103178,CUST000647,1648.02,Mobile,Credit Card,8.1,11.6,24,170,9,0,0.0,0,0,0,19.7,17.8,0,0,low,size_issue,45.2,1,3,0,0
TX103179,CUST000510,682.04,Sports,COD,13.6,10.7,27,121,7,0,0.0,0,0,0,5.5,4.8,1,0,low,defective,25.8,0,2,0,0
TX103180,CUST000671,1023.64,Beauty,COD,16.1,4.1,23,362,8,0,0.0,0,0,0,,,0,0,low,no_return,32.7,0,2,1,0
TX103181,CUST000586,1551.07,Mobile,Net Banking,0.0,33.3,48,354,12,0,0.0,0,0,0,,,1,0,low,no_return,24.1,1,2,0,0
TX103182,CUST002240,2068.73,Fashion,COD,0.0,33.3,18,328,9,1,0.111,0,0,0,,,0,0,medium,no_return,39.2,0,4,0,0
TX103183,CUST000174,1220.83,Home,COD,28.6,8.7,26,45,7,0,0.0,0,2,0,,,5,0,high,no_return,12.0,1,3,0,1
TX103184,CUST001888,418.66,Books,Credit Card,12.7,5.6,23,59,6,0,0.0,0,0,0,,,3,0,low,no_return,10.7,0,1,0,0
TX103185,CUST002847,1273.66,Books,Wallet,15.0,10.2,18,235,5,0,0.0,0,0,0,1.0,0.6,1,0,low,not_as_described_repeated,35.4,1,0,0,0
TX103186,CUST002296,4851.88,Mobile,Debit Card,0.0,32.7,43,38,9,4,0.444,0,2,0,,,1,1,medium,no_return,35.4,0,1,0,0
TX103187,CUST001209,2307.66,Grocery,COD,14.9,2.0,18,17,10,1,0.1,1,3,0,,,0,0,medium,no_return,20.7,0,6,0,0
TX103188,CUST000179,2030.22,Fashion,Net Banking,10.5,5.5,27,22,10,3,0.3,0,0,0,3.3,3.2,0,0,high,defective,11.9,0,3,0,1
TX103189,CUST002502,1012.59,Home,UPI,7.6,4.9,31,613,6,0,0.0,0,0,0,,,1,0,low,no_return,25.0,0,1,0,0
TX103190,CUST000010,1314.74,Electronics,Credit Card,0.0,11.9,24,12,13,0,0.0,0,0,0,,,1,0,low,no_return,30.4,1,1,0,0
TX103191,CUST002044,396.84,Footwear,COD,4.6,2.2,18,418,7,0,0.0,0,0,0,,,0,0,low,no_return,24.9,2,0,0,0
TX103192,CUST002013,964.3,Electronics,Net Banking,38.7,34.5,30,12,6,1,0.167,1,0,0,5.8,5.1,1,0,low,not_as_described_repeated,46.2,1,2,0,0
TX103193,CUST000576,2233.11,Sports,COD,10.8,7.1,24,58,4,2,0.5,0,0,0,2.6,0.0,3,0,high,changed_mind_repeated,32.9,0,2,0,1
TX103194,CUST002219,2040.15,Home,Credit Card,24.5,3.0,40,513,7,0,0.0,0,0,0,2.8,2.6,1,0,low,not_as_described_repeated,41.7,0,0,0,1
TX103195,CUST000527,1141.6,Electronics,UPI,12.6,2.5,37,288,11,0,0.0,0,0,0,,,3,0,low,no_return,30.0,0,2,0,0
TX103196,CUST000677,1647.03,Fashion,Debit Card,11.3,2.4,51,161,10,0,0.0,0,0,0,,,2,0,low,no_return,8.6,1,1,0,0
TX103197,CUST002436,1838.74,Grocery,Credit Card,7.4,24.9,33,38,6,0,0.0,0,0,0,6.2,5.3,2,0,low,not_needed,2.5,0,6,0,0
TX103198,CUST002937,1184.87,Electronics,Net Banking,31.1,13.6,37,60,7,2,0.286,0,0,0,,,1,0,low,no_return,51.7,0,3,0,0
TX103199,CUST000794,2394.07,Mobile,Debit Card,19.5,20.9,28,134,5,0,0.0,0,0,0,,,2,0,low,no_return,33.9,1,1,0,0
TX103200,CUST002764,2015.81,Footwear,Credit Card,5.5,0.5,49,1057,9,1,0.111,0,0,0,2.0,0.0,1,0,low,not_needed,19.2,2,1,0,0
TX103201,CUST002739,1348.13,Electronics,Credit Card,10.3,14.9,32,318,7,3,0.429,1,2,0,,,3,0,low,no_return,7.7,1,2,0,0
TX103202,CUST002308,715.96,Footwear,Net Banking,27.9,28.5,30,728,5,1,0.2,0,0,0,,,1,0,low,no_return,21.6,1,2,0,0
TX103203,CUST000421,1281.82,Fashion,Debit Card,0.0,9.5,37,235,9,2,0.222,0,1,0,,,2,0,low,no_return,24.0,0,1,0,0
TX103204,CUST000898,1223.23,Electronics,UPI,18.7,13.0,25,104,9,2,0.222,0,0,0,,,2,0,medium,no_return,35.5,0,2,0,0
TX103205,CUST002033,1139.85,Fashion,Credit Card,21.5,9.4,27,575,6,0,0.0,0,1,0,4.0,4.0,2,0,low,defective,6.9,0,5,0,0
TX103206,CUST002997,530.68,Toys,Credit Card,6.0,1.6,37,386,11,1,0.091,0,0,0,,,2,0,low,no_return,30.6,0,2,0,0
TX103207,CUST002443,4067.42,Grocery,Credit Card,16.9,5.8,39,259,11,0,0.0,0,0,0,,,3,1,low,no_return,40.3,0,2,0,0
TX103208,CUST001261,3944.39,Fashion,COD,21.0,9.1,37,1205,6,1,0.167,0,0,0,0.5,0.0,3,1,medium,changed_mind,11.7,0,2,0,0
TX103209,CUST000706,1607.61,Books,UPI,0.2,2.2,31,64,6,1,0.167,1,0,0,,,1,0,low,no_return,25.6,1,2,0,0
TX103210,CUST002881,2062.36,Grocery,Credit Card,25.1,13.2,34,1775,6,0,0.0,0,0,0,,,2,0,low,no_return,37.7,1,1,0,0
TX103211,CUST000829,2367.41,Books,Credit Card,18.6,22.6,41,32,9,1,0.111,0,1,0,14.2,14.2,2,0,low,defective,20.5,2,3,0,0
TX103212,CUST001027,1624.76,Sports,Credit Card,13.2,4.2,21,15,6,2,0.333,1,0,1,,,0,0,medium,no_return,19.9,0,4,0,0
TX103213,CUST002893,2158.22,Toys,Debit Card,16.3,18.5,32,246,9,1,0.111,1,1,0,0.1,0.0,3,0,low,defective,27.3,0,3,1,1
TX103214,CUST001685,2585.14,Grocery,Debit Card,23.5,4.3,18,234,4,0,0.0,0,0,0,,,2,0,high,no_return,14.6,1,0,0,0
TX103215,CUST000794,1967.24,Electronics,UPI,42.8,1.5,39,27,6,0,0.0,0,0,0,,,1,0,low,no_return,6.5,2,1,0,0
TX103216,CUST000017,2877.66,Toys,UPI,22.3,31.0,24,12,13,0,0.0,0,2,0,,,2,0,low,no_return,19.7,0,1,0,0
TX103217,CUST001290,1113.17,Fashion,COD,24.7,5.3,24,61,9,0,0.0,0,0,0,12.4,9.1,1,0,low,not_needed,24.7,0,1,0,0
TX103218,CUST002958,1748.94,Grocery,Net Banking,17.3,12.1,30,998,7,1,0.143,1,0,0,4.0,3.3,1,0,medium,defective,12.3,0,1,0,1
TX103219,CUST001298,7745.65,Grocery,UPI,37.8,1.4,38,288,11,2,0.182,1,0,0,,,2,1,low,no_return,34.9,0,0,0,0
TX103220,CUST002098,3305.73,Fashion,UPI,0.0,0.9,55,368,9,1,0.111,0,1,0,10.9,10.3,3,0,low,not_needed,47.0,0,5,0,0
TX103221,CUST000759,1996.54,Fashion,Net Banking,0.0,3.0,18,20,11,0,0.0,0,0,0,2.4,1.6,1,0,low,changed_mind,28.0,1,0,0,0
TX103222,CUST002327,902.74,Grocery,UPI,16.8,14.7,23,191,7,0,0.0,0,0,0,,,0,0,low,no_return,26.5,0,1,0,0
TX103223,CUST002327,1808.56,Footwear,Wallet,22.9,13.8,34,13,6,0,0.0,0,0,0,0.1,0.0,0,0,low,defective,40.6,0,1,0,0
TX103224,CUST001825,3168.39,Toys,COD,0.0,11.7,24,541,9,0,0.0,0,0,0,,,2,0,low,no_return,27.9,0,1,0,0
TX103225,CUST002315,2769.34,Grocery,UPI,15.0,5.6,40,173,6,1,0.167,0,2,0,,,0,0,low,no_return,31.9,0,2,0,1
TX103226,CUST001736,443.74,Fashion,UPI,12.8,7.6,30,47,6,1,0.167,1,1,0,,,0,0,low,no_return,9.9,0,1,0,0
TX103227,CUST001135,545.23,Fashion,Wallet,23.9,4.7,40,236,10,0,0.0,0,0,0,,,2,0,low,no_return,20.8,0,2,0,0
TX103228,CUST002213,563.64,Books,UPI,20.1,20.9,29,267,10,0,0.0,0,0,0,11.8,5.4,1,0,low,changed_mind_repeated,17.8,1,0,0,0
TX103229,CUST002505,2391.65,Home,Debit Card,0.0,5.2,37,426,5,2,0.4,1,1,0,,,2,0,low,no_return,42.2,1,4,0,0
TX103230,CUST002523,569.18,Books,UPI,2.0,1.3,22,594,8,1,0.125,0,0,0,,,1,0,low,no_return,24.8,1,3,0,0
TX103231,CUST000640,874.82,Fashion,Debit Card,5.3,10.8,51,429,9,0,0.0,0,0,0,,,2,0,medium,no_return,44.0,0,2,0,0
TX103232,CUST002030,1585.67,Electronics,COD,23.9,2.0,18,54,6,0,0.0,0,0,0,,,0,0,low,no_return,17.9,1,1,0,0
TX103233,CUST000013,3501.33,Sports,Debit Card,19.5,1.0,24,390,2,0,0.0,0,0,0,,,3,1,low,no_return,20.3,0,4,0,0
TX103234,CUST001716,2465.07,Sports,UPI,7.6,0.9,18,441,13,2,0.154,0,0,0,,,0,0,low,no_return,12.3,0,1,0,0
TX103235,CUST001713,1460.36,Grocery,Debit Card,16.7,7.6,40,605,6,2,0.333,1,0,0,13.7,12.3,1,0,medium,not_as_described_repeated,34.7,0,2,0,0
TX103236,CUST001091,2929.48,Fashion,Debit Card,2.3,11.3,37,297,5,0,0.0,0,0,0,,,2,0,low,no_return,33.1,1,2,0,0
TX103237,CUST002982,5733.9,Toys,UPI,39.6,0.9,19,108,8,0,0.0,0,0,0,,,1,1,low,no_return,16.9,1,2,0,0
TX103238,CUST002648,1819.26,Beauty,COD,21.9,7.3,41,225,9,0,0.0,0,3,0,,,1,0,low,no_return,6.1,0,1,0,0
TX103239,CUST000116,685.93,Books,Debit Card,24.4,1.6,25,224,6,1,0.167,0,0,0,11.2,10.8,2,0,medium,defective,29.2,0,1,0,0
TX103240,CUST000627,896.88,Grocery,UPI,31.5,8.5,35,17,9,0,0.0,0,0,0,3.8,1.4,1,0,medium,size_issue,33.9,0,3,0,0
TX103241,CUST000624,890.85,Home,Wallet,27.2,28.3,38,104,5,0,0.0,0,0,0,3.3,0.0,1,0,high,not_as_described,9.1,1,0,0,0
TX103242,CUST002692,1039.42,Grocery,Credit Card,15.4,8.7,29,14,9,0,0.0,0,1,0,,,2,0,medium,no_return,20.5,0,3,0,0
TX103243,CUST001557,1391.64,Sports,UPI,12.8,18.5,41,267,8,0,0.0,0,1,0,,,2,0,low,no_return,11.0,2,2,0,0
TX103244,CUST002186,2108.31,Beauty,UPI,30.5,10.1,30,140,5,0,0.0,0,0,0,,,0,0,medium,no_return,25.6,1,0,0,0
TX103245,CUST002430,612.16,Grocery,Credit Card,15.3,26.2,35,637,7,0,0.0,0,0,0,12.5,9.6,2,0,low,size_issue,7.4,0,1,0,0
TX103246,CUST002303,697.35,Electronics,Credit Card,6.0,14.9,29,712,8,0,0.0,0,0,0,4.6,2.8,3,0,low,defective,21.8,0,2,0,0
TX103247,CUST000268,2570.49,Footwear,UPI,38.6,11.4,18,256,8,0,0.0,0,0,0,7.1,6.2,0,0,low,changed_mind_repeated,44.8,0,1,0,0
TX103248,CUST000421,1227.2,Fashion,COD,3.8,7.8,30,71,10,1,0.1,0,0,0,5.1,1.0,1,0,low,changed_mind,23.5,0,2,0,0
TX103249,CUST001186,959.18,Fashion,Debit Card,0.0,6.6,23,91,12,2,0.167,0,1,0,,,1,0,low,no_return,9.6,1,2,0,0
TX103250,CUST001015,1500.66,Toys,UPI,26.9,29.8,45,1164,11,0,0.0,0,0,0,,,1,0,medium,no_return,42.4,2,1,0,0
TX103251,CUST002241,3884.2,Fashion,COD,6.2,11.9,18,70,4,0,0.0,0,0,0,,,0,1,low,no_return,9.4,0,0,0,0
TX103252,CUST000469,2798.12,Mobile,COD,20.2,32.3,44,285,3,0,0.0,0,0,0,3.3,2.0,2,0,low,not_needed,32.0,0,1,0,0
TX103253,CUST001115,2677.48,Home,Credit Card,36.8,3.7,30,173,9,1,0.111,0,1,0,,,0,0,low,no_return,18.6,1,2,0,0
TX103254,CUST000710,4737.7,Fashion,Wallet,0.0,38.1,36,718,9,0,0.0,0,0,1,,,2,1,medium,no_return,21.5,1,1,0,0
TX103255,CUST000567,2173.7,Electronics,UPI,14.5,3.0,18,69,6,0,0.0,0,0,0,6.9,5.1,2,0,low,not_as_described,31.1,0,3,0,0
TX103256,CUST000519,5007.03,Electronics,UPI,32.8,20.0,28,806,4,0,0.0,0,0,0,,,2,1,medium,no_return,25.8,1,3,0,0
TX103257,CUST000587,5255.77,Electronics,UPI,23.2,2.8,25,209,10,0,0.0,0,0,0,,,2,1,high,no_return,43.8,2,3,0,0
TX103258,CUST001693,626.3,Electronics,Credit Card,12.8,1.2,53,1221,9,0,0.0,0,2,0,,,0,0,low,no_return,27.4,1,2,0,0
TX103259,CUST001230,507.9,Fashion,Credit Card,43.7,5.7,25,376,9,0,0.0,0,0,0,,,2,0,low,no_return,7.0,0,1,0,0
TX103260,CUST001306,849.39,Fashion,UPI,13.9,6.1,43,376,11,1,0.091,0,0,0,5.6,4.3,0,0,low,not_needed,26.2,0,1,0,0
TX103261,CUST001438,3646.21,Home,Debit Card,19.8,17.3,43,253,10,1,0.1,1,1,0,,,3,1,medium,no_return,49.0,1,2,0,0
TX103262,CUST002223,1521.42,Fashion,Net Banking,34.8,4.6,43,355,11,1,0.091,0,0,0,,,2,0,low,no_return,22.1,0,2,0,0
TX103263,CUST002585,1396.28,Electronics,COD,26.8,8.5,26,346,5,1,0.2,0,0,0,4.3,3.6,2,0,high,not_needed,38.3,1,2,0,0
TX103264,CUST001579,2979.61,Electronics,Debit Card,30.9,3.4,50,632,12,2,0.167,0,3,0,0.1,0.0,0,0,low,not_as_described,59.8,0,3,0,0
TX103265,CUST001927,1184.51,Fashion,Debit Card,4.2,3.8,52,237,6,0,0.0,0,0,0,,,0,0,medium,no_return,21.7,0,3,0,0
TX103266,CUST002215,1995.04,Fashion,COD,29.7,37.3,35,273,5,1,0.2,1,0,0,7.0,4.6,2,0,low,size_issue,1.1,1,2,0,0
TX103267,CUST002071,2569.7,Electronics,Credit Card,17.0,7.4,27,323,5,0,0.0,0,0,0,,,1,0,low,no_return,7.5,0,4,0,0
TX103268,CUST000403,905.61,Home,Credit Card,6.1,9.0,23,286,6,3,0.5,0,0,0,,,1,0,low,no_return,61.3,1,0,0,0
TX103269,CUST002948,763.78,Footwear,Credit Card,17.7,7.9,36,435,12,1,0.083,0,0,0,2.2,1.8,2,0,low,defective,35.2,0,1,0,0
TX103270,CUST000495,1812.5,Fashion,UPI,17.3,5.3,32,71,6,0,0.0,0,0,0,,,2,0,low,no_return,24.1,1,1,0,0
TX103271,CUST001236,1968.27,Fashion,Debit Card,37.4,8.8,33,542,10,5,0.5,1,2,1,11.1,11.0,2,0,high,changed_mind_repeated,10.8,0,1,0,1
TX103272,CUST001958,2834.94,Grocery,Credit Card,19.6,22.2,18,1241,10,1,0.1,0,0,0,,,4,0,medium,no_return,18.3,0,3,0,0
TX103273,CUST001210,834.14,Beauty,UPI,5.6,12.4,32,1,14,1,0.071,0,0,0,12.8,12.3,1,0,medium,changed_mind,38.7,2,3,0,1
TX103274,CUST000730,1062.05,Electronics,UPI,2.9,11.4,43,549,9,1,0.111,0,0,0,2.7,2.6,2,0,low,defective,52.8,0,2,0,0
TX103275,CUST002770,5223.46,Toys,COD,14.4,1.0,40,36,7,1,0.143,1,0,0,6.9,5.5,2,1,medium,size_issue,22.2,1,1,0,0
TX103276,CUST000215,3258.99,Books,UPI,0.0,30.8,27,676,5,0,0.0,0,0,0,,,3,0,low,no_return,4.5,0,2,0,0
TX103277,CUST000738,1618.62,Mobile,Credit Card,6.4,2.0,30,768,8,1,0.125,0,3,0,,,0,0,low,no_return,7.3,1,0,0,0
TX103278,CUST002978,3591.02,Mobile,UPI,12.1,28.6,18,190,10,3,0.3,1,2,0,2.3,0.0,0,1,low,changed_mind,17.9,0,1,0,0
TX103279,CUST002189,836.41,Sports,UPI,9.9,3.6,25,724,6,0,0.0,0,0,0,3.4,1.9,1,0,low,not_as_described,6.4,0,1,0,0
TX103280,CUST000261,1495.05,Grocery,COD,23.7,3.3,28,159,6,3,0.5,1,0,0,,,1,0,medium,no_return,10.1,0,4,0,1
TX103281,CUST002263,1957.29,Home,UPI,6.1,14.2,38,1856,8,0,0.0,0,0,0,19.7,19.4,2,0,low,not_as_described,6.8,1,2,0,0
TX103282,CUST002908,1381.76,Footwear,UPI,0.0,3.2,24,269,4,0,0.0,0,0,0,,,0,0,low,no_return,15.6,1,3,0,0
TX103283,CUST000294,1415.3,Sports,Wallet,0.0,2.9,21,8,12,1,0.083,0,1,0,,,1,0,low,no_return,42.8,0,4,0,0
TX103284,CUST001242,2744.79,Fashion,Credit Card,14.8,23.7,39,1,3,0,0.0,0,2,0,,,1,0,medium,no_return,15.4,0,3,0,0
TX103285,CUST001405,3287.84,Electronics,Debit Card,8.0,0.7,27,134,13,2,0.154,0,0,0,2.4,1.4,3,0,low,not_as_described,14.2,2,0,0,0
TX103286,CUST000393,1283.13,Sports,Debit Card,0.2,14.7,23,202,11,1,0.091,0,0,0,2.0,1.7,1,0,medium,changed_mind_repeated,27.8,0,1,0,0
TX103287,CUST000602,651.54,Beauty,UPI,38.5,1.9,40,688,6,0,0.0,0,1,0,,,1,0,high,no_return,10.6,2,0,0,0
TX103288,CUST000522,557.69,Toys,Credit Card,24.9,16.5,36,515,9,1,0.111,0,0,0,4.6,4.1,0,0,low,not_as_described,41.0,1,0,0,0
TX103289,CUST000556,369.58,Fashion,Credit Card,14.3,1.6,29,690,11,1,0.091,0,1,0,8.7,7.7,2,0,low,changed_mind_repeated,12.7,0,3,0,0
TX103290,CUST001211,4688.28,Toys,UPI,17.8,16.9,28,1059,6,1,0.167,0,0,0,,,1,1,high,no_return,28.0,1,0,0,0
TX103291,CUST001392,2752.14,Electronics,UPI,11.8,3.0,35,1504,6,0,0.0,0,0,0,,,3,0,low,no_return,14.8,0,1,0,0
TX103292,CUST000714,2377.43,Sports,Debit Card,0.0,6.7,37,62,7,0,0.0,0,0,0,,,0,0,low,no_return,57.2,0,0,0,0
TX103293,CUST000868,1170.44,Home,UPI,27.4,3.4,34,270,5,0,0.0,0,0,0,,,2,0,low,no_return,17.9,0,1,0,0
TX103294,CUST000577,1165.75,Fashion,UPI,25.2,59.1,33,461,10,3,0.3,1,1,0,1.9,0.3,2,0,low,changed_mind,21.1,3,1,0,0
TX103295,CUST002388,3356.05,Home,Debit Card,0.0,0.5,25,897,7,1,0.143,0,1,0,,,0,0,low,no_return,10.4,0,1,0,0
TX103296,CUST000636,509.62,Fashion,Credit Card,17.7,4.9,26,1087,8,1,0.125,1,1,0,,,0,0,low,no_return,2.6,1,2,0,0
TX103297,CUST002722,1321.6,Fashion,Debit Card,19.0,15.6,30,98,4,0,0.0,0,1,0,8.6,7.5,0,0,low,size_issue,10.9,0,0,0,0
TX103298,CUST001617,3663.99,Toys,UPI,11.1,2.2,22,2101,9,0,0.0,0,0,0,6.0,5.5,3,1,high,not_as_described,11.8,0,2,0,0
TX103299,CUST002408,1319.98,Fashion,COD,40.2,12.3,21,199,8,3,0.375,0,2,0,,,2,0,low,no_return,49.1,2,2,0,0
TX103300,CUST001909,2662.62,Books,COD,38.9,12.0,31,1011,2,0,0.0,0,0,0,,,1,0,low,no_return,17.0,0,2,0,0
TX103301,CUST000798,1662.56,Books,Debit Card,10.5,0.5,41,211,6,0,0.0,0,0,0,,,2,0,medium,no_return,36.1,0,1,0,0
TX103302,CUST001804,228.63,Electronics,COD,12.3,5.3,18,10,7,0,0.0,0,0,0,,,0,0,low,no_return,7.1,0,2,0,0
TX103303,CUST000823,1615.59,Footwear,Credit Card,10.9,0.9,28,549,9,3,0.333,1,1,0,1.1,0.0,2,0,low,not_as_described,26.5,0,2,0,0
TX103304,CUST000356,1836.76,Toys,UPI,7.7,47.4,34,462,8,1,0.125,0,1,0,,,0,0,low,no_return,18.8,0,0,0,0
TX103305,CUST000764,1532.2,Toys,Credit Card,4.0,11.4,42,165,12,0,0.0,0,0,0,,,1,0,medium,no_return,16.3,0,3,1,0
TX103306,CUST000827,737.59,Toys,Credit Card,21.1,23.6,49,139,4,0,0.0,0,1,0,14.3,12.7,1,0,low,not_needed,14.7,1,0,0,0
TX103307,CUST000405,1543.85,Sports,Net Banking,38.5,10.9,29,292,9,3,0.333,2,1,0,,,2,0,low,no_return,5.1,1,3,1,0
TX103308,CUST000071,386.4,Mobile,Credit Card,33.6,19.1,51,678,14,0,0.0,0,0,0,,,1,0,low,no_return,11.2,0,1,0,0
TX103309,CUST002831,1310.5,Fashion,Credit Card,24.5,8.1,36,222,9,0,0.0,0,0,0,8.1,6.4,1,0,low,not_needed,16.3,0,1,0,0
TX103310,CUST001540,2800.46,Electronics,Net Banking,0.0,3.0,40,411,8,0,0.0,0,0,0,,,2,0,low,no_return,5.9,0,0,0,0
TX103311,CUST001206,4527.5,Grocery,UPI,0.0,39.1,21,1852,8,0,0.0,0,2,0,,,2,1,low,no_return,14.4,2,2,1,1
TX103312,CUST002789,4064.45,Fashion,Debit Card,27.8,10.9,36,93,12,0,0.0,0,0,0,,,1,1,low,no_return,27.5,0,2,0,0
TX103313,CUST000674,820.6,Sports,Credit Card,34.4,9.1,41,197,7,1,0.143,0,0,1,,,1,0,medium,no_return,17.0,0,1,0,1
TX103314,CUST001209,575.87,Home,Wallet,21.6,1.8,25,61,8,3,0.375,0,2,0,4.9,3.5,1,0,low,changed_mind,32.6,0,1,0,0
TX103315,CUST002540,1957.68,Fashion,UPI,11.3,6.6,18,249,7,0,0.0,0,0,0,,,2,0,high,no_return,13.8,0,4,0,0
TX103316,CUST001896,1757.96,Footwear,COD,31.2,0.7,33,910,9,0,0.0,0,0,0,,,1,0,medium,no_return,36.4,1,1,0,0
TX103317,CUST001198,2537.24,Electronics,Debit Card,24.0,12.6,29,1779,10,2,0.2,0,1,1,,,0,0,low,no_return,27.1,1,1,0,0
TX103318,CUST000768,1102.65,Fashion,Wallet,28.6,12.9,45,323,6,1,0.167,0,0,0,,,0,0,low,no_return,30.9,0,2,0,0
TX103319,CUST000106,1794.24,Grocery,Wallet,0.0,8.6,26,670,10,0,0.0,0,0,0,,,1,0,low,no_return,19.7,1,2,0,0
TX103320,CUST000256,1730.25,Toys,COD,19.1,34.7,24,539,11,1,0.091,0,1,0,,,1,0,low,no_return,7.4,1,3,0,0
TX103321,CUST000486,1342.01,Toys,UPI,36.3,11.9,20,554,7,0,0.0,0,0,0,,,1,0,high,no_return,11.7,1,4,0,0
TX103322,CUST002360,483.63,Fashion,Credit Card,21.3,10.0,25,342,5,1,0.2,0,0,0,,,2,0,low,no_return,35.6,0,0,0,0
TX103323,CUST001918,2774.09,Footwear,Net Banking,26.4,1.2,58,400,7,0,0.0,0,0,0,,,0,0,medium,no_return,62.7,1,2,0,0
TX103324,CUST001300,1966.61,Sports,Debit Card,15.4,5.5,18,60,8,0,0.0,0,1,0,,,1,0,low,no_return,35.7,0,2,0,0
TX103325,CUST002348,2899.09,Toys,Net Banking,16.3,87.8,18,91,6,0,0.0,0,0,0,2.0,0.7,2,0,high,defective,12.4,0,1,0,0
TX103326,CUST000483,3354.25,Electronics,COD,31.8,0.5,31,6,12,0,0.0,0,0,0,,,2,0,high,no_return,29.0,0,2,0,1
TX103327,CUST000633,1629.86,Home,Credit Card,7.0,10.6,51,57,7,1,0.143,0,0,0,16.0,15.5,0,0,low,not_as_described,17.1,0,0,0,0
TX103328,CUST001178,2785.42,Beauty,UPI,5.8,10.6,39,374,4,0,0.0,0,3,0,3.7,2.1,3,0,low,changed_mind_repeated,11.4,0,1,0,0
TX103329,CUST002752,4594.4,Sports,Credit Card,9.3,11.9,47,101,7,0,0.0,0,0,0,12.3,12.2,2,1,low,defective,8.6,0,3,0,0
TX103330,CUST001843,5537.33,Electronics,Debit Card,15.3,12.4,28,310,7,0,0.0,0,0,0,,,1,1,medium,no_return,27.9,1,5,0,0
TX103331,CUST002553,2127.35,Beauty,Credit Card,0.0,19.2,18,22,11,0,0.0,0,0,0,,,0,0,medium,no_return,18.3,0,1,1,0
TX103332,CUST000745,2238.04,Grocery,UPI,23.8,13.7,27,185,9,0,0.0,0,0,0,1.5,0.0,3,0,high,changed_mind_repeated,2.0,0,0,0,0
TX103333,CUST002545,2103.73,Home,COD,13.0,0.5,30,770,11,2,0.182,0,1,0,,,0,0,medium,no_return,8.6,0,1,0,0
TX103334,CUST000218,2479.38,Beauty,UPI,25.2,0.5,32,502,6,1,0.167,1,1,0,,,2,0,low,no_return,16.4,1,0,0,0
TX103335,CUST000683,3261.96,Fashion,Credit Card,0.0,0.5,29,660,5,1,0.2,0,1,0,2.3,1.7,2,0,low,size_issue,35.5,0,1,0,0
TX103336,CUST001569,2074.62,Footwear,Credit Card,25.3,37.0,37,296,9,1,0.111,0,0,0,1.2,0.0,4,0,low,changed_mind_repeated,34.6,1,1,0,0
TX103337,CUST000152,5338.15,Sports,Credit Card,31.0,0.9,24,336,8,0,0.0,0,1,0,,,1,1,low,no_return,12.4,1,1,0,0
TX103338,CUST002574,4870.13,Sports,UPI,20.3,1.5,22,467,7,0,0.0,0,0,0,,,1,1,high,no_return,15.3,1,3,0,1
TX103339,CUST002602,1833.52,Mobile,COD,15.4,15.8,19,220,6,0,0.0,0,0,0,2.8,2.5,0,0,low,not_as_described_repeated,25.7,1,0,0,0
TX103340,CUST001624,1826.08,Grocery,COD,25.4,14.8,34,24,10,0,0.0,0,0,0,0.8,0.4,3,0,low,not_as_described_repeated,24.9,0,1,0,1
TX103341,CUST000918,1272.75,Fashion,Debit Card,30.3,13.1,33,831,9,1,0.111,0,0,0,,,0,0,low,no_return,50.1,0,2,0,0
TX103342,CUST000297,2567.06,Grocery,Wallet,21.3,1.5,42,615,8,0,0.0,0,0,0,,,0,0,medium,no_return,7.2,0,0,0,0
TX103343,CUST001857,1424.78,Mobile,UPI,22.2,7.8,47,723,12,0,0.0,0,0,0,,,2,0,low,no_return,32.8,0,1,0,0
TX103344,CUST001613,1231.66,Electronics,UPI,34.9,30.2,19,40,14,2,0.143,1,5,0,,,1,0,low,no_return,11.2,0,1,0,0
TX103345,CUST002280,2530.7,Grocery,UPI,24.1,4.1,32,264,3,0,0.0,0,0,0,4.3,2.7,1,0,low,not_needed,13.6,0,0,0,0
TX103346,CUST001808,788.05,Electronics,COD,5.4,0.5,29,861,10,0,0.0,0,1,0,,,1,0,low,no_return,21.9,1,3,0,0
TX103347,CUST000385,3298.24,Toys,UPI,30.2,1.3,18,722,6,0,0.0,0,0,0,5.0,2.0,2,0,high,not_as_described_repeated,24.2,1,0,0,0
TX103348,CUST000366,2597.13,Grocery,Net Banking,13.5,5.7,26,106,7,2,0.286,1,1,0,,,0,0,low,no_return,12.7,0,0,0,0
TX103349,CUST002342,4711.22,Mobile,Debit Card,15.4,5.2,47,190,5,0,0.0,0,0,0,,,2,1,medium,no_return,11.6,0,0,0,0
TX103350,CUST000477,2152.81,Grocery,COD,16.3,15.2,25,226,3,0,0.0,0,1,0,,,1,0,low,no_return,13.8,0,0,0,0
TX103351,CUST002815,2860.99,Electronics,Credit Card,26.6,11.1,24,108,6,0,0.0,0,2,0,19.4,17.1,0,0,medium,changed_mind_repeated,27.5,1,2,0,0
TX103352,CUST000318,3104.22,Beauty,COD,36.0,20.5,31,70,11,4,0.364,0,1,0,,,1,0,low,no_return,24.7,0,3,0,0
TX103353,CUST002185,3862.08,Footwear,Credit Card,15.3,30.6,41,125,8,1,0.125,0,1,0,,,2,1,low,no_return,15.9,1,5,0,0
TX103354,CUST002925,1997.26,Fashion,Debit Card,35.8,29.0,28,180,11,3,0.273,1,0,0,,,1,0,low,no_return,12.2,1,1,0,0
TX103355,CUST001324,1265.93,Electronics,COD,17.0,10.5,33,101,5,2,0.4,0,0,1,,,0,0,high,no_return,31.2,0,1,0,0
TX103356,CUST000171,2185.98,Books,UPI,31.8,1.1,18,5,10,0,0.0,0,0,0,3.3,2.8,1,0,low,changed_mind,7.7,0,0,0,0
TX103357,CUST002630,3295.8,Beauty,Net Banking,17.4,31.7,37,135,11,1,0.091,0,0,0,,,0,0,low,no_return,19.3,0,1,0,0
TX103358,CUST000562,3576.92,Electronics,COD,9.1,11.4,34,533,6,2,0.333,0,0,0,,,2,1,low,no_return,13.4,1,1,0,0
TX103359,CUST001582,486.98,Fashion,COD,38.1,1.9,40,299,7,0,0.0,0,0,0,,,1,0,low,no_return,9.2,0,1,0,0
TX103360,CUST002953,8509.67,Fashion,UPI,7.9,8.1,18,242,7,0,0.0,0,0,0,,,2,1,low,no_return,33.7,1,3,0,0
TX103361,CUST002234,1236.3,Grocery,UPI,7.1,8.1,28,270,6,0,0.0,0,0,0,,,1,0,low,no_return,10.0,0,0,0,0
TX103362,CUST000139,2892.88,Beauty,UPI,0.0,3.3,41,518,10,0,0.0,0,0,0,,,2,0,medium,no_return,30.5,0,1,0,0
TX103363,CUST002461,4139.58,Beauty,Debit Card,30.2,13.6,26,69,6,0,0.0,0,0,0,,,0,1,medium,no_return,5.2,0,0,0,0
TX103364,CUST000484,1720.94,Toys,UPI,33.0,1.6,32,291,5,1,0.2,1,0,0,3.7,0.0,0,0,low,not_as_described_repeated,34.7,0,1,0,0
TX103365,CUST002248,3666.94,Fashion,Wallet,19.5,4.0,27,342,7,1,0.143,1,0,0,27.8,25.6,3,1,low,size_issue,42.2,1,0,0,0
TX103366,CUST001863,483.83,Grocery,Wallet,3.2,38.1,28,31,6,0,0.0,0,0,0,,,2,0,low,no_return,32.7,0,3,0,0
TX103367,CUST000864,3752.81,Home,UPI,14.9,19.7,43,60,11,1,0.091,0,0,0,,,2,1,high,no_return,11.8,0,0,0,0
TX103368,CUST001271,3465.3,Home,COD,11.4,22.1,18,26,8,1,0.125,1,0,0,,,1,1,low,no_return,11.7,1,3,0,0
TX103369,CUST000354,2368.65,Sports,UPI,2.6,30.2,31,728,10,1,0.1,0,1,0,,,5,0,low,no_return,20.9,2,0,0,0
TX103370,CUST002960,3302.53,Grocery,Credit Card,9.1,3.4,34,1619,15,2,0.133,2,2,0,,,1,0,low,no_return,32.7,1,1,0,0
TX103371,CUST000715,4953.77,Mobile,UPI,21.1,3.9,41,106,8,0,0.0,0,0,0,7.2,6.9,2,1,low,changed_mind,14.9,1,0,0,0
TX103372,CUST000926,4222.23,Fashion,COD,7.7,1.3,30,179,5,1,0.2,1,1,0,6.0,3.5,2,1,low,changed_mind,57.5,1,6,0,0
TX103373,CUST001509,1790.4,Electronics,Net Banking,18.5,21.2,41,127,10,1,0.1,0,0,0,,,1,0,low,no_return,35.3,0,1,0,0
TX103374,CUST002017,2172.17,Home,UPI,0.0,23.2,31,123,9,0,0.0,0,0,0,,,2,0,low,no_return,44.9,0,2,0,0
TX103375,CUST001516,1588.25,Sports,UPI,35.2,0.5,33,82,7,1,0.143,0,1,0,5.6,0.0,0,0,medium,changed_mind_repeated,5.3,1,2,0,1
TX103376,CUST001515,1450.75,Fashion,Credit Card,10.3,32.9,32,36,6,1,0.167,0,0,0,,,3,0,medium,no_return,39.5,1,1,0,0
TX103377,CUST001748,3092.51,Footwear,Debit Card,25.4,4.2,38,256,9,3,0.333,1,0,0,,,2,0,low,no_return,29.0,2,2,0,0
TX103378,CUST002573,1576.33,Toys,UPI,17.3,66.8,37,511,5,0,0.0,0,0,0,2.0,0.0,0,0,low,changed_mind_repeated,32.5,1,2,0,0
TX103379,CUST001185,3087.96,Beauty,COD,19.8,1.9,20,46,11,1,0.091,0,0,0,0.9,0.5,2,0,low,size_issue,32.5,0,2,0,0
TX103380,CUST002496,1719.57,Home,Net Banking,1.4,35.1,34,110,10,0,0.0,0,0,0,30.0,28.5,3,0,high,not_needed,25.0,0,3,0,0
TX103381,CUST002360,1894.78,Electronics,Credit Card,5.9,8.1,37,555,3,0,0.0,0,0,0,,,2,0,low,no_return,46.4,1,3,0,0
TX103382,CUST002883,1008.55,Beauty,Net Banking,6.1,13.0,46,185,2,1,0.5,0,1,0,7.4,6.4,2,0,medium,not_needed,58.4,0,1,0,0
TX103383,CUST002739,3036.37,Sports,Debit Card,15.3,3.5,21,200,16,2,0.125,0,1,0,,,2,0,low,no_return,14.3,2,1,0,1
TX103384,CUST002394,462.7,Footwear,Debit Card,30.9,20.5,37,234,13,1,0.077,1,1,0,,,1,0,low,no_return,44.6,1,0,0,0
TX103385,CUST000740,3842.88,Beauty,COD,20.2,20.3,28,742,6,0,0.0,0,1,0,,,0,1,low,no_return,20.2,0,2,0,0
TX103386,CUST002323,6650.48,Electronics,Credit Card,4.2,78.9,33,62,11,0,0.0,0,0,0,,,0,1,low,no_return,41.8,0,2,0,0
TX103387,CUST002209,1939.28,Fashion,Debit Card,16.0,28.3,21,27,9,1,0.111,1,3,0,,,0,0,low,no_return,13.2,0,1,0,0
TX103388,CUST000869,1881.69,Electronics,UPI,14.0,5.7,31,189,11,5,0.455,0,2,0,4.7,4.5,1,0,low,changed_mind,10.8,0,5,0,1
TX103389,CUST002034,583.42,Mobile,COD,10.8,1.9,35,151,3,1,0.333,1,0,0,1.2,0.6,2,0,low,changed_mind,31.0,0,2,0,0
TX103390,CUST000759,1291.56,Toys,UPI,14.8,5.9,22,545,10,1,0.1,0,0,0,,,3,0,high,no_return,32.1,0,2,0,0
TX103391,CUST001569,3325.47,Toys,UPI,24.2,18.3,46,261,12,5,0.417,0,1,0,,,1,0,low,no_return,32.0,1,5,0,0
TX103392,CUST002390,3630.63,Footwear,Credit Card,6.4,6.8,18,115,5,1,0.2,1,0,0,,,2,1,low,no_return,33.4,1,1,0,1
TX103393,CUST000566,2107.0,Electronics,Credit Card,10.8,10.8,37,25,7,0,0.0,0,0,0,,,0,0,low,no_return,21.1,1,0,0,0
TX103394,CUST001011,3200.58,Grocery,UPI,26.8,5.3,18,1286,9,3,0.333,0,1,0,9.1,8.7,2,0,low,changed_mind,16.2,0,4,0,0
TX103395,CUST002385,1023.25,Grocery,UPI,20.6,18.9,29,31,5,3,0.6,0,2,0,,,1,0,low,no_return,24.9,0,2,0,1
TX103396,CUST001361,2438.75,Fashion,Net Banking,30.3,7.5,36,278,10,2,0.2,0,0,0,,,3,0,low,no_return,44.4,1,3,0,0
TX103397,CUST002881,4475.73,Beauty,Debit Card,32.2,5.4,39,46,10,2,0.2,1,2,0,,,2,1,low,no_return,43.9,0,1,0,0
TX103398,CUST000024,2754.01,Grocery,Credit Card,0.0,19.8,30,659,9,1,0.111,0,0,0,,,4,0,low,no_return,8.0,0,4,0,0
TX103399,CUST002165,4905.69,Footwear,COD,18.5,14.9,29,122,7,0,0.0,0,0,0,,,1,1,medium,no_return,44.2,0,1,0,0
TX103400,CUST002442,5000.24,Electronics,COD,8.9,0.5,37,37,6,1,0.167,0,1,0,10.0,9.9,0,1,low,not_as_described,16.0,0,2,0,0
TX103401,CUST002753,2542.51,Footwear,UPI,0.6,0.5,41,30,13,4,0.308,1,0,0,,,2,0,medium,no_return,28.3,0,0,0,0
TX103402,CUST000471,175.58,Footwear,Debit Card,5.5,3.4,45,75,9,1,0.111,1,0,0,,,0,0,low,no_return,27.1,0,2,0,0
TX103403,CUST002952,3582.36,Footwear,Credit Card,11.4,4.5,19,794,9,0,0.0,0,1,0,,,1,1,high,no_return,13.8,1,0,0,0
TX103404,CUST001177,732.23,Electronics,Debit Card,11.5,12.3,29,770,5,1,0.2,1,0,0,1.5,0.8,1,0,low,changed_mind_repeated,40.5,2,5,0,0
TX103405,CUST001056,243.05,Fashion,COD,7.7,16.4,18,111,4,0,0.0,0,0,1,0.1,0.1,2,0,low,changed_mind_repeated,23.2,1,1,0,1
TX103406,CUST001067,415.3,Grocery,UPI,14.8,7.8,18,229,13,1,0.077,0,0,0,,,2,0,low,no_return,36.0,0,4,0,0
TX103407,CUST001915,3744.33,Fashion,Credit Card,44.4,14.2,24,179,10,1,0.1,0,0,0,,,0,1,low,no_return,14.9,1,1,0,0
TX103408,CUST001978,2555.95,Electronics,UPI,0.0,22.4,40,519,11,0,0.0,0,0,0,,,1,0,low,no_return,13.0,0,0,0,0
TX103409,CUST001422,2145.36,Books,Debit Card,28.6,1.0,27,184,9,2,0.222,1,2,0,,,2,0,low,no_return,45.2,0,0,0,0
TX103410,CUST000214,2717.57,Electronics,UPI,14.8,57.6,29,370,7,0,0.0,0,0,0,,,1,0,medium,no_return,15.0,0,2,0,0
TX103411,CUST002959,434.95,Home,COD,9.7,2.2,35,173,3,0,0.0,0,0,0,,,5,0,low,no_return,33.6,1,0,0,0
TX103412,CUST000667,1583.41,Mobile,Debit Card,0.0,12.1,25,5,7,1,0.143,1,1,0,2.3,0.0,2,0,low,not_needed,32.2,0,2,0,0
TX103413,CUST000282,1151.22,Home,UPI,24.2,11.5,18,94,13,3,0.231,0,1,0,14.6,13.9,1,0,high,not_needed,19.2,1,0,0,0
TX103414,CUST001792,2035.32,Footwear,COD,0.0,16.0,24,181,5,0,0.0,0,1,0,,,0,0,low,no_return,46.8,0,1,0,0
TX103415,CUST001237,2084.38,Home,UPI,24.9,16.6,30,288,12,0,0.0,0,0,1,,,2,0,low,no_return,20.6,2,2,0,0
TX103416,CUST001847,2642.49,Home,Debit Card,35.9,14.6,36,145,7,0,0.0,0,0,0,,,3,0,low,no_return,14.7,1,1,0,0
TX103417,CUST002626,2907.22,Electronics,Credit Card,0.0,10.0,29,198,4,0,0.0,0,0,0,,,1,0,low,no_return,20.8,2,0,0,0
TX103418,CUST000292,451.49,Home,UPI,29.0,3.1,36,191,9,1,0.111,1,1,0,,,1,0,medium,no_return,37.4,1,1,0,0
TX103419,CUST000852,1598.47,Fashion,UPI,15.3,28.0,41,8,9,0,0.0,0,0,0,,,4,0,low,no_return,5.1,1,3,0,0
TX103420,CUST001550,1854.73,Footwear,UPI,0.0,9.3,43,236,7,1,0.143,0,0,0,,,2,0,low,no_return,17.0,0,3,0,0
TX103421,CUST002363,716.68,Footwear,COD,0.5,24.4,33,672,3,0,0.0,0,0,0,,,2,0,low,no_return,36.7,0,2,0,0
TX103422,CUST001802,661.68,Electronics,COD,17.1,3.0,20,40,6,0,0.0,0,0,0,3.3,2.4,0,0,low,defective,26.6,0,2,0,0
TX103423,CUST001148,417.11,Electronics,UPI,19.8,12.1,19,704,11,0,0.0,0,0,0,,,1,0,low,no_return,48.2,0,2,0,0
TX103424,CUST001830,593.71,Grocery,UPI,0.0,9.6,20,79,7,0,0.0,0,0,0,8.8,5.2,1,0,low,not_as_described_repeated,32.0,1,1,0,0
TX103425,CUST002939,3188.19,Beauty,Net Banking,15.4,17.2,21,1481,6,1,0.167,0,0,0,,,4,0,low,no_return,23.0,2,1,0,0
TX103426,CUST001440,510.17,Fashion,UPI,24.9,4.5,32,848,5,0,0.0,0,0,0,,,0,0,low,no_return,27.9,0,1,0,0
TX103427,CUST002650,577.53,Fashion,Credit Card,27.0,15.6,50,77,13,2,0.154,0,0,0,,,1,0,low,no_return,15.7,2,5,0,0
TX103428,CUST002340,1978.88,Fashion,Debit Card,10.0,20.2,34,322,10,4,0.4,0,1,0,2.8,2.7,2,0,medium,defective,36.7,1,1,0,0
TX103429,CUST000904,2432.11,Beauty,UPI,20.3,6.6,31,236,4,0,0.0,0,1,1,,,1,0,low,no_return,20.6,0,1,0,0
TX103430,CUST000749,1815.4,Electronics,Net Banking,27.9,0.5,41,604,6,3,0.5,0,2,1,2.2,2.2,0,0,low,size_issue,8.2,1,2,0,0
TX103431,CUST002310,825.81,Books,UPI,25.2,2.3,23,301,11,2,0.182,1,0,0,,,0,0,low,no_return,30.6,0,1,0,0
TX103432,CUST000623,672.73,Fashion,COD,25.7,8.5,42,470,7,0,0.0,0,1,0,2.0,0.1,3,0,low,size_issue,26.5,1,0,0,0
TX103433,CUST001011,1941.74,Home,Credit Card,16.4,1.8,41,502,9,0,0.0,0,0,0,6.5,5.2,1,0,low,not_needed,27.9,0,1,0,0
TX103434,CUST000706,1680.82,Beauty,UPI,13.9,23.9,32,1148,2,0,0.0,0,0,0,1.5,0.0,0,0,medium,changed_mind_repeated,9.5,1,2,0,0
TX103435,CUST001819,1396.86,Fashion,Credit Card,18.3,1.6,52,306,9,1,0.111,1,0,0,0.9,0.0,3,0,low,changed_mind_repeated,3.3,1,2,0,0
TX103436,CUST000883,3097.75,Footwear,Wallet,5.8,0.5,43,4,7,1,0.143,1,1,0,3.2,2.7,3,0,low,changed_mind_repeated,8.9,0,1,0,0
TX103437,CUST001975,1605.56,Grocery,Debit Card,28.3,5.3,32,503,7,1,0.143,0,0,0,,,1,0,low,no_return,20.3,1,1,0,0
TX103438,CUST002804,629.01,Footwear,UPI,0.0,7.9,30,129,10,1,0.1,0,0,0,,,0,0,high,no_return,26.8,1,0,0,0
TX103439,CUST002488,1402.76,Beauty,Net Banking,8.9,5.6,27,164,4,0,0.0,0,0,0,,,3,0,low,no_return,24.1,0,0,0,0
TX103440,CUST002843,2615.29,Home,UPI,14.6,9.8,30,61,3,0,0.0,0,0,0,,,0,0,low,no_return,74.3,0,5,0,0
TX103441,CUST000074,1538.6,Fashion,UPI,20.6,78.8,30,205,5,1,0.2,0,0,0,5.1,3.5,2,0,low,changed_mind_repeated,48.5,0,3,0,0
TX103442,CUST001366,2584.91,Sports,UPI,22.9,39.4,28,244,11,3,0.273,1,0,0,,,0,0,low,no_return,11.8,1,1,0,0
TX103443,CUST000661,2926.32,Sports,COD,32.9,7.8,29,21,6,0,0.0,0,0,0,0.9,0.0,1,0,low,size_issue,47.4,0,2,0,0
TX103444,CUST002753,1609.37,Home,UPI,15.9,40.7,20,596,12,1,0.083,1,0,0,,,2,0,low,no_return,11.3,1,1,0,0
TX103445,CUST002136,1809.55,Electronics,UPI,6.4,10.5,26,34,3,0,0.0,0,0,0,,,4,0,low,no_return,28.8,1,2,0,0
TX103446,CUST000961,1471.13,Fashion,Net Banking,13.3,23.3,18,145,8,0,0.0,0,1,0,,,1,0,high,no_return,6.5,0,2,0,0
TX103447,CUST001691,2622.58,Electronics,Debit Card,11.2,0.7,36,398,5,0,0.0,0,0,0,30.0,28.9,2,0,low,not_as_described_repeated,22.1,1,4,0,0
TX103448,CUST001816,1439.15,Fashion,UPI,21.2,6.1,32,174,17,1,0.059,0,1,0,,,2,0,low,no_return,46.1,0,1,0,0
TX103449,CUST001487,2455.98,Sports,Debit Card,2.2,49.1,30,249,7,1,0.143,1,1,0,8.3,8.0,1,0,low,changed_mind_repeated,37.6,0,1,0,1
TX103450,CUST001423,2107.58,Mobile,UPI,12.9,12.9,40,2312,3,0,0.0,0,0,0,,,0,0,high,no_return,44.2,0,1,0,0
TX103451,CUST000166,413.28,Fashion,Credit Card,34.5,0.5,23,187,9,3,0.333,3,2,0,,,0,0,low,no_return,27.8,0,0,0,0
TX103452,CUST001357,2545.43,Electronics,Credit Card,17.2,8.1,24,470,8,0,0.0,0,0,0,,,2,0,low,no_return,25.2,0,0,0,0
TX103453,CUST001045,1978.49,Fashion,Debit Card,2.4,2.6,18,634,3,1,0.333,1,0,0,,,4,0,low,no_return,53.0,0,1,0,0
TX103454,CUST002454,3940.44,Electronics,COD,10.9,5.9,42,268,6,1,0.167,1,1,0,,,0,1,low,no_return,57.1,1,0,0,0
TX103455,CUST002595,742.24,Grocery,Credit Card,0.0,8.7,38,846,13,1,0.077,0,1,0,,,1,0,medium,no_return,21.3,1,0,0,0
TX103456,CUST002251,2130.66,Electronics,UPI,14.3,2.6,45,996,7,0,0.0,0,0,0,5.6,5.3,1,0,medium,size_issue,24.4,0,1,0,0
TX103457,CUST000093,1298.58,Mobile,Credit Card,34.8,1.8,47,251,11,0,0.0,0,1,0,,,1,0,high,no_return,39.1,0,2,0,0
TX103458,CUST002523,449.18,Footwear,COD,0.8,5.0,27,475,12,0,0.0,0,0,0,8.1,6.4,3,0,low,not_as_described,8.9,1,2,0,0
TX103459,CUST001189,355.43,Beauty,COD,0.0,8.5,24,68,7,0,0.0,0,0,0,,,2,0,high,no_return,19.1,0,1,0,0
TX103460,CUST001249,4450.35,Footwear,COD,7.2,7.7,18,890,4,0,0.0,0,0,0,,,0,1,low,no_return,18.8,0,0,1,0
TX103461,CUST002835,2135.29,Grocery,Wallet,26.1,15.7,21,382,8,1,0.125,1,1,0,,,3,0,medium,no_return,32.1,0,3,0,1
TX103462,CUST002602,1571.94,Mobile,COD,35.5,34.4,28,181,12,5,0.417,0,0,0,,,3,0,low,no_return,15.3,0,0,0,0
TX103463,CUST000153,547.82,Fashion,Wallet,20.4,4.9,18,212,15,1,0.067,0,0,0,,,0,0,low,no_return,63.5,0,0,0,0
TX103464,CUST001080,4284.15,Mobile,Debit Card,0.0,1.5,21,232,15,2,0.133,0,2,0,3.5,3.3,2,1,low,size_issue,19.5,0,1,0,0
TX103465,CUST002249,1067.03,Fashion,UPI,14.7,6.7,31,190,8,0,0.0,0,1,0,,,1,0,low,no_return,6.3,0,2,0,0
TX103466,CUST001617,2202.77,Home,Debit Card,36.5,30.3,40,212,13,0,0.0,0,0,0,,,2,0,low,no_return,10.3,0,2,0,0
TX103467,CUST000773,1926.43,Mobile,UPI,11.3,5.1,24,106,6,0,0.0,0,0,0,1.8,0.0,0,0,low,defective,29.6,0,3,0,0
TX103468,CUST001574,5580.17,Home,UPI,16.7,14.3,33,308,8,3,0.375,1,2,1,,,0,1,low,no_return,8.1,0,1,0,0
TX103469,CUST002599,1779.73,Fashion,Credit Card,17.9,1.4,50,76,5,0,0.0,0,0,0,,,0,0,low,no_return,28.6,0,3,0,0
TX103470,CUST000670,1241.16,Electronics,Credit Card,0.0,6.8,18,967,8,1,0.125,0,0,0,,,1,0,medium,no_return,63.4,0,4,0,1
TX103471,CUST002238,2156.88,Electronics,COD,27.0,3.4,42,497,9,1,0.111,0,1,0,13.0,12.9,0,0,medium,changed_mind_repeated,14.1,0,1,0,0
TX103472,CUST002204,2314.21,Home,Credit Card,25.2,10.8,35,330,8,0,0.0,0,1,0,3.3,2.5,1,0,low,not_needed,3.5,1,0,0,0
TX103473,CUST002657,8047.61,Home,UPI,0.0,0.6,44,1060,6,0,0.0,0,0,0,5.6,3.2,2,1,low,changed_mind_repeated,16.4,1,2,0,0
TX103474,CUST000894,1759.24,Sports,Net Banking,0.0,1.1,41,23,7,1,0.143,1,0,0,,,3,0,high,no_return,15.4,0,3,0,0
TX103475,CUST000648,723.54,Toys,Debit Card,3.4,5.1,25,229,10,0,0.0,0,0,0,2.4,0.0,2,0,low,changed_mind,36.6,0,4,0,0
TX103476,CUST001643,1397.16,Electronics,UPI,24.0,13.2,32,998,9,0,0.0,0,0,0,,,3,0,medium,no_return,14.4,0,0,1,0
TX103477,CUST001594,2153.67,Footwear,UPI,6.0,14.5,18,267,3,0,0.0,0,1,0,,,1,0,low,no_return,32.0,0,0,0,0
TX103478,CUST001229,2420.4,Sports,UPI,19.8,11.0,26,349,6,1,0.167,0,1,0,,,0,0,high,no_return,29.8,3,1,0,1
TX103479,CUST002338,510.02,Books,Net Banking,12.8,20.9,32,28,11,1,0.091,1,0,0,,,1,0,low,no_return,22.8,1,5,0,0
TX103480,CUST002397,1281.53,Books,UPI,15.9,10.0,35,173,5,0,0.0,0,1,0,,,1,0,low,no_return,14.4,1,1,1,0
TX103481,CUST000737,5375.95,Footwear,Net Banking,21.0,26.3,39,37,6,0,0.0,0,0,0,,,2,1,low,no_return,11.8,1,1,0,0
TX103482,CUST002386,918.88,Electronics,UPI,18.3,13.8,47,1338,8,1,0.125,0,0,0,2.4,1.8,1,0,medium,size_issue,11.6,0,2,0,0
TX103483,CUST000693,3144.64,Sports,COD,14.8,0.8,27,522,7,0,0.0,0,0,0,,,0,0,medium,no_return,37.8,0,2,0,0
TX103484,CUST001223,1430.81,Footwear,UPI,18.9,10.1,43,334,6,2,0.333,0,0,0,,,2,0,low,no_return,21.8,1,1,0,1
TX103485,CUST000082,1830.58,Books,Credit Card,17.6,1.6,34,1164,5,1,0.2,1,1,0,,,1,0,low,no_return,20.7,1,0,0,0
TX103486,CUST001021,559.78,Electronics,Credit Card,12.5,15.5,18,185,7,1,0.143,0,0,0,10.4,7.2,4,0,low,size_issue,62.6,1,4,0,0
TX103487,CUST002875,1529.7,Grocery,Credit Card,9.8,0.5,30,563,11,0,0.0,0,0,0,,,1,0,low,no_return,43.2,0,0,0,0
TX103488,CUST001328,2136.0,Toys,Wallet,37.6,3.8,33,99,7,0,0.0,0,0,0,,,3,0,low,no_return,9.6,0,0,0,0
TX103489,CUST002130,1774.41,Fashion,COD,9.7,19.1,23,135,8,0,0.0,0,1,0,,,1,0,medium,no_return,19.3,1,2,0,0
TX103490,CUST000324,1597.11,Grocery,UPI,31.4,7.3,21,82,6,0,0.0,0,0,0,,,1,0,low,no_return,29.4,0,1,0,0
TX103491,CUST001907,2631.21,Footwear,COD,6.8,29.2,21,907,9,1,0.111,0,0,1,,,1,0,low,no_return,8.3,0,1,0,0
TX103492,CUST001115,671.08,Beauty,UPI,24.7,5.6,26,843,9,2,0.222,2,0,0,4.6,3.2,0,0,low,changed_mind,7.7,1,1,0,0
TX103493,CUST002232,2203.03,Fashion,Net Banking,36.4,1.5,23,29,15,0,0.0,0,0,0,,,1,0,low,no_return,44.6,2,0,0,0
TX103494,CUST002784,335.42,Sports,Credit Card,10.9,13.7,44,650,9,0,0.0,0,0,0,0.1,0.0,1,0,low,not_needed,9.1,0,2,0,0
TX103495,CUST001595,3716.86,Sports,UPI,7.0,2.8,18,356,9,0,0.0,0,0,0,2.7,0.0,2,1,low,size_issue,33.2,1,0,0,0
TX103496,CUST000309,1634.63,Home,UPI,9.8,0.5,33,192,8,1,0.125,0,0,0,,,2,0,low,no_return,8.8,2,2,0,0
TX103497,CUST001428,3010.28,Grocery,UPI,14.8,21.9,37,243,7,0,0.0,0,1,0,,,0,0,low,no_return,21.9,1,3,0,0
TX103498,CUST000370,206.91,Home,Net Banking,18.9,4.7,22,975,9,0,0.0,0,0,0,,,2,0,low,no_return,24.8,0,2,0,0
TX103499,CUST001349,2740.33,Footwear,Credit Card,14.5,2.3,29,466,6,0,0.0,0,0,0,,,0,0,low,no_return,23.6,0,1,0,0
TX103500,CUST000184,1039.95,Toys,UPI,10.0,0.5,28,192,9,0,0.0,0,1,0,2.4,0.8,0,0,low,not_needed,44.3,1,1,0,0
TX103501,CUST001921,1838.89,Toys,COD,38.5,25.8,31,191,14,1,0.071,0,0,0,,,0,0,low,no_return,14.4,0,0,0,0
TX103502,CUST000932,2768.76,Beauty,UPI,12.6,1.2,38,88,14,2,0.143,0,1,0,,,0,0,high,no_return,33.5,0,2,0,0
TX103503,CUST000605,1724.93,Fashion,UPI,7.6,2.4,37,340,4,0,0.0,0,0,0,16.8,14.7,0,0,low,not_needed,47.5,1,2,0,0
TX103504,CUST000052,2558.21,Books,Debit Card,25.0,30.4,26,102,9,5,0.556,2,3,1,4.5,4.0,2,0,low,not_as_described,36.9,1,0,0,0
TX103505,CUST002664,1445.66,Electronics,UPI,25.2,5.5,18,774,7,1,0.143,0,0,0,,,0,0,low,no_return,33.7,0,1,0,1
TX103506,CUST002511,3903.96,Beauty,COD,31.9,4.9,33,219,8,1,0.125,0,0,0,,,1,1,low,no_return,8.6,0,2,0,0
TX103507,CUST002435,1631.51,Electronics,Debit Card,38.1,0.5,25,497,9,0,0.0,0,4,0,,,2,0,high,no_return,35.5,0,2,0,0
TX103508,CUST000175,1654.27,Beauty,UPI,19.2,16.3,26,1298,7,1,0.143,1,0,0,,,0,0,low,no_return,21.1,0,4,0,0
TX103509,CUST001049,1675.48,Grocery,Credit Card,11.5,12.7,34,330,5,0,0.0,0,1,0,,,1,0,low,no_return,52.9,2,0,0,0
TX103510,CUST002914,1804.63,Home,UPI,0.0,48.6,27,24,4,1,0.25,0,0,0,4.3,3.2,3,0,low,not_as_described_repeated,34.8,0,1,0,0
TX103511,CUST001736,696.01,Home,Debit Card,3.7,14.3,35,229,8,1,0.125,0,1,0,3.5,0.5,2,0,low,not_needed,24.7,2,4,0,0
TX103512,CUST000386,897.5,Electronics,Debit Card,17.5,30.7,57,548,7,1,0.143,0,1,0,,,0,0,medium,no_return,9.7,2,2,0,0
TX103513,CUST000423,3298.25,Fashion,COD,0.8,12.9,38,2031,8,1,0.125,0,0,0,,,3,0,low,no_return,33.5,0,0,0,0
TX103514,CUST000790,3009.16,Home,Credit Card,0.0,4.1,45,507,7,1,0.143,0,0,0,,,1,0,low,no_return,7.0,0,2,0,0
TX103515,CUST002917,2886.77,Footwear,COD,15.8,29.8,37,320,12,1,0.083,0,0,0,4.1,4.0,2,0,medium,defective,26.8,0,0,0,0
TX103516,CUST000509,2408.69,Footwear,UPI,24.3,42.7,32,1608,8,0,0.0,0,1,0,,,2,0,low,no_return,52.2,1,1,0,0
TX103517,CUST002708,1260.3,Mobile,Net Banking,12.0,8.0,37,154,6,1,0.167,1,2,0,3.9,3.3,3,0,medium,size_issue,32.7,0,1,0,0
TX103518,CUST002034,1170.86,Electronics,UPI,25.8,16.9,36,135,13,0,0.0,0,1,0,,,0,0,low,no_return,13.8,0,2,0,0
TX103519,CUST002765,1753.5,Fashion,COD,22.4,23.9,40,174,8,0,0.0,0,0,0,,,1,0,low,no_return,10.8,0,3,0,0
TX103520,CUST002478,3627.25,Beauty,Credit Card,28.8,6.8,32,142,10,1,0.1,1,1,0,7.3,6.2,1,1,low,changed_mind,47.7,2,2,0,0
TX103521,CUST000997,2056.21,Grocery,UPI,41.1,6.0,18,237,4,1,0.25,0,0,0,17.8,16.7,1,0,low,changed_mind_repeated,29.9,1,0,0,0
TX103522,CUST002483,865.21,Grocery,Credit Card,46.4,5.2,18,303,14,1,0.071,0,0,0,,,0,0,low,no_return,17.9,0,5,0,0
TX103523,CUST000508,592.06,Toys,Net Banking,23.8,24.1,36,61,4,0,0.0,0,1,0,,,4,0,low,no_return,27.3,0,4,0,0
TX103524,CUST000873,3069.71,Beauty,COD,9.5,46.9,20,705,7,0,0.0,0,0,0,,,0,0,low,no_return,52.2,0,0,0,0
TX103525,CUST000636,4357.28,Sports,COD,15.7,6.3,38,491,8,1,0.125,0,2,0,5.9,4.3,1,1,low,size_issue,14.7,2,1,0,0
TX103526,CUST000400,490.99,Mobile,Credit Card,33.9,35.7,45,512,6,0,0.0,0,0,0,,,4,0,low,no_return,27.0,1,2,0,0
TX103527,CUST000270,3135.35,Fashion,Debit Card,4.3,0.5,29,673,7,1,0.143,0,0,0,,,0,0,low,no_return,30.0,1,1,0,0
TX103528,CUST000563,2372.0,Toys,UPI,32.4,19.3,44,696,9,0,0.0,0,0,0,,,1,0,medium,no_return,15.5,0,5,0,0
TX103529,CUST000361,1014.81,Books,Debit Card,13.0,41.7,34,283,3,0,0.0,0,0,0,,,0,0,low,no_return,6.2,0,3,0,0
TX103530,CUST001141,2074.26,Electronics,UPI,17.7,8.2,32,714,11,1,0.091,1,0,0,,,0,0,low,no_return,3.2,0,0,0,0
TX103531,CUST000214,765.46,Footwear,COD,5.3,9.8,32,114,9,0,0.0,0,0,0,1.0,0.0,2,0,high,not_needed,33.0,1,0,0,0
TX103532,CUST000184,1547.22,Footwear,COD,0.0,15.9,23,2130,8,0,0.0,0,0,0,,,2,0,low,no_return,25.6,0,2,0,0
TX103533,CUST002969,1819.33,Toys,Credit Card,11.7,6.6,22,708,6,1,0.167,0,0,0,,,2,0,medium,no_return,7.2,1,2,0,0
TX103534,CUST000263,3880.44,Electronics,Debit Card,30.6,14.1,18,56,5,0,0.0,0,0,0,,,2,1,low,no_return,20.1,1,1,1,0
TX103535,CUST000223,1495.82,Electronics,Credit Card,6.6,9.3,24,85,7,1,0.143,1,0,0,15.0,14.4,1,0,low,not_as_described,11.4,0,2,0,0
TX103536,CUST000091,1096.41,Grocery,UPI,34.4,0.5,53,425,11,1,0.091,0,2,0,,,0,0,medium,no_return,26.0,0,2,0,1
TX103537,CUST000398,2255.86,Electronics,UPI,8.1,4.4,18,111,9,1,0.111,1,2,0,,,2,0,low,no_return,3.4,0,0,0,0
TX103538,CUST001584,2602.66,Electronics,UPI,2.2,3.1,20,372,9,0,0.0,0,2,0,,,3,0,low,no_return,31.3,0,1,0,0
TX103539,CUST002481,1067.99,Home,UPI,18.0,21.6,23,342,5,0,0.0,0,0,0,,,0,0,low,no_return,8.4,2,2,0,0
TX103540,CUST002204,841.01,Electronics,Debit Card,23.1,10.4,24,147,11,3,0.273,1,1,0,,,2,0,low,no_return,35.0,1,3,0,0
TX103541,CUST001741,894.16,Books,COD,17.3,0.6,34,7,6,0,0.0,0,0,0,,,1,0,low,no_return,19.8,1,2,0,0
TX103542,CUST000255,3889.01,Sports,Credit Card,16.8,7.3,25,30,8,4,0.5,2,4,1,1.3,1.2,2,1,low,size_issue,6.8,1,1,0,1
TX103543,CUST002323,2529.54,Electronics,Wallet,34.2,0.5,30,172,10,0,0.0,0,0,0,,,1,0,low,no_return,35.4,0,2,0,0
TX103544,CUST000112,1428.79,Sports,Net Banking,16.1,2.6,23,78,9,3,0.333,0,0,0,,,2,0,medium,no_return,55.5,0,0,0,0
TX103545,CUST001893,3486.28,Electronics,UPI,9.4,11.6,27,294,9,0,0.0,0,0,0,,,2,1,low,no_return,33.1,2,1,0,0
TX103546,CUST001228,1062.13,Electronics,Credit Card,1.4,10.7,31,659,8,0,0.0,0,0,0,17.1,15.7,1,0,medium,not_needed,6.8,0,2,0,0
TX103547,CUST002646,1707.23,Beauty,Net Banking,30.3,12.0,30,79,7,0,0.0,0,0,0,0.1,0.1,0,0,medium,changed_mind_repeated,4.0,1,0,0,0
TX103548,CUST000923,756.17,Beauty,UPI,9.9,13.2,51,349,9,0,0.0,0,0,0,1.1,0.0,1,0,low,not_as_described,24.6,1,1,0,0
TX103549,CUST001915,3391.01,Fashion,Credit Card,11.1,25.7,31,134,13,1,0.077,0,1,0,2.8,1.5,0,0,low,size_issue,55.3,0,3,0,0
TX103550,CUST001320,1001.95,Grocery,Net Banking,27.6,17.2,29,211,10,0,0.0,0,0,0,0.4,0.0,0,0,medium,changed_mind,10.2,0,0,0,0
TX103551,CUST001566,1018.18,Home,COD,39.6,1.8,18,157,14,2,0.143,0,0,0,,,2,0,low,no_return,41.4,2,0,0,0
TX103552,CUST002816,2288.91,Sports,COD,18.0,19.6,34,816,14,1,0.071,0,1,0,,,0,0,low,no_return,46.7,1,4,0,0
TX103553,CUST002138,314.2,Home,Net Banking,13.4,3.3,18,250,7,0,0.0,0,0,0,,,0,0,low,no_return,25.2,3,1,0,0
TX103554,CUST001244,639.52,Books,UPI,14.9,6.9,37,93,9,1,0.111,0,0,0,12.1,7.2,2,0,medium,defective,26.0,0,2,0,0
TX103555,CUST001342,2827.72,Sports,Debit Card,9.5,4.1,33,1184,9,2,0.222,0,0,0,3.5,2.0,0,0,low,not_needed,15.6,1,3,0,0
TX103556,CUST002114,884.51,Fashion,COD,10.7,19.6,39,9,8,1,0.125,0,1,0,,,2,0,low,no_return,14.7,1,0,0,0
TX103557,CUST001038,6716.48,Grocery,UPI,10.8,11.4,25,144,8,1,0.125,0,0,0,,,1,1,low,no_return,38.8,1,2,0,0
TX103558,CUST000504,2003.13,Toys,UPI,25.9,4.5,32,714,7,0,0.0,0,2,0,,,0,0,medium,no_return,31.5,1,0,0,1
TX103559,CUST001403,465.68,Electronics,UPI,13.9,0.5,38,517,6,0,0.0,0,2,0,,,0,0,low,no_return,27.3,1,1,0,0
TX103560,CUST000205,4494.93,Sports,COD,31.3,12.8,22,817,7,2,0.286,1,2,0,,,1,1,high,no_return,7.5,1,1,0,0
TX103561,CUST000509,2001.68,Toys,Debit Card,13.6,2.2,38,528,7,0,0.0,0,0,0,,,0,0,low,no_return,16.9,0,4,0,0
TX103562,CUST001262,1574.51,Electronics,Net Banking,10.6,15.2,37,230,7,0,0.0,0,0,0,,,4,0,medium,no_return,39.4,0,0,0,0
TX103563,CUST002389,1996.83,Footwear,Credit Card,30.3,31.6,30,1075,3,0,0.0,0,0,0,,,2,0,high,no_return,9.1,0,2,0,0
TX103564,CUST002344,462.89,Home,Debit Card,15.3,20.8,47,132,7,1,0.143,1,2,0,,,3,0,low,no_return,7.0,3,2,0,0
TX103565,CUST000782,1745.29,Books,UPI,13.5,9.2,37,448,7,0,0.0,0,1,0,,,1,0,medium,no_return,29.5,1,3,0,0
TX103566,CUST001266,930.51,Footwear,Net Banking,15.4,2.6,18,826,6,1,0.167,0,0,0,,,0,0,high,no_return,12.2,1,2,0,0
TX103567,CUST000461,1673.15,Mobile,Debit Card,32.6,5.1,41,115,7,0,0.0,0,0,0,,,3,0,low,no_return,19.4,1,1,0,0
TX103568,CUST002265,1284.09,Sports,COD,18.7,23.4,25,156,8,1,0.125,1,0,0,,,3,0,low,no_return,22.7,2,5,0,1
TX103569,CUST000739,1928.77,Grocery,UPI,30.0,8.4,39,451,6,0,0.0,0,0,0,,,1,0,medium,no_return,33.3,0,4,0,0
TX103570,CUST002398,1427.95,Fashion,UPI,12.2,2.6,34,75,8,0,0.0,0,0,0,,,1,0,high,no_return,22.6,0,1,0,0
TX103571,CUST002526,1227.09,Fashion,UPI,28.1,3.1,18,254,4,0,0.0,0,0,1,,,0,0,medium,no_return,24.8,0,0,0,0
TX103572,CUST002067,857.64,Footwear,COD,17.9,8.5,38,13,13,0,0.0,0,0,0,,,2,0,low,no_return,10.3,1,0,0,0
TX103573,CUST000991,478.6,Home,UPI,25.6,13.3,29,488,8,0,0.0,0,0,0,0.5,0.0,2,0,medium,changed_mind,19.0,0,1,0,0
TX103574,CUST002858,407.48,Toys,COD,26.6,1.4,27,514,9,1,0.111,0,0,0,,,4,0,low,no_return,17.1,2,2,0,0
TX103575,CUST002058,656.03,Electronics,UPI,3.7,13.1,27,1125,8,2,0.25,0,0,0,2.6,1.8,1,0,medium,changed_mind_repeated,10.7,2,2,0,0
TX103576,CUST001937,2688.39,Fashion,Debit Card,15.9,13.6,39,9,4,0,0.0,0,1,0,,,0,0,low,no_return,11.2,0,1,0,0
TX103577,CUST002569,822.52,Fashion,UPI,26.5,4.5,22,1012,5,1,0.2,0,0,0,15.9,10.1,2,0,medium,changed_mind,15.3,1,1,0,0
TX103578,CUST002644,1087.94,Beauty,UPI,28.4,11.7,43,384,12,2,0.167,1,1,0,,,0,0,low,no_return,28.7,0,1,0,1
TX103579,CUST000234,1095.28,Electronics,Debit Card,30.0,5.0,18,88,7,0,0.0,0,0,0,1.3,0.1,1,0,low,changed_mind_repeated,11.3,0,2,0,0
TX103580,CUST002644,1298.49,Home,Credit Card,16.3,3.2,34,607,9,2,0.222,0,0,1,,,1,0,low,no_return,10.4,1,3,0,0
TX103581,CUST002295,2395.17,Mobile,Credit Card,33.5,8.2,39,1230,9,1,0.111,0,0,0,2.1,1.1,4,0,low,size_issue,10.4,0,2,0,0
TX103582,CUST000620,1418.23,Toys,Debit Card,7.1,0.8,39,329,4,0,0.0,0,0,1,,,0,0,low,no_return,35.4,0,2,0,0
TX103583,CUST000923,3018.32,Books,Credit Card,0.0,3.4,33,169,8,0,0.0,0,0,0,,,2,0,low,no_return,28.9,0,1,0,0
TX103584,CUST002258,661.74,Electronics,Debit Card,11.7,28.3,29,511,9,0,0.0,0,0,0,,,1,0,low,no_return,25.4,2,1,0,0
TX103585,CUST000650,2817.47,Home,Debit Card,29.4,29.1,26,418,9,0,0.0,0,0,0,,,3,0,low,no_return,31.9,0,4,0,0
TX103586,CUST001357,4163.52,Grocery,UPI,2.0,0.5,19,136,5,2,0.4,0,2,1,,,3,1,low,no_return,23.7,0,1,0,0
TX103587,CUST002067,1730.12,Electronics,Credit Card,0.0,0.8,25,39,5,0,0.0,0,0,0,,,1,0,low,no_return,13.7,1,2,0,0
TX103588,CUST001951,779.07,Home,UPI,0.0,0.5,22,479,6,0,0.0,0,3,0,,,4,0,low,no_return,9.4,0,2,0,0
TX103589,CUST002729,2426.13,Footwear,UPI,23.8,0.5,20,431,9,1,0.111,0,0,0,0.4,0.0,1,0,low,size_issue,69.8,0,3,0,1
TX103590,CUST000335,1750.97,Electronics,UPI,0.0,19.6,50,435,4,0,0.0,0,1,0,,,2,0,low,no_return,22.8,1,0,1,0
TX103591,CUST000885,2153.94,Footwear,Debit Card,21.6,9.2,18,595,11,0,0.0,0,0,0,,,1,0,low,no_return,5.1,1,3,0,0
TX103592,CUST002954,3074.91,Fashion,UPI,11.1,6.6,43,611,3,2,0.667,2,3,0,,,1,0,low,no_return,50.1,0,1,0,0
TX103593,CUST001706,1342.99,Fashion,Net Banking,5.8,16.9,19,180,5,1,0.2,0,0,0,,,3,0,low,no_return,5.2,2,5,0,0
TX103594,CUST000746,1198.35,Fashion,COD,3.0,16.1,21,300,3,2,0.667,0,3,0,,,1,0,low,no_return,32.0,1,1,0,0
TX103595,CUST000870,7543.71,Mobile,UPI,17.5,10.8,21,154,7,1,0.143,0,0,0,,,2,1,low,no_return,24.2,0,2,0,0
TX103596,CUST001018,2446.68,Sports,Debit Card,6.0,32.5,20,253,10,0,0.0,0,0,0,,,1,0,low,no_return,27.6,1,0,0,0
TX103597,CUST001663,3422.38,Books,UPI,14.9,7.5,41,235,7,0,0.0,0,0,0,,,1,0,low,no_return,24.2,0,1,0,0
TX103598,CUST000854,2961.24,Home,UPI,19.8,10.4,37,15,7,1,0.143,0,0,0,,,3,0,medium,no_return,12.1,1,2,0,0
TX103599,CUST001865,3449.53,Footwear,Wallet,22.4,13.3,29,1841,13,5,0.385,0,0,0,,,0,1,low,no_return,54.6,0,2,1,0
TX103600,CUST001336,2202.71,Sports,Credit Card,26.2,8.9,59,623,11,2,0.182,0,0,0,,,2,0,low,no_return,22.0,0,3,1,0
TX103601,CUST001831,3187.54,Sports,UPI,17.0,12.0,31,225,13,1,0.077,0,0,0,,,0,0,low,no_return,4.3,0,1,0,0
TX103602,CUST000466,1092.78,Books,Net Banking,2.4,3.8,32,123,8,4,0.5,0,1,0,6.8,5.9,1,0,low,defective,27.8,1,5,0,0
TX103603,CUST001871,469.64,Toys,Net Banking,20.6,14.9,25,350,7,0,0.0,0,0,0,,,0,0,low,no_return,17.5,1,0,0,0
TX103604,CUST002774,902.35,Grocery,Debit Card,22.9,0.5,23,411,6,1,0.167,0,0,0,,,2,0,low,no_return,11.1,0,2,0,0
TX103605,CUST000406,1581.15,Electronics,COD,12.8,9.7,26,480,9,1,0.111,0,0,0,,,5,0,low,no_return,18.5,0,1,0,0
TX103606,CUST000983,1441.87,Footwear,COD,11.5,1.2,40,696,12,1,0.083,0,0,0,15.7,15.0,1,0,medium,defective,6.8,0,1,0,0
TX103607,CUST002080,1757.74,Fashion,COD,44.7,0.5,37,71,16,0,0.0,0,2,0,,,0,0,low,no_return,1.5,3,3,0,0
TX103608,CUST001852,1047.33,Mobile,Credit Card,0.0,1.3,44,90,3,0,0.0,0,2,0,,,0,0,low,no_return,32.9,0,3,0,0
TX103609,CUST002024,343.54,Home,COD,20.9,6.0,24,186,3,0,0.0,0,0,0,,,2,0,low,no_return,7.4,0,1,0,0
TX103610,CUST001679,1316.87,Electronics,Debit Card,27.6,40.8,37,2,7,0,0.0,0,1,0,5.5,4.0,2,0,low,not_as_described,10.8,0,0,0,0
TX103611,CUST002048,601.2,Fashion,UPI,10.9,25.9,35,68,7,0,0.0,0,0,0,,,2,0,low,no_return,53.5,1,0,0,0
TX103612,CUST001828,1707.25,Sports,UPI,13.0,3.9,36,9,12,1,0.083,0,1,0,15.4,14.4,3,0,low,changed_mind,45.1,0,6,0,0
TX103613,CUST000223,2272.46,Home,Credit Card,10.2,76.9,23,319,2,0,0.0,0,0,0,,,2,0,low,no_return,18.4,0,3,0,0
TX103614,CUST002254,1299.05,Toys,UPI,15.0,3.1,21,476,13,1,0.077,0,1,0,,,2,0,low,no_return,37.9,1,2,0,0
TX103615,CUST001341,743.8,Grocery,UPI,25.8,5.3,37,42,10,0,0.0,0,0,1,,,0,0,medium,no_return,20.7,1,0,1,0
TX103616,CUST000155,1818.81,Fashion,Credit Card,12.6,8.1,40,346,12,1,0.083,0,0,0,,,2,0,medium,no_return,44.5,2,0,0,0
TX103617,CUST001227,7802.86,Beauty,Net Banking,52.3,2.0,25,142,7,0,0.0,0,0,0,,,0,1,low,no_return,43.1,0,2,0,0
TX103618,CUST001306,2445.95,Toys,UPI,9.6,4.5,38,175,6,1,0.167,0,1,0,,,1,0,low,no_return,24.9,0,2,0,0
TX103619,CUST000261,2566.08,Footwear,UPI,31.5,11.6,43,107,5,1,0.2,1,0,0,14.6,14.0,0,0,low,changed_mind_repeated,19.3,1,2,0,0
TX103620,CUST002988,1205.77,Home,COD,21.5,2.2,28,284,7,5,0.714,0,2,0,,,0,0,medium,no_return,47.1,0,0,0,1
TX103621,CUST000667,952.08,Footwear,Credit Card,16.3,2.8,18,15,8,3,0.375,0,0,0,,,1,0,low,no_return,28.1,1,2,0,0
TX103622,CUST000992,3454.55,Electronics,COD,32.6,17.7,18,762,11,0,0.0,0,0,0,5.0,4.2,0,1,low,not_needed,7.9,1,1,0,0
TX103623,CUST001323,266.75,Grocery,Debit Card,0.0,12.8,25,1205,9,0,0.0,0,1,0,0.0,0.0,1,0,low,not_as_described,48.7,1,1,0,0
TX103624,CUST002497,1024.13,Toys,Debit Card,20.1,5.4,27,69,9,1,0.111,0,0,0,,,1,0,low,no_return,28.0,2,1,0,0
TX103625,CUST002228,4763.28,Home,UPI,6.4,4.3,31,346,13,1,0.077,0,0,0,,,0,1,high,no_return,16.7,0,5,0,0
TX103626,CUST002313,1637.05,Electronics,Credit Card,9.8,12.8,31,57,8,2,0.25,2,1,0,,,0,0,high,no_return,30.4,0,0,0,0
TX103627,CUST000711,514.95,Grocery,Debit Card,9.2,23.4,29,142,1,0,0.0,0,0,0,3.2,2.9,0,0,low,changed_mind,22.5,0,2,0,0
TX103628,CUST002536,2316.78,Home,UPI,3.4,17.7,38,365,10,0,0.0,0,0,0,6.1,5.1,3,0,low,changed_mind_repeated,8.5,0,4,0,0
TX103629,CUST002489,1304.99,Electronics,UPI,0.0,13.8,24,774,9,2,0.222,0,0,0,,,2,0,low,no_return,23.3,0,3,0,0
TX103630,CUST001392,432.21,Electronics,Credit Card,19.7,9.5,44,95,6,3,0.5,2,2,0,,,2,0,low,no_return,24.0,0,0,0,1
TX103631,CUST001637,2036.39,Books,Debit Card,14.2,10.1,41,141,6,0,0.0,0,0,0,,,0,0,low,no_return,9.6,0,1,0,0
TX103632,CUST000112,1839.21,Fashion,Credit Card,11.4,8.9,40,82,17,0,0.0,0,0,0,,,3,0,medium,no_return,60.7,0,4,0,0
TX103633,CUST002281,1768.4,Beauty,COD,24.1,24.9,25,769,12,6,0.5,1,1,0,,,1,0,low,no_return,19.1,0,1,0,0
TX103634,CUST002882,2423.23,Mobile,COD,20.4,7.6,30,450,8,0,0.0,0,0,0,,,1,0,high,no_return,22.0,1,4,0,0
TX103635,CUST001418,708.17,Books,UPI,11.8,5.6,39,25,5,0,0.0,0,0,0,,,1,0,low,no_return,11.9,1,2,0,0
TX103636,CUST001621,2174.46,Sports,Net Banking,51.6,24.1,30,771,10,1,0.1,0,0,0,,,1,0,low,no_return,47.0,1,1,0,0
TX103637,CUST001498,1929.47,Beauty,COD,27.2,30.0,25,1196,6,1,0.167,0,1,0,,,3,0,low,no_return,20.1,1,1,0,0
TX103638,CUST000248,3408.47,Fashion,UPI,44.3,1.8,24,39,5,0,0.0,0,0,0,4.0,3.4,1,0,medium,defective,20.7,0,1,0,0
TX103639,CUST001859,1014.31,Home,Credit Card,10.0,42.1,25,202,4,1,0.25,0,0,0,,,1,0,low,no_return,15.1,3,0,0,0
TX103640,CUST002164,3794.27,Electronics,Credit Card,18.0,29.8,20,148,6,0,0.0,0,0,0,7.0,5.5,1,1,high,not_needed,14.0,3,0,0,0
TX103641,CUST002783,2928.25,Electronics,Net Banking,0.1,12.7,60,132,11,1,0.091,0,0,0,,,0,0,high,no_return,28.1,1,1,0,0
TX103642,CUST002789,1593.26,Electronics,Credit Card,11.0,6.4,18,345,4,1,0.25,0,0,0,,,1,0,medium,no_return,12.0,0,5,0,1
TX103643,CUST001475,1767.66,Sports,Credit Card,8.0,5.6,22,1017,0,0,0.0,0,0,0,,,1,0,low,no_return,21.7,2,1,0,0
TX103644,CUST002876,281.12,Fashion,Net Banking,50.9,19.1,37,798,6,0,0.0,0,1,0,,,0,0,low,no_return,9.1,0,1,0,0
TX103645,CUST001586,1734.13,Electronics,Debit Card,6.7,13.6,25,129,9,0,0.0,0,0,0,0.7,0.6,2,0,medium,not_as_described_repeated,37.7,0,2,0,0
TX103646,CUST001926,2798.81,Footwear,UPI,12.2,5.3,28,825,7,1,0.143,1,0,0,,,1,0,medium,no_return,10.7,1,2,0,1
TX103647,CUST001806,1428.11,Electronics,Debit Card,0.0,3.5,35,52,6,2,0.333,2,1,0,0.5,0.2,0,0,low,size_issue,4.6,0,2,0,0
TX103648,CUST002996,3403.05,Grocery,COD,21.4,18.8,42,1223,4,0,0.0,0,0,0,,,3,0,low,no_return,17.6,0,0,1,0
TX103649,CUST002212,2343.06,Home,Credit Card,4.2,3.9,29,307,5,1,0.2,1,3,0,9.5,8.9,2,0,low,changed_mind_repeated,15.4,0,1,0,0
TX103650,CUST000360,5682.75,Sports,Debit Card,26.0,13.3,41,894,11,1,0.091,1,0,0,,,3,1,medium,no_return,23.6,2,0,1,0
TX103651,CUST000216,1066.6,Electronics,Debit Card,0.0,8.9,18,464,4,1,0.25,0,2,0,,,2,0,low,no_return,12.6,1,4,0,0
TX103652,CUST001230,2627.84,Electronics,Credit Card,13.5,22.8,25,374,4,0,0.0,0,0,0,,,0,0,low,no_return,32.7,0,3,0,0
TX103653,CUST001547,614.3,Toys,Wallet,0.0,23.0,36,1181,10,1,0.1,0,0,0,0.6,0.0,2,0,low,changed_mind,46.8,0,3,0,0
TX103654,CUST002006,1520.43,Beauty,Credit Card,9.1,3.8,51,247,13,1,0.077,0,0,0,29.3,28.3,0,0,medium,not_needed,25.1,0,0,0,0
TX103655,CUST001445,2433.82,Electronics,Debit Card,11.6,15.9,22,719,12,2,0.167,1,1,0,,,0,0,low,no_return,11.9,1,3,0,0
TX103656,CUST001544,2734.5,Home,COD,7.8,3.7,20,158,7,0,0.0,0,1,0,,,4,0,low,no_return,27.5,1,0,0,0
TX103657,CUST002765,1351.95,Beauty,UPI,9.0,1.5,35,465,5,3,0.6,0,0,0,23.8,23.4,5,0,low,size_issue,21.0,0,1,0,0
TX103658,CUST001005,3639.71,Electronics,UPI,26.7,18.2,32,367,7,0,0.0,0,0,0,,,3,1,low,no_return,39.8,0,0,0,0
TX103659,CUST001481,4145.75,Sports,Wallet,41.1,11.0,24,24,8,0,0.0,0,2,0,,,2,1,low,no_return,34.5,2,3,0,1
TX103660,CUST001672,1075.52,Beauty,COD,19.1,1.0,19,240,11,0,0.0,0,1,0,,,1,0,low,no_return,14.3,0,1,0,0
TX103661,CUST001405,1553.54,Sports,Credit Card,4.7,2.4,26,206,4,0,0.0,0,0,0,1.7,1.1,0,0,low,not_as_described_repeated,31.8,0,0,0,0
TX103662,CUST002904,1443.61,Toys,UPI,15.8,1.7,37,175,8,0,0.0,0,0,0,1.7,1.6,2,0,medium,not_needed,58.7,1,4,0,0
TX103663,CUST002886,1205.09,Home,UPI,10.7,4.2,28,572,17,1,0.059,0,0,0,,,3,0,high,no_return,22.2,1,1,0,0
TX103664,CUST001539,3983.14,Footwear,UPI,25.7,13.2,43,216,17,1,0.059,1,1,0,,,3,1,low,no_return,52.0,0,1,0,0
TX103665,CUST001352,3954.24,Beauty,Credit Card,18.5,14.2,30,22,13,2,0.154,0,0,0,0.8,0.0,4,1,low,changed_mind,5.9,1,1,1,0
TX103666,CUST001767,1477.73,Home,Debit Card,0.0,9.2,38,414,7,0,0.0,0,0,0,,,1,0,low,no_return,17.7,1,1,0,0
TX103667,CUST000543,2619.52,Grocery,UPI,28.2,9.2,34,803,4,1,0.25,0,0,0,2.9,1.7,1,0,low,changed_mind_repeated,50.4,2,2,0,0
TX103668,CUST001278,3377.93,Grocery,Debit Card,26.6,29.4,27,87,10,0,0.0,0,1,0,,,1,0,medium,no_return,13.3,1,4,0,0
TX103669,CUST000651,2054.78,Electronics,Wallet,32.9,20.0,40,259,7,0,0.0,0,0,0,0.9,0.0,0,0,low,changed_mind,43.4,1,1,0,0
TX103670,CUST000433,1400.71,Mobile,Wallet,8.8,16.4,19,277,13,1,0.077,0,0,0,,,2,0,medium,no_return,12.5,1,4,0,0
TX103671,CUST000286,1020.82,Mobile,COD,18.6,52.6,26,95,4,1,0.25,1,1,0,3.0,1.8,2,0,low,not_as_described,13.1,1,2,0,0
TX103672,CUST001761,2782.91,Fashion,Credit Card,0.8,24.1,27,649,6,2,0.333,0,1,0,8.6,7.1,0,0,medium,changed_mind_repeated,30.5,3,2,0,0
TX103673,CUST000002,653.38,Sports,Debit Card,14.4,8.1,35,113,10,1,0.1,0,0,0,,,0,0,low,no_return,20.2,0,1,0,0
TX103674,CUST001938,1427.26,Toys,Credit Card,19.8,7.3,38,459,8,2,0.25,0,1,0,,,3,0,low,no_return,9.6,0,2,0,0
TX103675,CUST001296,1260.69,Footwear,UPI,7.4,17.6,23,103,6,3,0.5,0,0,0,22.5,16.7,4,0,medium,size_issue,39.3,0,0,0,0
TX103676,CUST001100,623.2,Sports,Net Banking,19.1,41.8,22,409,4,0,0.0,0,0,0,,,1,0,low,no_return,24.5,0,2,1,0
TX103677,CUST002307,1639.25,Electronics,Debit Card,17.0,2.7,32,583,12,3,0.25,0,0,0,,,1,0,low,no_return,28.8,0,1,0,0
TX103678,CUST001616,1530.67,Grocery,Debit Card,9.6,7.9,18,635,7,1,0.143,0,0,0,4.4,3.2,1,0,low,not_as_described,20.0,1,1,0,0
TX103679,CUST002200,872.54,Electronics,UPI,31.8,0.5,42,253,8,0,0.0,0,0,0,15.4,14.5,1,0,low,not_as_described_repeated,55.0,1,0,0,0
TX103680,CUST002128,3888.16,Grocery,UPI,12.2,9.6,29,78,5,0,0.0,0,0,0,2.3,0.2,0,1,low,not_as_described_repeated,9.2,0,1,0,0
TX103681,CUST000097,2795.45,Sports,Net Banking,16.6,5.2,20,268,8,0,0.0,0,0,0,0.1,0.0,1,0,low,not_as_described,9.5,0,1,0,0
TX103682,CUST000647,1786.92,Grocery,UPI,0.0,2.7,20,1074,9,1,0.111,0,0,0,,,4,0,low,no_return,35.2,0,1,0,0
TX103683,CUST001710,3073.99,Fashion,UPI,21.2,1.0,35,687,7,1,0.143,0,1,1,,,1,0,low,no_return,43.5,2,1,0,0
TX103684,CUST002926,3546.89,Beauty,Debit Card,9.3,21.0,34,244,8,0,0.0,0,0,0,,,2,1,low,no_return,30.1,0,2,0,0
TX103685,CUST000463,3999.61,Grocery,COD,26.5,9.2,24,341,9,1,0.111,0,0,0,4.8,4.5,2,1,low,not_as_described_repeated,25.4,1,2,0,0
TX103686,CUST000317,1062.11,Fashion,UPI,0.0,19.4,30,232,11,0,0.0,0,0,0,,,0,0,low,no_return,57.4,2,2,0,0
TX103687,CUST002823,3073.22,Fashion,UPI,20.2,2.7,20,9,6,1,0.167,0,1,0,,,2,0,low,no_return,57.2,2,2,0,1
TX103688,CUST002900,1535.13,Fashion,COD,0.0,2.7,29,1476,8,1,0.125,1,1,0,,,2,0,low,no_return,56.1,1,1,1,0
TX103689,CUST000502,2007.91,Footwear,Net Banking,22.4,0.5,46,391,12,1,0.083,1,0,0,2.5,1.1,0,0,low,not_as_described_repeated,31.1,0,0,0,1
TX103690,CUST001205,1101.11,Beauty,Credit Card,12.9,4.3,53,343,6,0,0.0,0,0,0,3.0,0.6,2,0,medium,not_needed,38.9,2,2,0,0
TX103691,CUST001880,1730.56,Grocery,COD,19.8,26.7,29,306,8,0,0.0,0,0,0,,,0,0,low,no_return,33.3,0,1,0,0
TX103692,CUST000586,3101.84,Beauty,Credit Card,7.8,2.8,36,369,12,0,0.0,0,0,0,,,0,0,medium,no_return,20.4,0,0,0,0
TX103693,CUST000979,4646.64,Toys,COD,3.6,3.7,35,512,10,0,0.0,0,1,0,,,1,1,high,no_return,23.5,1,3,0,0
TX103694,CUST001186,1617.45,Beauty,Debit Card,9.8,0.8,18,157,6,1,0.167,0,0,0,,,1,0,low,no_return,20.8,2,4,0,0
TX103695,CUST001925,893.38,Electronics,COD,17.3,34.6,20,124,4,0,0.0,0,0,0,,,0,0,low,no_return,26.1,0,2,0,0
TX103696,CUST000924,5083.04,Fashion,COD,21.9,2.6,18,418,8,1,0.125,0,0,0,1.5,0.0,1,1,low,changed_mind_repeated,23.8,1,1,0,0
TX103697,CUST001237,1032.42,Electronics,UPI,18.6,6.4,36,608,5,0,0.0,0,0,0,8.6,5.8,2,0,low,not_as_described,27.4,1,0,0,0
TX103698,CUST000869,477.84,Toys,UPI,3.8,11.6,51,22,6,1,0.167,0,1,0,,,1,0,low,no_return,40.9,1,1,0,0
TX103699,CUST002279,1165.06,Grocery,COD,37.1,2.1,42,213,7,0,0.0,0,0,0,,,0,0,low,no_return,24.3,0,1,0,0
TX103700,CUST000459,298.69,Books,UPI,19.0,40.4,32,264,10,0,0.0,0,0,0,,,1,0,low,no_return,4.9,1,0,0,0
TX103701,CUST000692,3437.08,Books,Debit Card,7.5,1.8,31,1163,12,2,0.167,0,0,0,,,1,1,low,no_return,34.1,0,2,0,0
TX103702,CUST000750,983.31,Toys,Credit Card,20.1,1.2,28,464,10,1,0.1,0,3,0,,,2,0,low,no_return,52.5,2,2,0,0
TX103703,CUST002717,732.2,Mobile,UPI,18.1,3.7,42,246,6,0,0.0,0,0,0,,,1,0,low,no_return,27.3,0,1,0,0
TX103704,CUST002833,1884.09,Grocery,Debit Card,12.9,2.2,34,940,7,0,0.0,0,0,0,,,2,0,low,no_return,61.4,0,3,0,0
TX103705,CUST001501,4648.05,Fashion,Credit Card,11.5,1.2,32,1233,7,2,0.286,0,1,0,6.0,5.2,2,1,low,not_as_described,17.3,0,5,0,0
TX103706,CUST000470,2371.86,Electronics,Net Banking,26.8,5.6,20,92,10,0,0.0,0,0,0,,,2,0,low,no_return,27.3,1,1,0,0
TX103707,CUST002268,645.46,Sports,UPI,35.7,10.9,38,185,4,0,0.0,0,0,0,2.1,0.3,1,0,low,not_as_described_repeated,25.2,0,1,0,0
TX103708,CUST001476,6209.24,Toys,UPI,0.0,2.9,30,162,8,0,0.0,0,0,0,5.9,3.3,0,1,low,changed_mind,49.9,0,2,0,0
TX103709,CUST002549,2190.69,Sports,UPI,29.8,6.0,35,29,9,1,0.111,1,3,0,,,0,0,low,no_return,33.6,0,0,0,0
TX103710,CUST001080,3218.08,Fashion,UPI,15.2,24.1,41,378,3,0,0.0,0,0,0,,,2,0,medium,no_return,28.2,0,0,0,0
TX103711,CUST002996,545.91,Books,Debit Card,17.8,8.6,18,335,9,0,0.0,0,0,0,2.7,0.0,2,0,low,size_issue,11.8,0,1,0,0
TX103712,CUST002421,5561.48,Home,Credit Card,31.2,3.2,29,52,11,1,0.091,0,0,0,,,1,1,low,no_return,16.9,2,1,0,0
TX103713,CUST000672,1333.99,Fashion,UPI,0.0,7.0,27,2620,9,1,0.111,1,1,0,,,1,0,low,no_return,21.7,3,2,0,1
TX103714,CUST002176,512.5,Footwear,Wallet,24.8,1.2,26,580,8,0,0.0,0,0,0,,,1,0,high,no_return,46.3,1,1,0,0
TX103715,CUST000861,2037.19,Sports,UPI,30.4,22.6,20,27,4,0,0.0,0,1,0,,,1,0,low,no_return,44.4,0,3,0,0
TX103716,CUST001050,3217.08,Fashion,Credit Card,6.7,5.4,24,152,5,0,0.0,0,0,0,1.4,0.1,1,0,low,size_issue,60.0,1,2,0,0
TX103717,CUST000752,2610.65,Fashion,Net Banking,0.0,1.7,21,943,8,1,0.125,1,0,0,,,0,0,low,no_return,26.1,4,2,0,0
TX103718,CUST002046,2580.67,Sports,Debit Card,34.7,6.5,40,206,4,0,0.0,0,0,0,2.6,1.2,5,0,low,not_as_described,31.0,0,1,0,0
TX103719,CUST000789,2460.66,Home,Credit Card,0.0,8.1,35,15,11,0,0.0,0,0,0,,,2,0,low,no_return,50.2,1,2,0,0
TX103720,CUST001916,1916.03,Fashion,Wallet,20.0,12.0,35,84,6,1,0.167,0,0,0,,,0,0,low,no_return,15.9,1,1,0,0
TX103721,CUST001747,544.34,Grocery,Credit Card,27.3,4.1,18,658,7,1,0.143,0,0,0,,,4,0,low,no_return,24.6,1,2,0,0
TX103722,CUST002252,1519.32,Grocery,UPI,19.8,4.1,51,154,6,1,0.167,0,1,0,8.6,7.1,3,0,low,changed_mind_repeated,14.5,2,3,0,0
TX103723,CUST002980,1377.72,Electronics,UPI,21.8,8.1,27,358,12,0,0.0,0,1,0,,,0,0,low,no_return,28.2,0,4,0,0
TX103724,CUST000027,4009.82,Beauty,Net Banking,11.8,1.1,49,114,5,1,0.2,0,0,0,,,2,1,low,no_return,5.3,0,3,0,0
TX103725,CUST002970,3440.35,Sports,UPI,20.6,25.1,39,216,8,1,0.125,0,1,0,,,1,1,low,no_return,35.3,0,2,0,0
TX103726,CUST000328,1253.66,Fashion,COD,6.5,4.0,29,432,12,3,0.25,0,1,0,,,0,0,low,no_return,41.5,1,1,0,0
TX103727,CUST001580,2896.02,Fashion,UPI,8.1,1.1,52,586,6,1,0.167,1,0,0,,,1,0,low,no_return,21.3,0,0,0,0
TX103728,CUST001023,1672.5,Fashion,UPI,15.4,22.3,37,648,8,1,0.125,0,0,0,3.4,1.0,3,0,low,defective,26.4,1,0,0,0
TX103729,CUST001917,479.32,Home,Net Banking,0.0,21.0,29,125,7,0,0.0,0,2,0,,,0,0,low,no_return,9.2,0,1,0,0
TX103730,CUST002165,283.21,Toys,Wallet,21.9,72.5,28,503,3,0,0.0,0,0,0,,,3,0,medium,no_return,15.1,1,3,0,0
TX103731,CUST002580,2676.1,Beauty,UPI,0.0,21.4,42,627,11,2,0.182,2,2,0,,,0,0,low,no_return,19.0,1,1,0,1
TX103732,CUST001206,801.6,Mobile,UPI,19.4,2.9,26,124,10,2,0.2,0,1,0,4.5,4.2,2,0,medium,changed_mind,17.3,0,3,1,0
TX103733,CUST002798,798.99,Home,COD,20.5,13.3,28,182,3,0,0.0,0,1,0,8.0,7.7,2,0,low,size_issue,35.1,1,0,0,0
TX103734,CUST000967,1053.21,Grocery,Debit Card,5.5,7.5,26,947,3,1,0.333,0,2,0,,,2,0,low,no_return,30.8,0,1,0,1
TX103735,CUST000612,2714.81,Sports,Credit Card,0.2,32.7,24,84,9,1,0.111,1,0,0,,,1,0,low,no_return,48.0,0,2,0,0
TX103736,CUST001138,3470.36,Books,UPI,10.1,37.2,25,773,7,1,0.143,0,0,0,6.1,4.3,2,1,low,size_issue,29.5,1,4,0,0
TX103737,CUST001586,3423.24,Footwear,Net Banking,22.7,5.2,49,865,4,0,0.0,0,1,0,7.5,5.7,4,0,low,not_as_described_repeated,9.2,0,0,0,0
TX103738,CUST002004,438.37,Beauty,UPI,19.1,4.4,42,752,8,1,0.125,0,1,1,,,1,0,low,no_return,11.5,2,2,0,0
TX103739,CUST002498,1020.82,Beauty,UPI,1.7,16.1,34,940,9,0,0.0,0,1,0,,,3,0,low,no_return,65.5,1,0,0,0
TX103740,CUST000675,904.9,Mobile,Credit Card,16.3,0.5,26,778,9,0,0.0,0,1,0,,,1,0,low,no_return,41.5,1,1,0,0
TX103741,CUST000910,2713.54,Mobile,UPI,18.1,5.7,26,82,13,0,0.0,0,1,0,,,0,0,medium,no_return,29.3,0,3,0,0
TX103742,CUST002816,1032.63,Mobile,Debit Card,17.6,34.3,28,272,3,0,0.0,0,2,1,,,2,0,low,no_return,21.0,0,1,0,0
TX103743,CUST001319,1590.38,Electronics,Credit Card,3.2,6.6,49,449,8,4,0.5,2,1,0,2.3,1.0,1,0,low,size_issue,19.8,0,0,0,0
TX103744,CUST000725,2874.41,Electronics,Debit Card,16.9,4.0,34,415,7,1,0.143,0,0,0,,,0,0,medium,no_return,10.5,1,1,0,0
TX103745,CUST002956,1807.04,Home,Credit Card,26.0,4.7,39,755,10,2,0.2,0,0,0,,,1,0,low,no_return,42.2,0,4,0,0
TX103746,CUST001347,2184.74,Books,UPI,21.4,1.4,33,170,6,0,0.0,0,0,0,,,1,0,low,no_return,16.9,2,3,0,0
TX103747,CUST002955,1550.73,Electronics,Net Banking,19.9,24.6,23,465,14,0,0.0,0,0,0,,,1,0,medium,no_return,18.5,0,1,0,0
TX103748,CUST002758,3243.38,Home,Credit Card,34.7,3.4,33,778,6,0,0.0,0,2,0,,,1,0,low,no_return,17.5,0,4,0,0
TX103749,CUST002718,3452.44,Sports,Credit Card,17.0,3.3,21,884,10,0,0.0,0,0,0,,,2,1,high,no_return,15.8,0,2,0,0
TX103750,CUST001745,2459.94,Fashion,UPI,4.9,7.8,43,112,1,0,0.0,0,0,0,,,3,0,low,no_return,18.3,0,2,0,0
TX103751,CUST002395,3461.37,Books,Debit Card,4.9,7.2,24,236,7,1,0.143,1,0,0,4.7,2.0,3,1,medium,changed_mind_repeated,18.0,0,0,0,0
TX103752,CUST002881,7494.93,Fashion,COD,17.1,9.9,26,162,11,1,0.091,0,0,0,2.5,1.5,0,1,high,not_needed,19.8,0,2,0,0
TX103753,CUST000808,2842.22,Footwear,Debit Card,0.0,38.1,40,481,8,0,0.0,0,1,0,,,2,0,low,no_return,22.3,2,2,0,0
TX103754,CUST000114,1711.07,Home,COD,11.3,11.2,25,311,9,2,0.222,0,2,0,,,0,0,low,no_return,18.7,0,3,0,0
TX103755,CUST000963,2218.41,Sports,UPI,20.6,1.2,29,839,9,0,0.0,0,0,0,,,0,0,low,no_return,43.0,0,2,0,0
TX103756,CUST001911,3686.79,Sports,Wallet,29.1,18.5,18,366,8,1,0.125,0,0,0,2.9,1.6,3,1,low,changed_mind,46.5,1,3,0,0
TX103757,CUST001642,1322.68,Fashion,UPI,0.0,10.8,28,300,6,2,0.333,0,0,0,0.7,0.0,0,0,medium,size_issue,34.4,0,1,1,0
TX103758,CUST000242,1248.55,Home,UPI,16.2,9.6,37,452,14,3,0.214,0,0,0,,,4,0,high,no_return,36.2,1,1,0,0
TX103759,CUST001682,2193.52,Footwear,Credit Card,14.2,35.0,25,213,10,1,0.1,1,0,0,,,2,0,low,no_return,34.8,0,3,0,0
TX103760,CUST000524,1689.68,Sports,UPI,15.5,37.4,37,154,9,3,0.333,0,1,0,2.5,2.0,4,0,medium,defective,3.6,0,1,0,0
TX103761,CUST001517,898.31,Electronics,Credit Card,16.7,29.1,31,662,8,0,0.0,0,0,0,4.8,2.6,2,0,low,changed_mind_repeated,13.1,1,1,0,0
TX103762,CUST001727,1974.06,Books,UPI,14.6,0.5,42,925,11,2,0.182,0,1,1,1.7,0.9,1,0,low,not_as_described_repeated,9.8,0,3,0,0
TX103763,CUST001910,4173.12,Fashion,COD,31.7,11.9,24,93,15,4,0.267,1,1,0,,,0,1,low,no_return,10.0,1,2,0,1
TX103764,CUST001238,2406.42,Beauty,COD,29.9,6.3,29,109,8,2,0.25,0,0,0,,,2,0,low,no_return,22.0,1,4,0,0
TX103765,CUST001225,770.99,Beauty,Debit Card,40.7,11.5,18,16,10,2,0.2,0,0,0,3.8,1.3,1,0,high,size_issue,1.4,0,2,0,0
TX103766,CUST002036,2660.91,Beauty,Credit Card,14.9,3.7,31,1015,9,0,0.0,0,0,0,23.4,23.0,2,0,low,not_as_described_repeated,46.6,2,2,0,0
TX103767,CUST002247,1461.38,Electronics,Credit Card,10.1,4.4,27,146,6,0,0.0,0,0,0,,,1,0,low,no_return,9.3,2,0,0,0
TX103768,CUST002423,5993.66,Fashion,COD,3.4,8.0,41,105,6,0,0.0,0,0,0,,,2,1,low,no_return,9.5,1,5,1,0
TX103769,CUST001001,2525.41,Electronics,Credit Card,8.8,14.9,25,194,8,0,0.0,0,0,0,0.2,0.0,0,0,low,changed_mind,19.2,0,0,0,0
TX103770,CUST001272,1158.95,Home,Credit Card,23.6,9.9,27,209,8,0,0.0,0,0,0,,,2,0,low,no_return,40.8,0,0,0,0
TX103771,CUST000992,2791.5,Grocery,UPI,25.4,7.5,25,23,9,0,0.0,0,0,0,,,0,0,low,no_return,25.6,1,1,0,0
TX103772,CUST001583,2069.27,Grocery,UPI,23.1,2.2,32,13,9,0,0.0,0,1,0,,,3,0,low,no_return,15.0,2,1,0,0
TX103773,CUST000382,3923.02,Electronics,Credit Card,7.0,0.5,51,114,4,1,0.25,0,0,0,0.5,0.5,2,1,low,not_needed,33.9,0,3,0,1
TX103774,CUST001290,1243.91,Electronics,Debit Card,7.1,7.8,18,980,12,0,0.0,0,0,0,,,0,0,low,no_return,32.6,0,3,0,0
TX103775,CUST000566,2521.63,Grocery,COD,38.5,2.3,31,164,9,0,0.0,0,1,0,,,1,0,low,no_return,38.3,0,1,0,0
TX103776,CUST001597,544.79,Beauty,Wallet,5.0,2.8,43,326,5,1,0.2,1,0,0,,,4,0,medium,no_return,37.0,0,2,0,0
TX103777,CUST002551,1917.37,Toys,Credit Card,32.0,1.5,26,604,12,1,0.083,0,0,0,,,1,0,low,no_return,15.1,1,2,0,0
TX103778,CUST002956,755.56,Fashion,Credit Card,19.9,9.1,37,644,7,1,0.143,0,0,0,,,0,0,low,no_return,37.7,2,1,0,0
TX103779,CUST001339,2024.21,Electronics,COD,6.2,3.2,43,470,7,1,0.143,0,1,0,5.7,2.9,2,0,low,size_issue,12.1,0,0,0,0
TX103780,CUST000169,2328.05,Home,Credit Card,0.8,7.5,29,52,14,3,0.214,0,0,1,,,2,0,low,no_return,37.4,2,0,0,1
TX103781,CUST000684,2458.87,Grocery,Debit Card,6.7,41.0,25,779,8,0,0.0,0,0,0,,,1,0,low,no_return,1.7,0,2,0,0
TX103782,CUST000315,1242.58,Beauty,Debit Card,20.0,15.1,41,437,3,0,0.0,0,0,0,,,2,0,low,no_return,18.2,0,0,0,0
TX103783,CUST002278,1956.37,Electronics,UPI,4.1,33.9,36,302,7,1,0.143,0,0,0,,,0,0,low,no_return,11.9,1,0,0,0
TX103784,CUST002954,3619.56,Electronics,UPI,33.7,5.8,31,73,8,0,0.0,0,0,0,,,1,1,medium,no_return,29.6,0,1,0,0
TX103785,CUST001662,4968.05,Grocery,Credit Card,12.5,9.6,38,232,7,2,0.286,0,1,0,4.0,2.5,1,1,low,changed_mind,57.1,0,0,0,0
TX103786,CUST000531,2001.26,Fashion,Debit Card,23.4,12.6,41,825,9,0,0.0,0,1,0,2.0,0.1,1,0,low,size_issue,17.1,0,2,0,0
TX103787,CUST000064,3682.46,Grocery,UPI,22.4,0.6,31,71,12,4,0.333,2,0,0,0.8,0.0,1,1,low,defective,5.3,0,1,0,1
TX103788,CUST002928,955.83,Fashion,UPI,34.5,6.9,35,43,10,1,0.1,0,1,0,,,3,0,low,no_return,16.1,2,1,0,0
TX103789,CUST000949,1381.55,Fashion,UPI,9.7,39.2,37,337,10,0,0.0,0,1,0,,,5,0,medium,no_return,38.6,0,0,0,0
TX103790,CUST000336,2149.11,Fashion,COD,16.3,23.7,27,589,6,1,0.167,0,0,0,2.2,0.0,1,0,low,changed_mind,16.7,0,2,0,0
TX103791,CUST000531,1697.21,Mobile,Net Banking,0.0,5.9,43,754,8,1,0.125,0,0,0,3.5,2.4,1,0,high,not_needed,14.4,2,2,0,0
TX103792,CUST000766,1579.15,Electronics,Net Banking,16.2,14.0,21,412,7,0,0.0,0,0,0,,,2,0,low,no_return,23.2,0,0,0,0
TX103793,CUST001967,3441.81,Electronics,COD,28.7,4.6,30,128,7,0,0.0,0,1,0,,,1,1,low,no_return,9.3,0,0,0,0
TX103794,CUST002675,847.4,Toys,UPI,17.6,2.8,39,9,8,1,0.125,0,0,0,,,2,0,low,no_return,25.8,1,1,0,0
TX103795,CUST000825,910.28,Electronics,UPI,42.8,14.1,21,22,8,0,0.0,0,0,0,2.3,2.1,2,0,low,changed_mind,18.4,0,4,0,0
TX103796,CUST002062,670.04,Fashion,Credit Card,21.2,1.0,40,909,5,0,0.0,0,1,0,,,4,0,low,no_return,24.2,0,2,0,0
TX103797,CUST000195,2192.15,Fashion,Debit Card,8.5,14.2,33,1092,11,5,0.455,0,1,0,,,2,0,medium,no_return,34.3,0,0,0,0
TX103798,CUST000031,1460.02,Grocery,COD,20.5,2.3,45,41,7,0,0.0,0,1,0,14.1,14.0,3,0,low,changed_mind,55.6,1,3,0,0
TX103799,CUST000165,3232.06,Home,UPI,0.0,2.5,38,794,11,1,0.091,0,0,0,,,1,0,low,no_return,16.4,1,2,0,0
TX103800,CUST002769,2069.98,Footwear,Net Banking,5.4,14.6,30,488,5,1,0.2,1,0,0,,,1,0,low,no_return,17.1,2,1,0,0
TX103801,CUST001745,1222.23,Books,Credit Card,0.4,2.0,34,449,7,0,0.0,0,0,0,7.7,7.2,1,0,low,changed_mind_repeated,7.1,0,1,0,0
TX103802,CUST002415,1094.19,Beauty,Debit Card,15.2,24.3,34,582,16,1,0.062,0,0,0,,,0,0,low,no_return,24.3,1,0,0,0
TX103803,CUST000066,284.78,Fashion,Net Banking,14.3,17.5,52,269,8,0,0.0,0,1,0,7.8,6.2,0,0,medium,not_needed,14.6,1,0,0,0
TX103804,CUST000067,1627.98,Toys,Debit Card,29.5,32.3,32,4,6,0,0.0,0,0,0,,,2,0,low,no_return,22.8,0,3,0,0
TX103805,CUST002546,763.51,Footwear,COD,13.8,2.8,30,860,6,1,0.167,0,1,0,,,3,0,low,no_return,13.4,1,3,0,0
TX103806,CUST000308,3493.58,Toys,COD,3.0,11.0,30,75,10,0,0.0,0,0,0,,,0,1,low,no_return,20.0,0,0,0,0
TX103807,CUST000467,1411.29,Electronics,COD,33.7,17.8,33,540,9,0,0.0,0,0,0,0.6,0.3,1,0,low,changed_mind_repeated,30.5,1,2,0,0
TX103808,CUST001557,587.42,Grocery,COD,0.0,10.8,20,269,16,3,0.188,1,1,0,0.1,0.0,0,0,low,not_needed,40.2,0,2,0,1
TX103809,CUST001820,3938.39,Grocery,Credit Card,15.5,10.1,28,105,5,1,0.2,0,1,0,,,0,1,low,no_return,11.4,0,0,0,0
TX103810,CUST000687,1644.53,Mobile,Credit Card,17.6,1.7,21,218,5,1,0.2,0,1,0,,,1,0,low,no_return,38.7,0,2,0,0
TX103811,CUST001334,2650.32,Fashion,COD,14.9,7.1,23,270,8,0,0.0,0,1,0,6.4,5.6,5,0,high,not_as_described,5.2,0,1,0,1
TX103812,CUST002024,1234.49,Toys,Debit Card,21.0,70.8,40,575,10,0,0.0,0,0,1,,,1,0,low,no_return,2.5,1,0,0,0
TX103813,CUST001329,4024.11,Grocery,Debit Card,16.3,14.4,32,665,9,0,0.0,0,1,0,,,1,1,low,no_return,52.1,1,3,0,0
TX103814,CUST001148,992.03,Footwear,Credit Card,21.0,6.2,24,148,12,0,0.0,0,1,0,,,0,0,low,no_return,55.2,1,3,0,0
TX103815,CUST000216,1459.55,Grocery,UPI,7.8,27.9,30,981,2,0,0.0,0,1,0,,,0,0,low,no_return,22.5,2,0,0,0
TX103816,CUST001356,458.73,Footwear,Credit Card,0.0,4.9,29,213,6,0,0.0,0,0,0,6.5,4.9,0,0,low,changed_mind_repeated,27.9,0,2,0,0
TX103817,CUST002408,3962.44,Home,Wallet,14.4,17.4,32,463,8,1,0.125,0,1,0,9.8,8.3,1,1,low,defective,16.6,0,3,0,0
TX103818,CUST001880,1128.28,Electronics,UPI,2.7,86.9,18,463,16,1,0.062,0,1,0,,,0,0,low,no_return,34.8,0,3,0,0
TX103819,CUST002679,2226.34,Home,UPI,6.3,7.0,21,344,14,0,0.0,0,0,0,0.7,0.0,2,0,low,not_needed,20.1,3,2,0,0
TX103820,CUST000379,2435.79,Toys,UPI,28.9,15.6,18,985,8,0,0.0,0,0,0,,,1,0,high,no_return,45.6,2,0,0,0
TX103821,CUST000034,3562.05,Electronics,Credit Card,33.7,1.9,23,223,7,0,0.0,0,1,0,,,3,1,low,no_return,27.9,1,3,0,0
TX103822,CUST001644,2117.51,Grocery,UPI,28.7,11.3,24,1716,9,0,0.0,0,0,0,,,5,0,low,no_return,10.9,1,2,0,0
TX103823,CUST000536,1711.61,Mobile,Debit Card,26.5,7.5,21,470,11,3,0.273,2,0,0,,,0,0,low,no_return,22.3,0,1,0,0
TX103824,CUST001782,3333.16,Footwear,UPI,15.7,21.4,39,212,9,1,0.111,0,0,0,,,1,0,low,no_return,30.2,1,1,0,0
TX103825,CUST002711,2409.54,Grocery,UPI,27.2,0.9,50,979,6,0,0.0,0,1,0,,,3,0,low,no_return,26.3,1,2,0,0
TX103826,CUST001012,1537.84,Toys,UPI,19.3,44.8,40,852,4,0,0.0,0,0,0,,,3,0,medium,no_return,22.2,0,1,0,0
TX103827,CUST001648,4074.52,Electronics,UPI,38.4,5.0,26,688,6,0,0.0,0,0,0,6.3,6.2,1,1,medium,not_needed,28.7,1,0,0,0
TX103828,CUST002045,2532.01,Beauty,COD,4.0,13.3,34,47,3,0,0.0,0,1,0,4.8,4.5,1,0,low,changed_mind,26.6,0,0,0,0
TX103829,CUST000450,716.84,Beauty,Net Banking,23.1,3.4,31,105,14,7,0.5,0,0,0,,,0,0,low,no_return,18.5,0,1,0,0
TX103830,CUST002692,4540.58,Toys,COD,0.0,21.2,25,564,9,0,0.0,0,1,0,8.4,5.8,3,1,low,not_as_described,29.6,1,4,0,0
TX103831,CUST000609,1212.44,Fashion,Net Banking,23.1,7.2,45,1363,8,1,0.125,0,0,0,,,1,0,low,no_return,33.9,0,0,0,0
TX103832,CUST002425,3550.92,Electronics,UPI,0.0,14.9,52,480,11,1,0.091,0,0,0,14.6,14.5,0,1,medium,not_as_described,18.1,0,1,1,0
TX103833,CUST001980,595.19,Grocery,Net Banking,0.4,1.0,18,231,13,0,0.0,0,0,0,,,1,0,low,no_return,34.9,1,1,0,0
TX103834,CUST000423,3320.04,Beauty,Credit Card,0.0,26.9,46,677,7,0,0.0,0,0,0,7.0,5.8,1,0,low,not_as_described_repeated,2.5,1,2,0,0
TX103835,CUST002174,749.39,Footwear,COD,18.0,20.4,26,21,1,0,0.0,0,0,0,,,1,0,medium,no_return,12.3,0,0,0,0
TX103836,CUST000590,2080.46,Beauty,Debit Card,19.3,0.5,29,416,7,1,0.143,0,1,0,,,1,0,low,no_return,19.7,1,5,0,0
TX103837,CUST001798,2486.56,Footwear,Credit Card,44.4,0.5,34,61,13,2,0.154,0,0,0,,,1,0,low,no_return,29.5,1,2,0,0
TX103838,CUST002879,1560.48,Beauty,UPI,13.9,8.3,47,152,9,0,0.0,0,1,0,,,0,0,low,no_return,29.5,1,3,0,0
TX103839,CUST002859,1850.37,Toys,UPI,24.3,2.2,34,162,8,0,0.0,0,0,0,,,5,0,low,no_return,10.7,1,0,0,0
TX103840,CUST002613,870.01,Books,Credit Card,16.9,2.0,36,94,2,1,0.5,0,0,0,,,4,0,low,no_return,14.1,1,3,0,0
TX103841,CUST001482,3102.91,Fashion,Credit Card,23.3,3.1,40,1132,12,5,0.417,2,0,0,,,4,0,low,no_return,16.2,2,3,0,0
TX103842,CUST001679,2154.03,Fashion,Wallet,16.7,10.6,42,346,7,0,0.0,0,0,0,0.8,0.0,0,0,low,size_issue,16.3,0,1,0,0
TX103843,CUST000901,987.88,Footwear,UPI,28.2,1.0,37,1316,5,0,0.0,0,0,0,7.0,6.9,0,0,low,defective,2.3,0,0,0,0
TX103844,CUST002762,2208.27,Fashion,Debit Card,2.4,18.7,42,982,7,0,0.0,0,0,0,,,1,0,low,no_return,18.7,1,0,0,0
TX103845,CUST001432,2253.35,Grocery,Debit Card,0.0,10.4,26,571,7,0,0.0,0,0,0,,,3,0,low,no_return,14.3,0,0,0,0
TX103846,CUST002315,1910.03,Electronics,UPI,20.0,24.5,18,940,10,0,0.0,0,1,0,,,1,0,low,no_return,36.9,2,1,0,0
TX103847,CUST001079,287.09,Books,Credit Card,0.0,27.7,50,229,6,2,0.333,1,0,0,4.6,4.4,5,0,low,size_issue,16.8,1,1,0,0
TX103848,CUST002221,1410.05,Fashion,Credit Card,30.7,8.2,21,48,8,1,0.125,0,0,0,,,1,0,medium,no_return,22.7,0,2,0,0
TX103849,CUST000674,3072.9,Sports,Credit Card,8.4,23.9,26,319,3,0,0.0,0,0,0,5.9,4.4,2,0,low,defective,7.7,0,2,0,0
TX103850,CUST002201,2576.65,Sports,UPI,2.5,6.4,28,207,7,0,0.0,0,0,0,,,0,0,medium,no_return,39.9,0,2,0,0
TX103851,CUST000138,2527.03,Fashion,UPI,47.4,27.6,26,1066,7,1,0.143,0,0,0,0.5,0.3,1,0,low,not_needed,33.1,2,2,0,0
TX103852,CUST000315,2143.27,Beauty,UPI,14.8,29.5,24,386,5,0,0.0,0,0,0,,,2,0,low,no_return,9.3,0,1,0,0
TX103853,CUST001057,3301.03,Footwear,COD,12.5,8.5,36,365,10,0,0.0,0,0,0,,,0,0,low,no_return,28.9,0,3,0,0
TX103854,CUST001446,1207.32,Grocery,COD,24.0,32.8,36,481,6,0,0.0,0,1,0,8.4,8.3,0,0,low,size_issue,8.4,1,0,0,0
TX103855,CUST002134,1033.98,Mobile,UPI,24.8,7.6,38,27,10,2,0.2,0,0,0,,,0,0,low,no_return,13.8,3,2,0,0
TX103856,CUST001077,5258.58,Toys,Debit Card,28.7,3.5,37,321,3,0,0.0,0,0,0,3.8,2.3,2,1,low,changed_mind,18.7,0,1,0,0
TX103857,CUST000056,1119.92,Grocery,Net Banking,0.0,10.2,27,283,10,0,0.0,0,1,0,1.3,0.7,2,0,low,size_issue,41.3,2,1,0,0
TX103858,CUST000976,698.17,Sports,UPI,21.4,37.5,27,16,8,0,0.0,0,1,0,1.0,0.8,0,0,low,not_as_described_repeated,11.3,0,1,0,0
TX103859,CUST001318,1541.24,Mobile,UPI,11.5,16.0,43,167,5,2,0.4,0,0,0,,,1,0,low,no_return,18.3,0,1,0,0
TX103860,CUST001631,1957.0,Beauty,UPI,3.9,16.5,26,627,7,0,0.0,0,0,0,,,1,0,low,no_return,40.7,0,2,0,0
TX103861,CUST001932,3314.4,Home,UPI,15.6,2.9,26,216,6,0,0.0,0,1,0,,,1,0,low,no_return,2.1,1,3,0,0
TX103862,CUST000743,1412.15,Toys,COD,0.0,0.5,41,271,11,1,0.091,1,0,0,25.4,25.3,2,0,low,changed_mind,57.9,0,2,0,0
TX103863,CUST001831,1404.02,Mobile,COD,26.1,2.2,31,87,7,0,0.0,0,1,0,0.5,0.0,2,0,low,defective,32.0,0,3,0,0
TX103864,CUST001895,1838.11,Beauty,Debit Card,11.5,43.7,26,18,15,0,0.0,0,3,0,0.7,0.6,3,0,low,not_needed,14.9,1,3,0,0
TX103865,CUST002330,1250.06,Electronics,Credit Card,9.3,16.7,27,27,10,2,0.2,0,0,0,,,0,0,low,no_return,43.5,0,0,0,0
TX103866,CUST001566,600.52,Sports,COD,13.3,7.0,43,373,7,0,0.0,0,0,0,,,1,0,low,no_return,19.7,1,3,0,0
TX103867,CUST002431,739.21,Books,UPI,13.0,30.4,37,54,10,0,0.0,0,0,0,,,3,0,low,no_return,19.3,0,1,0,0
TX103868,CUST000665,3884.43,Home,UPI,28.7,9.3,34,590,10,0,0.0,0,0,0,,,0,1,high,no_return,30.4,0,3,0,0
TX103869,CUST002135,2877.0,Books,UPI,1.9,1.4,20,906,6,3,0.5,0,0,0,,,3,0,low,no_return,29.0,0,2,0,0
TX103870,CUST000138,1796.32,Beauty,Net Banking,10.4,1.4,34,309,5,0,0.0,0,2,0,,,0,0,medium,no_return,32.8,1,2,0,0
TX103871,CUST000309,2571.31,Fashion,COD,12.4,16.5,29,298,8,1,0.125,1,1,0,30.0,29.8,1,0,low,not_as_described,11.7,1,1,0,0
TX103872,CUST002594,2931.81,Grocery,Debit Card,2.2,4.7,22,37,8,0,0.0,0,0,0,,,2,0,low,no_return,7.6,0,3,0,0
TX103873,CUST001425,1161.91,Home,COD,16.9,13.4,25,663,7,1,0.143,0,0,0,,,1,0,medium,no_return,11.9,0,2,0,0
TX103874,CUST001862,863.45,Toys,UPI,6.3,3.1,38,83,7,0,0.0,0,0,0,,,2,0,low,no_return,8.6,1,0,0,0
TX103875,CUST001810,3636.49,Electronics,Credit Card,0.0,4.6,44,242,9,2,0.222,0,0,0,,,3,1,low,no_return,9.1,1,1,0,0
TX103876,CUST002084,334.48,Toys,COD,21.3,0.8,21,106,9,1,0.111,0,0,0,,,1,0,low,no_return,18.4,0,1,0,0
TX103877,CUST000737,2597.72,Fashion,Net Banking,33.6,17.5,22,49,18,0,0.0,0,0,0,,,0,0,low,no_return,13.9,1,2,0,0
TX103878,CUST000535,2061.66,Mobile,Credit Card,15.6,4.8,38,984,8,1,0.125,0,1,0,1.7,0.2,2,0,medium,changed_mind_repeated,11.9,1,1,0,0
TX103879,CUST000128,3410.91,Books,UPI,13.8,1.3,27,642,6,2,0.333,0,1,0,22.6,22.0,2,0,low,defective,8.8,0,2,0,0
TX103880,CUST002594,2659.24,Fashion,Wallet,13.5,0.5,37,31,12,0,0.0,0,0,0,0.2,0.1,1,0,low,defective,42.6,0,1,0,0
TX103881,CUST000671,2560.79,Mobile,Credit Card,8.8,8.8,27,341,10,1,0.1,0,0,0,,,1,0,low,no_return,11.7,1,4,0,0
TX103882,CUST001725,927.7,Beauty,Credit Card,29.0,19.3,37,80,3,0,0.0,0,0,0,,,2,0,low,no_return,18.1,1,4,0,0
TX103883,CUST001365,3003.31,Beauty,UPI,16.1,19.4,18,37,5,0,0.0,0,2,0,,,2,0,medium,no_return,39.4,1,1,0,0
TX103884,CUST000487,2395.36,Footwear,UPI,0.0,10.0,37,17,4,1,0.25,1,2,0,,,0,0,medium,no_return,17.8,0,2,0,0
TX103885,CUST001242,1016.82,Footwear,Debit Card,29.4,48.5,18,177,5,0,0.0,0,0,0,,,1,0,low,no_return,22.0,1,3,0,0
TX103886,CUST000250,2073.91,Grocery,Debit Card,26.4,10.6,41,728,13,0,0.0,0,0,0,,,1,0,low,no_return,9.3,0,0,0,0
TX103887,CUST000530,792.43,Mobile,UPI,22.2,2.0,31,846,9,1,0.111,0,1,0,15.3,13.8,1,0,low,not_as_described_repeated,46.0,1,0,0,0
TX103888,CUST000419,1631.2,Fashion,UPI,0.0,25.2,36,899,12,1,0.083,0,0,0,,,0,0,low,no_return,14.9,2,1,0,0
TX103889,CUST002473,6602.82,Fashion,Debit Card,15.0,6.5,34,322,12,2,0.167,2,1,0,,,1,1,low,no_return,64.6,1,3,0,0
TX103890,CUST001702,891.38,Electronics,Credit Card,25.7,14.0,18,472,6,1,0.167,0,0,0,,,1,0,low,no_return,36.9,1,0,0,0
TX103891,CUST002777,595.96,Home,Credit Card,19.6,25.8,45,42,15,2,0.133,1,0,0,1.6,0.0,2,0,medium,size_issue,17.9,0,1,0,0
TX103892,CUST001308,745.84,Sports,UPI,17.5,9.5,35,238,9,4,0.444,1,0,0,,,2,0,high,no_return,40.5,1,2,0,1
TX103893,CUST000604,1615.48,Fashion,Net Banking,25.7,2.5,39,363,8,0,0.0,0,0,0,,,1,0,low,no_return,44.7,1,0,0,0
TX103894,CUST001826,2784.59,Sports,Wallet,16.7,3.7,24,34,8,0,0.0,0,0,0,,,1,0,low,no_return,10.1,1,0,0,0
TX103895,CUST002788,1874.91,Electronics,Credit Card,29.4,4.1,34,296,6,2,0.333,0,1,0,11.1,9.4,1,0,low,not_needed,20.1,2,0,0,0
TX103896,CUST001598,659.77,Home,Debit Card,16.9,0.5,18,1309,11,1,0.091,0,0,0,7.1,6.6,0,0,low,size_issue,47.0,1,1,0,0
TX103897,CUST000054,2761.47,Books,Net Banking,16.0,10.3,33,347,3,0,0.0,0,0,0,,,2,0,low,no_return,42.9,1,1,0,0
TX103898,CUST000911,419.71,Electronics,UPI,25.7,3.1,22,716,6,0,0.0,0,0,0,,,3,0,low,no_return,29.5,0,1,0,0
TX103899,CUST002774,714.76,Books,Net Banking,10.2,11.3,70,94,6,0,0.0,0,0,0,11.1,8.4,0,0,low,not_as_described,11.0,2,0,0,0
TX103900,CUST001555,1214.04,Books,Credit Card,1.8,25.5,38,266,7,0,0.0,0,1,0,1.5,1.5,2,0,low,defective,22.9,0,1,0,0
TX103901,CUST002855,3556.28,Sports,Debit Card,15.0,6.9,45,306,5,0,0.0,0,0,0,2.5,1.0,1,1,low,not_as_described,22.5,1,1,0,0
TX103902,CUST001528,1925.26,Footwear,Debit Card,22.1,0.5,29,47,8,1,0.125,0,0,0,10.2,10.0,3,0,low,not_as_described_repeated,20.0,1,1,0,0
TX103903,CUST000037,1976.12,Mobile,UPI,26.1,10.7,35,511,7,0,0.0,0,0,0,3.3,1.5,3,0,high,not_needed,37.5,0,4,0,0
TX103904,CUST002619,668.07,Electronics,COD,26.2,2.5,41,702,5,2,0.4,0,0,0,,,3,0,low,no_return,18.8,0,2,0,0
TX103905,CUST002289,1300.3,Grocery,COD,14.2,0.6,21,278,13,2,0.154,0,0,0,2.2,0.9,1,0,low,defective,82.9,0,2,0,0
TX103906,CUST002146,3234.16,Fashion,UPI,12.9,6.3,25,55,7,0,0.0,0,1,0,,,3,0,low,no_return,6.3,2,3,0,0
TX103907,CUST002910,2296.31,Home,Debit Card,7.9,2.5,41,142,7,0,0.0,0,0,0,,,3,0,low,no_return,39.1,0,3,0,0
TX103908,CUST000589,2826.63,Grocery,Wallet,18.0,5.7,29,157,12,0,0.0,0,0,0,,,2,0,low,no_return,55.6,0,2,0,0
TX103909,CUST002717,1788.48,Books,Net Banking,0.0,20.0,24,414,8,1,0.125,0,1,0,,,0,0,low,no_return,49.3,0,1,1,0
TX103910,CUST000698,3256.48,Footwear,Debit Card,15.3,7.4,25,42,6,0,0.0,0,0,0,7.3,5.9,2,0,low,changed_mind,12.0,3,2,0,0
TX103911,CUST002912,664.91,Grocery,UPI,49.2,9.3,19,172,4,1,0.25,0,1,0,,,2,0,low,no_return,6.6,1,0,0,0
TX103912,CUST000575,1589.19,Toys,Credit Card,0.0,4.0,18,175,8,1,0.125,0,0,0,,,1,0,low,no_return,33.9,0,1,0,0
TX103913,CUST001651,2523.71,Sports,UPI,16.9,17.5,18,59,4,0,0.0,0,0,0,0.9,0.8,0,0,low,defective,29.1,1,2,0,0
TX103914,CUST002368,517.22,Electronics,COD,19.5,15.5,32,9,8,2,0.25,0,0,0,,,3,0,low,no_return,8.1,0,1,0,0
TX103915,CUST000235,242.93,Electronics,COD,21.1,3.4,38,741,8,1,0.125,1,2,0,,,1,0,high,no_return,39.2,0,0,0,0
TX103916,CUST000201,5261.52,Beauty,Net Banking,3.4,42.2,57,93,1,0,0.0,0,0,0,6.7,6.4,5,1,low,defective,10.1,3,1,0,1
TX103917,CUST002549,1943.04,Books,UPI,21.2,5.9,31,114,7,0,0.0,0,1,0,,,1,0,high,no_return,24.7,0,2,0,0
TX103918,CUST000182,479.87,Electronics,Wallet,8.6,2.3,19,166,3,0,0.0,0,1,0,1.1,0.9,1,0,low,defective,17.3,0,1,0,0
TX103919,CUST001841,1910.2,Home,Wallet,0.0,6.4,31,34,10,3,0.3,0,1,1,,,3,0,low,no_return,14.5,0,3,0,0
TX103920,CUST002814,722.57,Fashion,Debit Card,26.4,2.7,39,572,5,0,0.0,0,1,0,,,0,0,medium,no_return,16.8,0,1,0,0
TX103921,CUST001844,927.5,Sports,Net Banking,23.0,8.7,42,52,10,0,0.0,0,0,0,,,1,0,low,no_return,26.8,1,1,0,0
TX103922,CUST001443,3632.56,Home,Credit Card,3.4,4.4,41,288,10,2,0.2,0,2,0,,,1,1,low,no_return,41.0,2,2,0,0
TX103923,CUST001252,1235.27,Fashion,Credit Card,8.5,5.4,37,155,9,3,0.333,0,2,0,,,4,0,low,no_return,32.7,0,1,0,0
TX103924,CUST001914,1228.25,Electronics,UPI,8.0,10.7,32,179,9,0,0.0,0,0,0,,,1,0,high,no_return,16.5,2,3,1,0
TX103925,CUST001715,705.52,Fashion,UPI,0.0,27.7,39,151,11,1,0.091,0,0,0,,,0,0,low,no_return,21.7,1,3,0,0
TX103926,CUST001505,1425.89,Beauty,UPI,24.1,9.3,20,40,8,1,0.125,0,0,0,,,1,0,low,no_return,15.4,1,3,0,0
TX103927,CUST000461,2027.95,Footwear,Debit Card,24.6,23.0,18,328,2,0,0.0,0,0,0,,,0,0,low,no_return,3.1,0,3,0,0
TX103928,CUST001988,1234.28,Fashion,Credit Card,11.0,13.2,52,232,12,2,0.167,0,1,0,,,2,0,low,no_return,12.7,0,1,0,0
TX103929,CUST002219,6127.62,Beauty,UPI,14.7,3.9,31,724,6,0,0.0,0,0,0,,,1,1,low,no_return,3.8,0,2,0,0
TX103930,CUST002126,838.61,Sports,UPI,16.4,11.7,37,171,4,0,0.0,0,1,0,,,3,0,low,no_return,34.7,0,2,0,0
TX103931,CUST000225,835.01,Grocery,Debit Card,17.9,2.0,18,810,15,3,0.2,0,0,0,0.3,0.0,1,0,low,defective,32.2,0,1,0,0
TX103932,CUST002108,1386.06,Fashion,Net Banking,0.0,7.1,47,109,9,1,0.111,0,0,0,9.9,9.7,1,0,low,changed_mind_repeated,32.6,1,0,0,0
TX103933,CUST002189,5676.2,Electronics,Credit Card,20.9,1.4,43,189,5,1,0.2,0,1,0,2.6,0.0,2,1,low,changed_mind,22.3,0,3,0,1
TX103934,CUST000551,2856.66,Footwear,COD,0.9,2.9,18,72,9,1,0.111,0,2,1,,,0,0,low,no_return,53.4,0,0,0,0
TX103935,CUST002547,1205.54,Mobile,Wallet,23.2,5.2,28,73,9,0,0.0,0,0,0,0.6,0.0,0,0,low,not_needed,6.4,0,0,0,0
TX103936,CUST001572,1206.23,Home,COD,2.2,84.7,34,436,9,0,0.0,0,0,0,,,1,0,low,no_return,25.8,0,2,0,0
TX103937,CUST001417,815.54,Sports,COD,0.0,10.0,19,236,9,1,0.111,0,0,0,9.7,7.8,2,0,low,not_as_described,22.5,0,2,0,0
TX103938,CUST002168,1357.98,Electronics,Debit Card,14.7,37.0,36,128,6,2,0.333,1,0,0,,,2,0,medium,no_return,25.1,2,4,0,0
TX103939,CUST001529,1559.11,Electronics,Wallet,14.4,16.6,42,1137,2,0,0.0,0,1,0,,,1,0,high,no_return,21.1,0,1,0,0
TX103940,CUST001634,2772.35,Electronics,UPI,16.2,21.9,35,327,9,0,0.0,0,0,0,,,3,0,low,no_return,25.4,0,3,0,0
TX103941,CUST000937,2405.63,Books,COD,4.3,10.9,18,898,4,2,0.5,0,1,0,,,3,0,low,no_return,14.5,0,2,0,0
TX103942,CUST002783,1326.88,Fashion,Credit Card,17.4,2.9,21,1204,10,0,0.0,0,0,0,,,3,0,low,no_return,46.6,0,0,0,0
TX103943,CUST002908,4399.65,Fashion,UPI,18.6,6.2,30,378,11,1,0.091,0,1,0,2.1,0.7,1,1,low,defective,19.8,0,2,0,1
TX103944,CUST000392,1091.28,Electronics,COD,29.0,21.6,29,22,2,0,0.0,0,0,0,3.0,0.9,1,0,low,changed_mind_repeated,34.6,1,1,0,0
TX103945,CUST002199,587.15,Electronics,COD,17.2,41.6,29,606,10,3,0.3,1,0,0,,,0,0,low,no_return,16.0,0,4,0,1
TX103946,CUST000070,2092.05,Home,Net Banking,7.8,6.2,29,1120,4,1,0.25,0,1,0,,,0,0,low,no_return,13.8,0,3,0,0
TX103947,CUST001107,3463.47,Sports,Net Banking,0.0,29.1,18,410,12,5,0.417,0,2,0,,,2,1,low,no_return,7.3,0,0,0,0
TX103948,CUST002910,1740.79,Sports,COD,0.0,0.5,40,31,4,0,0.0,0,0,0,,,0,0,low,no_return,14.5,0,3,0,0
TX103949,CUST000525,684.74,Home,Debit Card,18.9,18.4,38,609,10,0,0.0,0,0,0,,,2,0,low,no_return,31.9,2,1,0,0
TX103950,CUST001131,1980.01,Home,Net Banking,24.5,34.9,37,514,6,2,0.333,0,1,0,11.3,7.3,1,0,low,not_as_described_repeated,28.3,1,0,0,0
TX103951,CUST000659,2149.17,Books,UPI,4.3,5.0,36,76,12,1,0.083,1,1,0,,,1,0,low,no_return,11.1,0,4,0,0
TX103952,CUST002184,2300.49,Fashion,UPI,18.1,5.2,29,106,8,1,0.125,0,1,0,,,2,0,medium,no_return,7.7,0,1,0,0
TX103953,CUST001392,2006.83,Fashion,Credit Card,12.9,24.3,25,239,4,0,0.0,0,0,0,7.8,7.4,0,0,high,changed_mind_repeated,19.2,0,5,0,0
TX103954,CUST001779,3757.83,Footwear,Debit Card,23.6,0.5,21,29,10,0,0.0,0,0,0,,,1,1,low,no_return,48.6,0,0,0,0
TX103955,CUST002827,801.14,Grocery,Debit Card,25.4,9.2,47,144,10,0,0.0,0,1,0,,,1,0,low,no_return,26.9,1,2,0,1
TX103956,CUST001563,194.4,Beauty,COD,0.0,1.0,31,732,8,3,0.375,0,0,0,,,2,0,low,no_return,46.3,0,2,0,0
TX103957,CUST002202,420.06,Fashion,UPI,27.4,31.5,18,486,8,1,0.125,0,0,0,,,1,0,low,no_return,23.8,1,0,0,0
TX103958,CUST000294,677.44,Electronics,COD,18.0,0.5,31,708,7,1,0.143,0,0,0,,,1,0,low,no_return,4.9,1,3,0,0
TX103959,CUST000646,3086.88,Electronics,Debit Card,8.6,7.2,18,349,7,1,0.143,0,0,0,,,1,0,low,no_return,44.6,2,1,0,1
TX103960,CUST002840,1425.61,Footwear,Wallet,9.0,1.3,34,11,7,2,0.286,0,0,0,,,2,0,low,no_return,56.3,1,4,0,1
TX103961,CUST002578,4620.45,Sports,Credit Card,15.4,18.8,33,186,8,0,0.0,0,0,0,,,0,1,low,no_return,37.7,1,2,0,0
TX103962,CUST001970,758.4,Electronics,Debit Card,9.0,16.5,26,206,10,0,0.0,0,0,0,16.5,15.8,1,0,low,defective,11.6,2,1,0,0
TX103963,CUST001135,4561.81,Electronics,COD,3.8,4.5,22,840,6,1,0.167,0,0,0,,,0,1,medium,no_return,52.2,1,1,0,0
TX103964,CUST000600,934.97,Fashion,Credit Card,6.5,8.3,37,87,8,0,0.0,0,1,0,3.2,2.3,1,0,low,not_as_described,38.2,0,2,0,0
TX103965,CUST002555,1557.17,Fashion,UPI,2.5,0.5,31,209,6,0,0.0,0,0,0,,,5,0,low,no_return,10.7,0,2,0,0
TX103966,CUST002356,482.47,Sports,UPI,31.2,7.4,18,12,5,0,0.0,0,0,1,,,1,0,medium,no_return,45.3,0,2,0,0
TX103967,CUST000725,4182.58,Home,UPI,15.7,3.3,44,268,9,0,0.0,0,0,0,,,4,1,low,no_return,41.3,2,0,0,0
TX103968,CUST001769,1706.21,Footwear,Credit Card,42.0,11.6,22,1484,5,2,0.4,0,1,0,,,0,0,medium,no_return,34.3,1,2,0,1
TX103969,CUST001856,6299.81,Books,Debit Card,19.5,3.2,18,98,7,0,0.0,0,0,0,,,4,1,low,no_return,15.4,0,1,0,0
TX103970,CUST001432,3566.11,Footwear,Debit Card,22.1,0.5,45,225,8,0,0.0,0,0,0,,,2,1,medium,no_return,28.3,1,1,0,0
TX103971,CUST002780,1530.79,Footwear,COD,2.3,0.5,42,8,9,3,0.333,3,0,1,,,1,0,low,no_return,22.0,0,1,0,1
TX103972,CUST000373,1046.57,Footwear,UPI,12.4,13.1,27,423,4,2,0.5,2,0,0,,,0,0,low,no_return,37.6,3,1,0,0
TX103973,CUST000774,3175.65,Mobile,UPI,15.9,14.6,19,180,5,0,0.0,0,0,0,16.0,15.8,2,0,medium,size_issue,5.9,1,0,0,0
TX103974,CUST000285,1830.11,Fashion,COD,7.4,6.7,22,322,3,3,1.0,2,0,0,5.0,3.3,3,0,low,defective,32.6,1,1,0,0
TX103975,CUST002079,1006.46,Fashion,COD,9.4,7.9,27,225,3,0,0.0,0,0,0,,,0,0,medium,no_return,12.4,1,2,0,0
TX103976,CUST001932,1921.22,Fashion,COD,20.0,9.1,44,358,8,0,0.0,0,0,0,3.9,3.7,0,0,low,changed_mind,40.0,0,3,0,0
TX103977,CUST002961,372.94,Grocery,COD,20.3,14.4,44,119,13,0,0.0,0,0,0,,,3,0,low,no_return,5.5,2,2,0,0
TX103978,CUST001627,2329.6,Grocery,Wallet,0.0,16.1,33,162,10,1,0.1,0,1,0,,,2,0,low,no_return,22.6,2,4,0,0
TX103979,CUST000452,2629.51,Electronics,Net Banking,18.4,12.5,38,59,11,0,0.0,0,0,0,,,1,0,medium,no_return,41.9,0,3,0,0
TX103980,CUST001353,738.7,Toys,Debit Card,21.6,16.1,29,255,10,1,0.1,1,1,0,,,1,0,medium,no_return,17.9,2,1,0,0
TX103981,CUST000266,3822.52,Toys,Credit Card,7.9,3.0,23,2298,11,3,0.273,0,1,0,,,0,1,low,no_return,20.9,0,2,0,0
TX103982,CUST002013,3318.31,Grocery,UPI,6.7,4.3,18,679,3,0,0.0,0,2,0,0.7,0.0,0,0,low,size_issue,36.9,0,1,0,1
TX103983,CUST002022,2190.96,Home,Debit Card,20.3,6.5,35,162,9,1,0.111,0,0,0,,,1,0,medium,no_return,11.9,2,2,0,0
TX103984,CUST002573,885.64,Electronics,Credit Card,0.0,2.0,41,314,9,0,0.0,0,0,0,,,2,0,low,no_return,17.3,0,1,0,0
TX103985,CUST001019,2732.89,Beauty,UPI,15.0,10.6,26,106,9,2,0.222,1,1,0,23.3,22.1,1,0,low,defective,10.6,2,2,0,0
TX103986,CUST000931,1371.76,Electronics,UPI,34.6,40.3,43,871,5,0,0.0,0,0,0,,,0,0,low,no_return,25.2,0,0,0,0
TX103987,CUST000214,2040.79,Sports,Net Banking,0.0,3.9,28,43,9,1,0.111,0,0,0,,,0,0,low,no_return,56.6,0,4,0,0
TX103988,CUST001246,2904.41,Fashion,UPI,24.9,12.9,32,314,6,0,0.0,0,0,0,,,0,0,low,no_return,15.7,0,1,0,0
TX103989,CUST001426,594.93,Fashion,COD,21.5,0.5,29,146,8,1,0.125,0,0,0,,,3,0,low,no_return,45.4,0,3,0,0
TX103990,CUST002263,467.26,Home,Net Banking,0.0,5.3,44,430,7,1,0.143,0,0,0,,,2,0,low,no_return,31.0,1,0,0,0
TX103991,CUST002261,1278.44,Sports,Debit Card,21.2,1.8,36,164,8,1,0.125,0,0,0,13.9,12.7,1,0,low,changed_mind,41.6,1,2,0,1
TX103992,CUST000421,5637.21,Home,UPI,27.0,0.7,31,295,8,0,0.0,0,1,0,,,3,1,medium,no_return,12.2,1,1,0,1
TX103993,CUST000856,6464.95,Mobile,COD,0.9,57.8,32,71,6,0,0.0,0,0,0,0.9,0.0,1,1,low,not_as_described,4.9,0,1,0,0
TX103994,CUST001534,2295.0,Electronics,Debit Card,6.5,2.7,20,182,5,0,0.0,0,0,0,8.9,8.7,0,0,medium,not_as_described_repeated,24.4,1,0,0,0
TX103995,CUST001005,3378.08,Footwear,UPI,15.3,46.1,18,758,10,2,0.2,0,1,0,0.4,0.0,2,0,low,not_needed,3.4,1,4,0,0
TX103996,CUST000077,1755.55,Electronics,Debit Card,26.7,6.1,26,111,8,1,0.125,0,0,0,,,0,0,low,no_return,28.3,1,2,0,0
TX103997,CUST002537,1922.39,Fashion,UPI,8.5,9.4,30,411,6,2,0.333,0,0,1,,,3,0,low,no_return,29.9,1,1,0,0
TX103998,CUST002194,1555.89,Mobile,COD,14.5,45.2,37,552,4,0,0.0,0,2,0,,,1,0,low,no_return,51.4,0,0,1,0
TX103999,CUST001560,3643.56,Books,Net Banking,7.0,13.9,30,2294,10,0,0.0,0,0,0,,,2,1,low,no_return,29.0,1,2,0,0
TX104000,CUST000953,4653.74,Grocery,Debit Card,15.3,7.7,27,328,3,0,0.0,0,2,0,16.7,16.5,1,1,low,changed_mind,22.0,0,2,0,0
TX104001,CUST002528,1891.91,Books,Wallet,27.6,4.1,18,769,9,0,0.0,0,0,0,,,2,0,medium,no_return,22.9,0,2,0,0
TX104002,CUST000106,1916.68,Home,Credit Card,16.3,5.1,37,151,2,0,0.0,0,1,0,,,0,0,low,no_return,45.4,1,3,0,0
TX104003,CUST001339,1612.06,Toys,Net Banking,10.7,5.7,34,618,5,0,0.0,0,0,0,,,2,0,medium,no_return,23.0,1,4,0,0
TX104004,CUST002403,4728.24,Electronics,COD,14.6,1.5,40,260,7,0,0.0,0,1,0,,,0,1,low,no_return,37.2,0,1,0,0
TX104005,CUST002858,3110.4,Toys,UPI,5.4,10.9,32,58,4,0,0.0,0,3,0,,,1,0,high,no_return,32.1,0,2,0,0
TX104006,CUST000755,870.35,Mobile,Net Banking,3.1,2.2,43,628,14,1,0.071,0,0,0,,,2,0,low,no_return,50.2,1,0,0,0
TX104007,CUST001952,5529.76,Footwear,Net Banking,29.4,12.3,26,34,7,0,0.0,0,1,0,,,2,1,low,no_return,4.3,2,1,0,0
TX104008,CUST000569,279.23,Books,Credit Card,34.7,5.5,31,781,5,1,0.2,0,0,0,,,0,0,low,no_return,47.4,0,1,0,1
TX104009,CUST000348,4432.95,Grocery,COD,0.0,14.3,34,97,8,1,0.125,0,2,0,0.3,0.0,0,1,low,not_as_described,21.0,0,1,0,0
TX104010,CUST001059,3457.55,Beauty,UPI,22.0,14.5,38,882,10,1,0.1,0,1,0,,,1,1,low,no_return,35.8,1,0,0,1
TX104011,CUST002655,1895.93,Home,UPI,25.3,0.5,36,1094,7,1,0.143,0,2,1,2.1,1.7,0,0,low,not_needed,42.0,0,2,0,0
TX104012,CUST002068,1864.52,Footwear,UPI,0.5,2.5,36,138,9,2,0.222,0,0,0,,,1,0,low,no_return,16.6,0,1,0,0
TX104013,CUST001468,1669.1,Grocery,Credit Card,9.3,13.4,34,250,7,0,0.0,0,0,0,5.0,2.1,4,0,low,not_as_described,35.2,1,1,0,0
TX104014,CUST000849,901.48,Home,UPI,8.1,23.5,30,9,5,2,0.4,0,0,0,8.6,0.3,1,0,medium,not_needed,35.8,1,1,0,0
TX104015,CUST000425,5255.41,Toys,UPI,37.8,0.9,41,125,7,0,0.0,0,0,1,5.1,3.6,0,1,low,not_needed,41.5,2,0,0,0
TX104016,CUST000813,1826.75,Electronics,Wallet,34.8,28.6,18,298,5,0,0.0,0,1,0,5.1,4.4,1,0,low,defective,19.8,1,3,0,0
TX104017,CUST000458,889.51,Toys,Credit Card,3.9,6.9,25,96,10,1,0.1,0,0,0,11.7,10.2,2,0,low,not_as_described_repeated,2.9,4,1,0,0
TX104018,CUST000562,5055.56,Toys,COD,0.0,0.8,47,179,11,0,0.0,0,0,0,,,3,1,low,no_return,39.7,1,0,0,0
TX104019,CUST002062,2467.4,Fashion,UPI,24.3,26.7,25,602,8,0,0.0,0,0,0,,,0,0,low,no_return,33.8,2,1,0,0
TX104020,CUST000398,2565.86,Electronics,UPI,21.5,42.9,31,45,12,1,0.083,1,0,0,15.1,14.9,2,0,low,size_issue,2.0,0,1,0,0
TX104021,CUST000143,5783.08,Books,COD,29.9,1.4,45,1484,7,0,0.0,0,0,0,,,1,1,medium,no_return,44.1,0,0,1,0
TX104022,CUST001627,2801.15,Fashion,Credit Card,2.3,18.4,30,801,6,0,0.0,0,1,0,16.3,15.5,1,0,low,not_needed,8.6,1,5,0,0
TX104023,CUST000860,1166.44,Mobile,Credit Card,23.7,3.2,23,9,8,1,0.125,0,0,0,0.9,0.0,0,0,low,not_as_described,6.7,0,0,0,0
TX104024,CUST001364,2798.36,Electronics,Wallet,6.2,9.0,43,933,9,0,0.0,0,0,0,,,2,0,medium,no_return,4.1,0,1,0,0
TX104025,CUST000420,962.72,Fashion,Credit Card,22.5,13.4,29,135,4,0,0.0,0,0,1,,,1,0,low,no_return,20.9,0,1,0,0
TX104026,CUST000630,1329.44,Electronics,Credit Card,14.6,1.2,29,337,5,1,0.2,0,0,0,2.2,1.7,2,0,medium,defective,14.1,0,2,0,0
TX104027,CUST001323,2245.78,Toys,Debit Card,37.8,17.8,18,642,5,0,0.0,0,1,0,0.4,0.0,2,0,low,not_as_described_repeated,18.4,1,1,0,0
TX104028,CUST002070,3345.21,Sports,UPI,20.4,22.6,30,117,12,2,0.167,2,3,0,0.8,0.8,0,0,low,defective,34.5,0,0,0,0
TX104029,CUST001243,1215.26,Footwear,COD,11.2,6.1,38,298,4,0,0.0,0,1,0,3.3,2.6,0,0,low,not_as_described,7.0,0,0,0,0
TX104030,CUST001625,1635.74,Mobile,Credit Card,16.7,6.2,27,590,7,0,0.0,0,0,0,,,3,0,low,no_return,17.0,1,1,0,0
TX104031,CUST001566,1623.75,Grocery,UPI,13.8,7.7,19,71,6,1,0.167,0,0,0,,,0,0,high,no_return,11.8,0,1,0,0
TX104032,CUST000807,3722.09,Fashion,Credit Card,1.1,4.4,27,532,10,0,0.0,0,0,0,,,2,1,low,no_return,30.2,0,5,0,0
TX104033,CUST000839,1862.88,Electronics,Credit Card,38.1,1.1,25,99,7,1,0.143,0,2,0,1.5,0.5,1,0,high,changed_mind_repeated,24.4,0,2,0,0
TX104034,CUST001277,5483.33,Footwear,Debit Card,34.2,2.6,29,34,10,0,0.0,0,0,0,5.6,4.9,0,1,low,size_issue,21.6,0,1,0,0
TX104035,CUST000097,1328.71,Fashion,Net Banking,12.9,2.8,26,892,8,0,0.0,0,1,1,7.5,5.0,1,0,medium,not_as_described,46.5,0,1,0,1
TX104036,CUST002056,1253.71,Footwear,COD,23.4,1.5,48,99,9,3,0.333,0,0,0,7.5,6.0,2,0,low,changed_mind,8.8,0,3,0,0
TX104037,CUST001843,4382.16,Footwear,Credit Card,39.6,12.8,35,50,3,1,0.333,0,2,0,,,2,1,low,no_return,8.9,1,2,0,1
TX104038,CUST000919,2651.69,Grocery,Wallet,29.8,12.0,18,13,5,0,0.0,0,0,0,,,3,0,low,no_return,31.9,1,1,1,0
TX104039,CUST001121,7532.94,Sports,COD,11.3,1.3,32,1698,7,2,0.286,0,0,0,17.9,16.1,3,1,low,not_needed,37.1,0,1,0,0
TX104040,CUST000986,4278.88,Mobile,UPI,13.9,0.5,31,101,5,1,0.2,1,1,0,,,2,1,low,no_return,14.1,1,0,0,0
TX104041,CUST001954,719.2,Books,UPI,0.0,0.5,43,390,8,0,0.0,0,1,0,,,0,0,medium,no_return,33.8,1,2,0,0
TX104042,CUST002279,1833.03,Grocery,UPI,24.3,0.9,30,504,9,0,0.0,0,0,0,,,1,0,low,no_return,20.9,1,1,0,0
TX104043,CUST000326,2243.84,Home,UPI,29.9,13.7,30,383,7,0,0.0,0,0,0,0.8,0.0,3,0,low,not_as_described,33.9,3,0,0,0
TX104044,CUST001240,2140.25,Beauty,Credit Card,30.0,3.8,50,111,6,0,0.0,0,0,1,,,1,0,medium,no_return,40.4,2,1,0,0
TX104045,CUST000042,1653.97,Home,Credit Card,23.4,21.7,21,70,9,0,0.0,0,0,0,,,1,0,low,no_return,42.2,2,0,0,0
TX104046,CUST001357,2111.65,Mobile,Wallet,19.2,3.0,39,275,15,1,0.067,0,0,0,1.6,0.0,1,0,low,changed_mind_repeated,59.3,0,1,0,0
TX104047,CUST000745,2187.06,Grocery,Credit Card,3.0,4.9,32,313,8,1,0.125,0,0,0,,,1,0,low,no_return,10.4,0,0,0,0
TX104048,CUST001008,1229.07,Toys,UPI,18.8,11.7,26,1023,5,0,0.0,0,0,0,,,3,0,low,no_return,20.2,1,0,0,0
TX104049,CUST001370,3626.02,Electronics,Wallet,7.4,31.6,25,1,8,1,0.125,1,0,0,,,0,1,low,no_return,4.3,0,3,0,0
TX104050,CUST000971,5093.43,Footwear,Credit Card,21.3,6.4,45,21,9,0,0.0,0,0,0,2.4,1.2,2,1,low,defective,24.5,0,0,0,0
TX104051,CUST001182,2954.23,Home,UPI,5.8,12.5,36,209,11,0,0.0,0,1,0,7.0,6.7,1,0,low,size_issue,28.5,1,1,0,0
TX104052,CUST002294,2415.97,Books,UPI,21.2,28.3,38,320,7,1,0.143,0,0,0,3.7,0.0,2,0,medium,size_issue,12.1,0,2,0,0
TX104053,CUST002431,1754.27,Electronics,Debit Card,30.9,14.9,40,534,9,0,0.0,0,0,0,,,1,0,low,no_return,29.3,0,0,0,0
TX104054,CUST000018,2231.59,Footwear,Credit Card,19.5,5.0,35,253,4,0,0.0,0,0,0,,,2,0,low,no_return,19.7,1,1,0,0
TX104055,CUST001134,2382.97,Grocery,Debit Card,18.9,0.5,21,541,4,2,0.5,0,0,0,4.9,4.7,2,0,low,changed_mind,28.2,0,1,0,1
TX104056,CUST002540,903.91,Home,COD,26.0,10.5,18,70,10,2,0.2,1,1,0,,,3,0,low,no_return,10.5,0,3,0,0
TX104057,CUST001591,3512.84,Fashion,Debit Card,36.2,7.3,47,25,4,0,0.0,0,0,0,0.2,0.0,1,1,low,changed_mind_repeated,22.3,0,1,0,0
TX104058,CUST000616,1392.79,Fashion,Net Banking,13.7,20.9,34,123,9,1,0.111,0,0,0,,,2,0,low,no_return,16.0,0,2,0,0
TX104059,CUST001780,4530.0,Fashion,COD,21.3,6.0,32,794,9,0,0.0,0,0,0,21.5,20.7,1,1,low,changed_mind_repeated,10.4,0,2,0,0
TX104060,CUST000435,2065.3,Electronics,Debit Card,33.1,3.0,50,42,9,0,0.0,0,0,0,4.8,3.7,0,0,medium,size_issue,36.7,0,3,0,0
TX104061,CUST000066,3551.82,Beauty,UPI,23.0,36.2,21,704,6,0,0.0,0,0,0,17.4,15.9,2,1,low,changed_mind,11.0,0,2,0,0
TX104062,CUST001897,2925.95,Home,Credit Card,0.0,12.8,18,599,8,0,0.0,0,0,0,3.7,2.6,1,0,low,not_needed,8.5,0,2,0,0
TX104063,CUST001545,726.14,Home,Credit Card,6.4,12.9,18,425,6,2,0.333,0,0,0,,,1,0,low,no_return,31.5,1,0,0,0
TX104064,CUST002269,4276.8,Grocery,Debit Card,24.0,7.0,26,19,10,0,0.0,0,0,0,15.9,14.9,1,1,low,changed_mind,26.0,1,2,0,0
TX104065,CUST001035,1084.39,Home,Credit Card,10.2,12.8,33,442,7,1,0.143,0,1,0,0.6,0.0,0,0,low,not_needed,34.4,1,2,0,0
TX104066,CUST002562,1328.15,Electronics,Debit Card,32.3,16.4,45,95,9,0,0.0,0,0,0,,,1,0,high,no_return,69.5,4,3,0,0
TX104067,CUST001264,1411.67,Footwear,Credit Card,37.3,7.4,40,248,13,0,0.0,0,0,0,12.3,11.7,1,0,low,size_issue,28.5,0,2,0,0
TX104068,CUST002214,542.83,Home,Debit Card,7.9,5.4,18,282,9,1,0.111,1,1,0,,,3,0,medium,no_return,25.6,0,2,0,0
TX104069,CUST000301,2129.49,Grocery,Credit Card,2.6,7.1,60,43,4,0,0.0,0,0,0,,,0,0,low,no_return,55.6,3,3,0,1
TX104070,CUST000292,3694.08,Footwear,Net Banking,10.7,7.4,27,2281,15,0,0.0,0,0,0,4.5,4.3,0,1,low,defective,17.7,2,1,0,0
TX104071,CUST002348,4460.5,Books,Credit Card,10.0,2.0,44,479,4,0,0.0,0,1,0,0.1,0.0,1,1,low,defective,8.3,0,4,0,0
TX104072,CUST002502,1653.67,Beauty,COD,33.4,18.0,37,57,6,0,0.0,0,0,0,,,3,0,medium,no_return,15.4,0,2,0,0
TX104073,CUST002827,1852.08,Sports,Debit Card,2.6,0.5,32,97,6,1,0.167,0,0,0,,,0,0,low,no_return,10.8,1,1,0,0
TX104074,CUST000974,3056.9,Footwear,Credit Card,23.9,20.1,29,681,12,0,0.0,0,0,0,,,3,0,low,no_return,20.8,0,3,1,0
TX104075,CUST000067,1685.36,Toys,COD,31.7,18.5,20,1477,12,0,0.0,0,0,0,3.0,1.5,0,0,medium,size_issue,19.7,2,3,0,0
TX104076,CUST002939,3906.26,Fashion,Net Banking,24.8,18.3,19,419,11,0,0.0,0,1,0,11.9,11.4,2,1,high,not_as_described_repeated,19.0,1,2,0,0
TX104077,CUST001804,1790.94,Grocery,COD,20.2,12.3,30,315,6,0,0.0,0,0,0,,,0,0,low,no_return,41.0,1,4,0,0
TX104078,CUST000742,980.75,Footwear,Net Banking,13.1,19.8,18,41,9,0,0.0,0,0,0,,,0,0,low,no_return,35.4,0,1,0,0
TX104079,CUST002291,2166.35,Toys,Credit Card,37.2,17.5,48,200,4,0,0.0,0,1,0,,,1,0,low,no_return,21.6,1,2,0,0
TX104080,CUST002711,621.86,Electronics,Net Banking,12.1,2.0,32,315,4,0,0.0,0,0,0,,,2,0,low,no_return,12.5,0,0,0,0
TX104081,CUST000855,2147.26,Home,Net Banking,26.4,7.2,52,234,13,2,0.154,0,0,0,,,1,0,low,no_return,20.1,1,0,0,0
TX104082,CUST002309,2422.02,Beauty,COD,13.1,22.6,27,663,9,0,0.0,0,0,0,1.6,0.0,1,0,low,changed_mind_repeated,42.1,0,2,0,0
TX104083,CUST002362,1088.22,Fashion,COD,0.0,13.9,26,218,4,0,0.0,0,1,1,4.7,3.8,3,0,low,not_as_described_repeated,17.2,1,2,0,0
TX104084,CUST001505,2360.0,Grocery,COD,11.8,0.8,37,1256,9,0,0.0,0,0,0,3.6,2.7,1,0,low,size_issue,28.9,0,0,0,0
TX104085,CUST001897,1548.99,Beauty,Credit Card,13.1,19.4,29,350,7,1,0.143,0,0,0,3.5,2.3,1,0,medium,changed_mind_repeated,12.3,0,1,0,0
TX104086,CUST000809,1056.34,Fashion,Debit Card,13.3,6.3,41,272,12,2,0.167,1,0,0,23.3,21.6,2,0,low,defective,74.3,2,3,0,0
TX104087,CUST002787,560.38,Fashion,Credit Card,7.1,3.8,46,15,7,3,0.429,0,1,0,1.2,1.0,0,0,low,changed_mind,40.9,3,2,0,1
TX104088,CUST002949,674.38,Footwear,Debit Card,22.5,33.7,42,465,9,1,0.111,0,0,0,2.6,1.9,0,0,low,changed_mind_repeated,26.3,0,1,0,0
TX104089,CUST002943,4821.48,Footwear,Credit Card,23.8,7.1,45,311,3,0,0.0,0,0,0,5.7,5.2,3,1,low,size_issue,12.8,1,3,0,0
TX104090,CUST002211,1505.91,Toys,COD,11.3,0.5,40,488,9,1,0.111,0,0,0,,,0,0,low,no_return,30.0,1,2,0,0
TX104091,CUST000127,2383.48,Footwear,Credit Card,11.2,14.9,26,292,7,2,0.286,0,0,0,,,2,0,low,no_return,36.0,1,1,0,1
TX104092,CUST001099,1644.38,Mobile,Credit Card,2.4,4.6,43,758,7,0,0.0,0,0,0,14.9,14.7,2,0,low,not_needed,12.8,0,2,0,0
TX104093,CUST001335,4896.84,Beauty,UPI,18.1,13.8,38,22,11,0,0.0,0,0,0,0.5,0.0,2,1,low,not_needed,41.8,2,3,0,1
TX104094,CUST002879,1060.0,Electronics,UPI,31.5,6.2,25,408,8,0,0.0,0,0,0,,,0,0,high,no_return,23.9,1,4,0,0
TX104095,CUST001641,1959.99,Toys,Debit Card,31.5,0.5,27,566,6,1,0.167,0,0,0,,,2,0,low,no_return,34.0,1,0,0,0
TX104096,CUST001608,1321.81,Grocery,Credit Card,7.8,0.7,31,139,4,0,0.0,0,0,0,7.6,7.3,4,0,low,changed_mind_repeated,2.9,0,1,0,0
TX104097,CUST000441,3527.14,Home,UPI,38.9,20.2,43,32,9,0,0.0,0,0,0,11.5,6.0,0,1,low,not_as_described,21.6,1,3,0,0
TX104098,CUST002381,2366.87,Mobile,Credit Card,10.7,4.1,33,942,7,0,0.0,0,0,0,,,3,0,medium,no_return,12.8,1,1,0,0
TX104099,CUST001009,1912.06,Fashion,Credit Card,2.8,17.4,31,227,3,0,0.0,0,1,0,,,2,0,low,no_return,19.3,1,0,0,0
TX104100,CUST000276,742.34,Footwear,UPI,0.0,0.8,30,841,12,3,0.25,2,0,0,,,1,0,low,no_return,15.2,0,1,0,0
TX104101,CUST002962,6279.57,Sports,UPI,2.1,3.7,28,221,8,0,0.0,0,0,0,,,3,1,low,no_return,10.4,1,1,0,0
TX104102,CUST000571,1676.99,Electronics,COD,19.0,8.5,20,218,9,1,0.111,0,0,0,3.5,1.1,2,0,low,not_as_described,53.9,0,1,0,0
TX104103,CUST000049,937.23,Footwear,COD,11.9,6.8,39,571,5,0,0.0,0,0,0,,,2,0,low,no_return,22.4,1,1,0,0
TX104104,CUST000234,562.26,Books,Wallet,7.4,5.3,21,189,9,0,0.0,0,1,0,,,2,0,low,no_return,45.4,0,1,0,0
TX104105,CUST001358,657.94,Grocery,UPI,4.8,4.9,32,162,13,1,0.077,0,0,0,,,1,0,low,no_return,23.1,1,0,0,0
TX104106,CUST000309,1899.77,Grocery,Credit Card,2.0,9.5,27,1580,5,1,0.2,1,1,0,,,2,0,low,no_return,6.8,1,3,0,0
TX104107,CUST002528,3562.38,Fashion,UPI,4.3,0.6,39,1,10,0,0.0,0,0,0,,,1,1,low,no_return,19.9,0,0,0,0
TX104108,CUST001537,2264.81,Fashion,Debit Card,27.2,0.7,28,122,5,0,0.0,0,0,0,,,3,0,low,no_return,64.1,0,1,0,0
TX104109,CUST000972,586.56,Electronics,UPI,36.6,10.7,21,386,3,0,0.0,0,0,0,,,2,0,low,no_return,11.3,2,1,0,0
TX104110,CUST000010,1897.1,Electronics,UPI,37.4,11.0,41,515,12,2,0.167,0,1,0,,,1,0,medium,no_return,2.0,2,1,0,1
TX104111,CUST001439,4253.62,Fashion,Debit Card,23.2,21.7,23,585,8,2,0.25,0,2,0,14.1,9.6,1,1,low,not_needed,24.2,0,2,0,0
TX104112,CUST000454,1470.13,Sports,Credit Card,9.1,14.3,33,265,7,1,0.143,0,1,0,,,3,0,low,no_return,9.2,0,1,0,0
TX104113,CUST002934,2269.3,Electronics,Debit Card,7.0,1.0,44,227,7,0,0.0,0,0,0,,,1,0,low,no_return,15.5,1,1,0,0
TX104114,CUST000873,1515.07,Sports,Debit Card,24.1,0.5,24,24,11,0,0.0,0,0,0,7.6,6.1,2,0,low,defective,38.7,1,2,0,0
TX104115,CUST001425,2603.68,Fashion,COD,12.0,24.2,30,46,7,2,0.286,0,4,0,,,1,0,low,no_return,5.4,2,3,0,1
TX104116,CUST000056,1048.16,Fashion,Credit Card,19.9,4.5,27,980,13,1,0.077,0,0,0,5.8,5.3,0,0,low,defective,1.6,0,0,0,0
TX104117,CUST000393,180.14,Mobile,UPI,38.2,15.3,33,295,8,1,0.125,0,0,0,,,0,0,low,no_return,19.6,0,0,0,0
TX104118,CUST000623,774.73,Mobile,Debit Card,17.6,0.6,31,55,6,0,0.0,0,0,0,,,2,0,low,no_return,7.4,0,0,0,0
TX104119,CUST000156,1344.05,Toys,UPI,42.3,13.1,41,1070,5,0,0.0,0,0,0,,,4,0,low,no_return,9.7,1,2,0,0
TX104120,CUST002178,1770.92,Electronics,UPI,1.5,1.7,25,106,8,1,0.125,0,0,0,,,1,0,medium,no_return,21.8,2,1,0,1
TX104121,CUST002836,1381.94,Books,Credit Card,20.4,42.3,44,401,11,0,0.0,0,0,0,,,3,0,medium,no_return,24.2,0,0,0,0
TX104122,CUST002956,1362.65,Fashion,UPI,18.8,10.6,48,470,9,0,0.0,0,0,0,,,1,0,low,no_return,20.1,1,0,0,0
TX104123,CUST000798,3581.6,Sports,UPI,3.2,14.4,34,1761,7,0,0.0,0,0,0,,,0,1,medium,no_return,17.8,0,2,0,0
TX104124,CUST002366,868.85,Footwear,Debit Card,24.6,14.6,24,95,4,0,0.0,0,0,0,3.3,1.6,1,0,low,changed_mind,15.0,1,3,1,0
TX104125,CUST001512,1905.67,Home,COD,33.4,6.0,31,169,6,0,0.0,0,1,0,,,0,0,high,no_return,9.0,1,2,0,0
TX104126,CUST000138,614.71,Footwear,UPI,41.4,15.4,30,223,7,0,0.0,0,0,0,,,0,0,low,no_return,19.0,0,0,0,0
TX104127,CUST000273,2955.51,Grocery,Debit Card,19.9,0.5,49,414,13,2,0.154,0,1,0,0.2,0.1,1,0,medium,not_as_described,39.2,0,1,0,0
TX104128,CUST001643,2226.39,Fashion,Wallet,0.0,2.2,30,295,7,0,0.0,0,0,0,,,2,0,low,no_return,13.1,0,2,0,0
TX104129,CUST001271,6203.6,Electronics,UPI,20.7,11.4,45,165,5,0,0.0,0,0,0,6.9,6.3,2,1,low,size_issue,4.5,2,3,0,1
TX104130,CUST000026,844.33,Toys,COD,23.9,6.6,33,488,5,0,0.0,0,0,0,8.5,8.1,0,0,low,size_issue,9.2,1,1,0,0
TX104131,CUST002790,5045.59,Home,UPI,12.2,38.7,32,416,3,1,0.333,1,1,0,0.1,0.0,0,1,medium,not_as_described_repeated,36.5,0,1,0,0
TX104132,CUST002191,930.26,Electronics,Net Banking,17.6,41.9,28,286,5,0,0.0,0,0,0,,,0,0,low,no_return,10.7,1,1,0,0
TX104133,CUST001507,1462.27,Electronics,UPI,9.2,0.9,29,185,6,0,0.0,0,1,0,,,1,0,low,no_return,25.6,0,3,0,0
TX104134,CUST002960,692.19,Mobile,UPI,13.4,13.6,40,58,11,1,0.091,0,1,0,8.7,3.4,0,0,medium,changed_mind,15.8,0,0,0,0
TX104135,CUST002913,6153.13,Fashion,Wallet,27.2,4.9,24,129,3,1,0.333,1,0,0,,,2,1,low,no_return,27.2,2,2,0,0
TX104136,CUST002921,2453.0,Mobile,Debit Card,31.7,14.6,41,188,9,1,0.111,0,0,1,,,2,0,low,no_return,42.1,2,5,0,0
TX104137,CUST000777,2470.3,Grocery,UPI,0.0,33.9,46,118,12,2,0.167,1,2,0,1.7,0.4,2,0,low,changed_mind,9.6,0,2,0,1
TX104138,CUST002642,993.61,Fashion,COD,8.9,12.8,26,798,9,0,0.0,0,0,0,,,1,0,low,no_return,30.2,0,1,0,0
TX104139,CUST001514,299.0,Home,Net Banking,0.0,0.8,44,167,9,4,0.444,0,0,0,,,2,0,low,no_return,21.0,0,1,0,0
TX104140,CUST002178,1420.82,Toys,Credit Card,37.1,2.5,42,832,11,3,0.273,0,0,0,0.8,0.0,2,0,low,not_as_described_repeated,33.9,0,3,0,0
TX104141,CUST002578,1239.4,Home,UPI,25.4,6.1,40,320,11,4,0.364,0,2,0,,,2,0,low,no_return,12.5,1,2,0,0
TX104142,CUST000490,437.93,Electronics,UPI,0.0,1.5,25,135,7,3,0.429,1,0,0,,,3,0,low,no_return,31.7,1,2,0,0
TX104143,CUST001345,1487.32,Fashion,Net Banking,14.2,0.6,30,24,5,1,0.2,0,1,1,,,1,0,low,no_return,42.5,1,0,0,1
TX104144,CUST000387,1908.07,Footwear,UPI,11.6,2.7,30,10,8,0,0.0,0,0,0,23.6,22.9,1,0,low,changed_mind,14.5,0,0,0,0
TX104145,CUST000839,2563.24,Grocery,Credit Card,5.9,21.3,52,49,9,0,0.0,0,1,0,,,2,0,low,no_return,13.8,2,0,0,0
TX104146,CUST001241,328.66,Beauty,UPI,27.4,23.3,31,628,11,1,0.091,1,3,0,,,2,0,medium,no_return,35.2,1,1,0,0
TX104147,CUST002566,724.18,Fashion,UPI,27.2,13.6,30,85,6,1,0.167,0,0,0,0.2,0.0,1,0,low,not_as_described_repeated,39.9,2,2,0,0
TX104148,CUST002588,1019.23,Beauty,Debit Card,18.2,0.8,20,808,10,0,0.0,0,0,0,,,2,0,low,no_return,31.3,0,0,0,0
TX104149,CUST001170,3682.56,Toys,Credit Card,7.3,22.7,22,681,10,4,0.4,1,2,0,,,2,1,low,no_return,41.6,0,2,0,0
TX104150,CUST000988,3637.84,Electronics,UPI,7.4,6.6,25,157,4,0,0.0,0,0,0,,,1,1,high,no_return,6.8,0,1,0,0
TX104151,CUST001592,2365.71,Mobile,UPI,15.5,9.2,35,3,5,0,0.0,0,0,0,,,3,0,low,no_return,40.8,0,0,0,0
TX104152,CUST002735,1469.03,Footwear,UPI,9.5,30.8,18,24,8,0,0.0,0,0,0,,,2,0,medium,no_return,32.5,1,0,0,0
TX104153,CUST002929,3828.57,Fashion,UPI,14.9,5.1,25,460,12,0,0.0,0,1,0,,,1,1,medium,no_return,2.7,0,1,0,0
TX104154,CUST000681,2177.18,Footwear,UPI,21.7,3.2,18,616,11,0,0.0,0,0,0,10.0,8.3,1,0,low,size_issue,27.8,0,2,0,0
TX104155,CUST000560,3693.43,Grocery,COD,0.0,5.8,46,412,3,0,0.0,0,1,0,2.4,1.3,0,1,low,not_as_described,10.5,0,1,0,0
TX104156,CUST002120,2438.02,Grocery,UPI,5.9,7.5,33,127,6,0,0.0,0,0,0,4.2,1.4,4,0,low,defective,9.0,0,1,0,0
TX104157,CUST000904,484.71,Electronics,Credit Card,14.6,12.0,35,1704,13,1,0.077,0,2,0,,,0,0,low,no_return,32.4,0,2,0,0
TX104158,CUST000600,295.98,Footwear,Debit Card,33.8,12.7,21,235,8,0,0.0,0,0,0,0.4,0.0,1,0,medium,changed_mind_repeated,18.5,0,1,0,0
TX104159,CUST000094,1366.66,Home,COD,25.1,7.5,43,104,13,0,0.0,0,0,0,1.8,1.6,2,0,medium,changed_mind,16.1,1,4,0,1
TX104160,CUST001210,3191.66,Toys,Debit Card,15.0,6.5,47,136,10,0,0.0,0,0,0,,,1,0,low,no_return,8.5,0,3,0,0
TX104161,CUST001176,1227.95,Fashion,Wallet,19.8,3.1,32,11,6,0,0.0,0,0,0,7.2,5.9,0,0,low,size_issue,26.4,0,1,0,0
TX104162,CUST001689,4303.92,Fashion,UPI,13.8,15.7,27,899,9,0,0.0,0,2,0,0.9,0.0,0,1,low,not_needed,26.8,2,2,0,0
TX104163,CUST000601,3007.34,Mobile,UPI,27.9,6.7,37,353,5,0,0.0,0,0,0,1.8,1.5,0,0,low,not_needed,29.4,2,0,0,0
TX104164,CUST002143,4065.1,Beauty,UPI,20.2,41.8,39,55,8,0,0.0,0,0,0,,,1,1,low,no_return,35.9,1,1,0,0
TX104165,CUST002040,1393.68,Electronics,UPI,30.3,7.4,40,68,16,1,0.062,0,0,0,,,3,0,low,no_return,17.9,2,3,0,0
TX104166,CUST001387,891.03,Toys,Wallet,0.0,3.8,38,196,8,1,0.125,0,3,0,,,1,0,medium,no_return,13.2,0,2,0,0
TX104167,CUST000544,796.54,Fashion,Debit Card,5.3,3.6,41,780,7,1,0.143,0,0,0,,,1,0,medium,no_return,25.1,2,0,0,0
TX104168,CUST001521,2591.14,Footwear,COD,18.3,7.8,25,1194,10,0,0.0,0,1,0,5.3,3.5,0,0,low,not_as_described,43.7,0,1,0,0
TX104169,CUST002024,517.43,Footwear,Wallet,20.9,15.3,41,52,8,0,0.0,0,1,0,,,1,0,low,no_return,4.8,0,2,0,0
TX104170,CUST001118,543.37,Electronics,COD,43.8,42.7,27,418,7,1,0.143,0,1,0,,,0,0,low,no_return,46.3,2,0,0,1
TX104171,CUST000791,1176.4,Sports,Credit Card,0.0,13.4,18,203,7,0,0.0,0,0,0,,,3,0,medium,no_return,36.0,0,1,0,0
TX104172,CUST001520,2122.92,Mobile,Net Banking,14.6,20.9,27,547,10,4,0.4,0,1,0,5.8,5.0,2,0,low,defective,35.6,0,1,0,0
TX104173,CUST001066,1031.69,Mobile,Credit Card,14.1,6.2,26,51,13,2,0.154,0,0,0,,,4,0,low,no_return,3.8,0,1,1,0
TX104174,CUST001202,3643.02,Beauty,UPI,17.9,21.8,34,709,11,0,0.0,0,0,0,1.7,1.1,0,1,low,changed_mind,33.9,3,1,0,0
TX104175,CUST001047,4102.11,Grocery,Debit Card,35.8,43.2,40,35,8,0,0.0,0,0,0,,,1,1,low,no_return,8.1,0,4,0,0
TX104176,CUST000911,225.41,Sports,Net Banking,25.5,20.7,33,1501,7,1,0.143,0,1,0,,,3,0,low,no_return,18.7,0,3,0,0
TX104177,CUST002150,2468.9,Fashion,COD,0.0,4.4,52,682,9,0,0.0,0,0,0,,,0,0,low,no_return,27.4,0,3,0,0
TX104178,CUST001381,1232.26,Grocery,Credit Card,33.4,8.5,26,174,9,1,0.111,0,0,0,,,1,0,high,no_return,19.2,3,1,0,1
TX104179,CUST001400,3285.33,Fashion,Net Banking,33.1,19.2,18,678,11,2,0.182,0,0,0,,,0,0,low,no_return,23.7,0,0,0,0
TX104180,CUST001959,2524.71,Fashion,Credit Card,18.2,25.8,34,482,7,0,0.0,0,1,0,,,0,0,low,no_return,21.7,1,3,0,0
TX104181,CUST001084,2056.23,Home,Debit Card,0.0,8.1,26,502,7,1,0.143,1,0,0,,,2,0,low,no_return,16.9,0,2,0,0
TX104182,CUST000304,1675.36,Footwear,Credit Card,13.2,2.8,21,461,3,0,0.0,0,0,0,,,1,0,low,no_return,30.3,0,2,0,0
TX104183,CUST002558,545.41,Fashion,UPI,20.6,0.5,29,551,10,5,0.5,0,1,0,6.1,5.1,0,0,low,defective,33.2,0,2,0,0
TX104184,CUST000168,6769.77,Fashion,Credit Card,27.0,11.9,24,135,8,0,0.0,0,3,1,2.1,0.3,0,1,low,defective,42.3,0,0,0,0
TX104185,CUST001716,717.88,Electronics,Net Banking,0.0,8.1,25,181,6,0,0.0,0,1,0,0.5,0.0,3,0,low,changed_mind,18.1,0,3,0,0
TX104186,CUST000798,5080.16,Electronics,Wallet,5.8,0.5,47,978,7,0,0.0,0,0,0,,,2,1,low,no_return,42.3,0,4,0,0
TX104187,CUST000642,2849.72,Mobile,UPI,28.2,2.2,33,454,5,0,0.0,0,0,0,,,3,0,medium,no_return,6.0,0,3,0,0
TX104188,CUST000126,1277.09,Home,UPI,33.0,14.6,29,521,5,0,0.0,0,0,0,,,1,0,low,no_return,28.9,1,5,0,0
TX104189,CUST002700,1143.59,Fashion,UPI,20.2,8.2,47,543,9,1,0.111,0,0,0,,,0,0,low,no_return,27.9,1,2,0,0
TX104190,CUST001288,527.79,Mobile,COD,28.8,17.5,29,72,3,1,0.333,0,0,0,,,1,0,low,no_return,36.9,0,0,0,0
TX104191,CUST001028,1878.81,Electronics,Debit Card,20.5,0.5,19,74,13,2,0.154,0,0,0,,,0,0,low,no_return,18.9,1,1,0,0
TX104192,CUST002223,511.35,Beauty,Debit Card,26.6,14.0,18,822,6,3,0.5,1,1,0,,,2,0,high,no_return,25.6,0,1,0,0
TX104193,CUST000117,3776.95,Toys,UPI,16.7,14.9,31,1248,7,1,0.143,1,1,0,,,0,1,medium,no_return,9.5,0,2,0,0
TX104194,CUST001694,2196.11,Toys,UPI,20.8,10.0,18,275,6,1,0.167,1,0,0,9.1,7.1,2,0,low,changed_mind,17.9,0,1,0,1
TX104195,CUST001484,1794.53,Fashion,Net Banking,0.3,30.1,20,299,6,1,0.167,0,0,0,10.0,8.8,2,0,low,not_as_described_repeated,37.2,2,2,0,0
TX104196,CUST001660,1955.84,Grocery,Debit Card,23.7,4.8,28,71,13,2,0.154,0,0,0,4.6,4.5,3,0,low,changed_mind,21.7,1,2,0,0
TX104197,CUST000372,2255.88,Grocery,UPI,0.0,39.0,43,765,8,0,0.0,0,0,0,,,3,0,low,no_return,36.7,0,0,0,0
TX104198,CUST002857,1443.53,Grocery,UPI,23.7,14.0,44,120,12,0,0.0,0,0,0,,,0,0,low,no_return,3.1,2,0,0,0
TX104199,CUST000716,1583.19,Fashion,UPI,9.7,3.3,38,284,5,0,0.0,0,1,0,,,2,0,low,no_return,12.4,0,5,0,0
TX104200,CUST002035,5425.79,Toys,UPI,19.4,11.0,31,624,9,0,0.0,0,0,0,,,2,1,low,no_return,41.7,0,1,0,0
TX104201,CUST002241,3539.48,Sports,UPI,3.6,3.6,26,41,6,0,0.0,0,3,0,,,1,1,low,no_return,10.7,0,3,0,0
TX104202,CUST001032,2770.61,Books,COD,9.0,4.4,35,891,7,0,0.0,0,0,0,,,1,0,low,no_return,14.6,0,2,0,0
TX104203,CUST000393,1277.34,Mobile,UPI,19.4,3.0,49,201,5,0,0.0,0,0,0,,,1,0,low,no_return,7.7,0,3,0,0
TX104204,CUST000890,385.22,Footwear,Credit Card,24.1,9.1,33,266,7,2,0.286,2,2,0,,,1,0,high,no_return,13.5,0,0,0,0
TX104205,CUST002421,2563.68,Toys,Debit Card,28.1,1.2,27,269,7,1,0.143,1,0,0,,,1,0,low,no_return,54.5,0,0,0,1
TX104206,CUST002719,1952.05,Fashion,Credit Card,1.2,6.9,30,333,13,0,0.0,0,0,0,,,0,0,low,no_return,18.3,1,1,0,0
TX104207,CUST002810,1558.5,Electronics,Credit Card,0.0,18.1,29,786,3,0,0.0,0,0,0,,,1,0,low,no_return,18.9,0,3,0,0
TX104208,CUST000679,1735.93,Sports,Net Banking,3.3,33.1,37,105,8,1,0.125,0,0,0,1.7,1.3,0,0,low,not_as_described,15.9,0,0,0,0
TX104209,CUST001819,750.23,Electronics,UPI,2.2,19.3,24,109,11,0,0.0,0,1,0,1.9,0.9,2,0,low,not_needed,9.1,2,0,0,0
TX104210,CUST000453,923.23,Books,COD,33.8,4.2,36,843,6,2,0.333,2,2,1,,,0,0,medium,no_return,36.9,0,0,0,0
TX104211,CUST002131,3544.05,Books,UPI,31.1,1.1,37,505,10,1,0.1,1,1,1,0.3,0.0,0,1,low,defective,20.1,1,1,0,0
TX104212,CUST001248,316.43,Sports,UPI,3.0,22.4,35,173,12,1,0.083,0,0,0,1.4,0.3,2,0,low,not_as_described_repeated,70.1,0,3,0,0
TX104213,CUST002141,3224.44,Fashion,UPI,35.5,6.0,21,236,7,0,0.0,0,0,0,16.7,15.3,0,0,low,size_issue,9.8,2,1,0,0
TX104214,CUST002055,4426.62,Footwear,Debit Card,30.4,2.0,30,942,2,0,0.0,0,0,0,0.4,0.2,5,1,low,not_as_described,15.3,0,1,0,0
TX104215,CUST002978,2528.15,Sports,Credit Card,0.0,1.4,26,226,6,1,0.167,0,0,0,,,2,0,low,no_return,11.7,1,2,0,0
TX104216,CUST001466,2446.6,Beauty,COD,2.6,2.1,31,508,8,1,0.125,0,0,0,8.9,7.5,3,0,low,not_as_described,16.7,1,1,0,0
TX104217,CUST001025,917.16,Sports,UPI,0.0,34.8,25,741,8,1,0.125,0,0,0,0.3,0.0,0,0,medium,not_as_described,52.1,0,1,0,0
TX104218,CUST001580,1022.13,Electronics,Debit Card,14.0,19.5,44,229,5,0,0.0,0,0,0,,,1,0,high,no_return,27.0,0,2,0,0
TX104219,CUST000489,1354.51,Books,UPI,15.2,6.7,33,1166,10,0,0.0,0,1,0,,,3,0,medium,no_return,13.1,1,0,0,1
TX104220,CUST000336,637.01,Electronics,UPI,15.2,24.3,18,222,7,1,0.143,0,1,0,,,4,0,medium,no_return,10.0,0,1,0,0
TX104221,CUST001557,967.18,Sports,Debit Card,0.0,2.6,18,1059,8,3,0.375,0,2,0,2.5,1.1,4,0,low,changed_mind_repeated,27.2,1,0,0,0
TX104222,CUST002476,1947.22,Fashion,UPI,0.0,29.7,44,107,5,0,0.0,0,0,0,3.8,3.2,3,0,medium,changed_mind_repeated,6.9,0,1,0,0
TX104223,CUST001600,1296.14,Fashion,Credit Card,18.1,3.7,30,134,8,1,0.125,0,0,1,,,3,0,low,no_return,15.9,2,1,0,0
TX104224,CUST002345,2064.86,Fashion,Debit Card,22.5,6.0,28,396,3,0,0.0,0,0,0,1.4,1.1,2,0,low,not_as_described_repeated,8.7,3,2,0,0
TX104225,CUST000534,3535.56,Electronics,COD,0.0,14.4,43,1736,7,0,0.0,0,0,0,,,1,1,high,no_return,29.4,0,1,1,0
TX104226,CUST001348,2054.05,Footwear,COD,0.0,2.1,30,20,6,0,0.0,0,0,0,22.3,21.4,1,0,low,defective,14.1,1,1,0,0
TX104227,CUST001839,2464.8,Toys,UPI,27.3,1.4,20,240,7,0,0.0,0,0,0,15.4,13.9,1,0,low,not_needed,11.1,0,1,0,0
TX104228,CUST001043,504.73,Electronics,UPI,0.3,5.5,20,63,12,2,0.167,2,1,0,,,1,0,low,no_return,12.7,1,3,0,0
TX104229,CUST000043,3495.09,Electronics,Credit Card,14.8,1.4,38,425,11,1,0.091,0,0,0,,,1,1,low,no_return,47.8,1,0,0,0
TX104230,CUST000221,494.58,Toys,UPI,0.0,10.5,52,897,5,0,0.0,0,0,0,,,0,0,low,no_return,31.6,1,1,0,0
TX104231,CUST002783,1231.88,Electronics,Credit Card,25.0,1.0,40,705,10,0,0.0,0,0,0,,,2,0,medium,no_return,30.5,0,2,0,0
TX104232,CUST001815,778.83,Beauty,Credit Card,0.0,6.2,28,422,10,0,0.0,0,0,0,,,2,0,low,no_return,23.2,2,1,0,0
TX104233,CUST000794,386.86,Electronics,Credit Card,11.3,3.1,29,561,8,4,0.5,1,1,0,,,1,0,low,no_return,39.5,0,0,0,0
TX104234,CUST000777,1982.08,Sports,Credit Card,26.3,30.2,32,120,6,2,0.333,0,1,0,,,2,0,low,no_return,10.4,0,2,0,0
TX104235,CUST000119,2607.22,Mobile,UPI,22.3,17.9,18,1235,6,0,0.0,0,0,0,2.5,1.9,2,0,low,not_as_described,14.8,1,0,0,0
TX104236,CUST002834,4499.49,Fashion,UPI,9.4,33.7,32,55,10,1,0.1,0,0,0,,,1,1,medium,no_return,11.6,1,4,0,0
TX104237,CUST000325,2177.84,Mobile,UPI,6.6,1.6,37,410,6,0,0.0,0,0,0,0.6,0.0,3,0,low,not_as_described_repeated,20.7,1,4,0,0
TX104238,CUST002278,962.77,Footwear,UPI,12.2,4.8,49,197,8,1,0.125,1,0,0,6.4,4.6,0,0,low,changed_mind_repeated,33.5,0,1,0,0
TX104239,CUST000721,1274.02,Mobile,COD,0.0,16.9,42,876,14,0,0.0,0,0,0,15.7,14.6,2,0,low,not_as_described,46.0,0,3,0,0
TX104240,CUST001007,431.32,Books,UPI,13.8,5.3,51,1603,6,0,0.0,0,0,0,,,2,0,low,no_return,21.0,1,1,0,0
TX104241,CUST000822,1372.5,Footwear,UPI,14.0,29.9,48,54,5,0,0.0,0,0,0,,,1,0,low,no_return,70.0,0,1,0,0
TX104242,CUST002473,1776.5,Sports,Net Banking,10.0,17.0,45,238,5,2,0.4,0,0,0,,,1,0,low,no_return,38.5,1,2,0,0
TX104243,CUST000099,2534.67,Footwear,Credit Card,27.0,23.5,32,19,5,0,0.0,0,0,0,,,1,0,medium,no_return,48.4,3,1,0,0
TX104244,CUST001057,2996.59,Electronics,UPI,2.2,49.0,35,47,8,0,0.0,0,0,0,,,3,0,low,no_return,6.5,2,0,0,0
TX104245,CUST000838,2479.65,Books,COD,0.0,12.2,18,23,7,1,0.143,0,0,0,2.5,1.6,1,0,low,not_as_described_repeated,48.1,1,3,0,0
TX104246,CUST000819,888.29,Grocery,Debit Card,8.7,3.1,33,949,7,0,0.0,0,0,0,28.0,27.3,2,0,low,not_as_described_repeated,32.0,0,0,0,0
TX104247,CUST000579,710.53,Electronics,Net Banking,16.5,11.9,37,85,12,0,0.0,0,1,0,,,0,0,low,no_return,21.2,0,0,0,0
TX104248,CUST002737,2857.0,Fashion,Net Banking,13.7,4.7,29,469,5,1,0.2,1,1,0,,,1,0,low,no_return,30.0,0,0,0,0
TX104249,CUST001136,377.09,Fashion,Debit Card,13.2,31.6,18,503,8,0,0.0,0,0,0,,,1,0,medium,no_return,33.9,0,1,0,0
TX104250,CUST001255,5899.57,Home,UPI,1.5,3.6,47,261,7,0,0.0,0,0,0,,,2,1,low,no_return,47.9,0,0,0,0
TX104251,CUST001156,1030.38,Fashion,Credit Card,3.2,4.1,36,1016,5,1,0.2,0,1,0,,,2,0,medium,no_return,26.3,0,1,0,0
TX104252,CUST002940,3810.19,Fashion,UPI,9.1,26.4,49,23,9,6,0.667,0,3,0,6.4,6.2,0,1,low,not_as_described_repeated,26.6,1,5,0,0
TX104253,CUST001017,1171.91,Fashion,Debit Card,8.2,6.9,39,729,12,0,0.0,0,0,0,4.8,3.3,2,0,low,defective,27.1,1,2,0,0
TX104254,CUST001025,2648.06,Sports,Net Banking,28.2,0.5,45,240,3,1,0.333,0,0,0,,,1,0,medium,no_return,30.9,0,5,0,0
TX104255,CUST000984,729.89,Electronics,UPI,18.2,0.6,43,661,8,0,0.0,0,1,0,1.6,1.2,1,0,low,changed_mind_repeated,12.5,0,1,0,0
TX104256,CUST000981,1850.73,Fashion,Net Banking,8.6,6.4,25,689,1,0,0.0,0,0,0,0.9,0.5,2,0,low,defective,25.6,0,0,1,0
TX104257,CUST000270,452.95,Fashion,Debit Card,28.1,3.8,26,15,4,0,0.0,0,0,0,30.0,29.3,1,0,medium,not_needed,27.8,1,5,0,0
TX104258,CUST001813,2256.66,Home,UPI,20.4,10.5,27,408,2,0,0.0,0,0,0,5.2,5.1,0,0,medium,changed_mind,28.8,1,0,0,0
TX104259,CUST000076,720.33,Electronics,Net Banking,0.0,29.0,22,57,9,4,0.444,0,1,0,,,0,0,low,no_return,42.1,1,2,0,1
TX104260,CUST000678,808.25,Mobile,Debit Card,0.0,12.6,49,91,10,2,0.2,0,0,0,,,1,0,low,no_return,15.0,0,1,0,0
TX104261,CUST000607,1322.88,Fashion,Credit Card,0.0,6.1,32,299,8,2,0.25,2,1,0,,,1,0,low,no_return,52.3,0,1,0,0
TX104262,CUST000875,1522.78,Fashion,Credit Card,22.1,1.0,36,129,15,5,0.333,0,1,0,8.1,7.3,0,0,low,not_as_described_repeated,3.1,0,0,0,0
TX104263,CUST002270,2537.22,Sports,UPI,25.7,18.7,18,107,8,0,0.0,0,1,0,,,4,0,low,no_return,24.2,1,1,0,1
TX104264,CUST001798,2371.64,Footwear,UPI,0.0,1.6,40,101,7,0,0.0,0,0,0,,,1,0,high,no_return,11.8,0,2,0,0
TX104265,CUST002972,1985.29,Home,Debit Card,22.9,2.0,27,78,5,0,0.0,0,0,0,,,4,0,low,no_return,14.5,1,1,0,0
TX104266,CUST001054,3217.85,Fashion,Net Banking,22.4,5.0,44,781,11,0,0.0,0,0,0,12.8,11.3,2,0,low,not_needed,48.1,0,3,0,0
TX104267,CUST002785,2327.6,Sports,Debit Card,31.7,38.6,25,329,7,0,0.0,0,1,0,5.1,4.8,1,0,low,not_needed,30.0,3,1,0,0
TX104268,CUST000135,2440.64,Beauty,COD,26.4,5.4,45,1090,13,0,0.0,0,0,0,,,2,0,medium,no_return,28.3,1,2,0,0
TX104269,CUST001513,802.82,Home,COD,31.2,10.8,41,106,14,3,0.214,0,1,1,8.5,5.8,3,0,low,size_issue,32.9,0,3,0,0
TX104270,CUST002396,3379.6,Mobile,UPI,20.9,2.6,27,221,6,1,0.167,0,1,0,,,2,0,high,no_return,51.2,1,3,0,0
TX104271,CUST001595,3114.31,Mobile,COD,20.5,8.9,46,288,10,3,0.3,0,2,0,,,0,0,low,no_return,9.0,0,2,0,1
TX104272,CUST002799,2051.16,Sports,COD,11.0,11.4,43,332,11,0,0.0,0,0,0,1.6,1.4,2,0,low,changed_mind,37.6,0,1,0,0
TX104273,CUST000944,3041.1,Electronics,Credit Card,24.8,10.5,36,6,11,1,0.091,0,0,0,,,2,0,low,no_return,23.6,0,3,0,0
TX104274,CUST000100,1753.58,Sports,Credit Card,0.0,33.2,22,562,10,0,0.0,0,0,0,,,1,0,high,no_return,4.9,0,2,0,0
TX104275,CUST002322,4644.95,Mobile,COD,13.3,7.4,40,83,7,0,0.0,0,1,0,4.4,3.4,0,1,high,size_issue,33.4,2,3,0,0
TX104276,CUST000204,1924.8,Footwear,Wallet,21.5,5.3,32,95,8,0,0.0,0,0,0,,,5,0,low,no_return,15.6,0,2,0,0
TX104277,CUST002294,1712.58,Fashion,Wallet,31.9,22.7,32,401,14,0,0.0,0,0,0,,,1,0,high,no_return,6.0,1,7,0,0
TX104278,CUST002200,2338.93,Fashion,Credit Card,9.3,2.4,32,510,9,0,0.0,0,0,0,,,2,0,low,no_return,7.1,0,4,0,0
TX104279,CUST002532,5266.0,Electronics,COD,26.6,30.3,31,823,7,0,0.0,0,1,0,11.5,11.2,1,1,low,not_as_described,4.6,3,0,0,0
TX104280,CUST001437,1199.0,Toys,Credit Card,12.6,6.1,23,91,8,1,0.125,1,1,0,,,1,0,low,no_return,25.1,0,1,0,0
TX104281,CUST002686,2237.71,Beauty,Net Banking,26.8,5.0,18,519,9,2,0.222,0,0,0,4.4,4.2,1,0,high,not_needed,7.4,1,0,0,0
TX104282,CUST000510,1264.11,Fashion,Debit Card,5.4,15.3,18,99,8,2,0.25,0,0,0,,,1,0,low,no_return,21.0,1,2,0,0
TX104283,CUST001303,1711.07,Fashion,Net Banking,23.7,7.0,34,253,10,1,0.1,0,1,0,,,0,0,low,no_return,10.7,0,1,0,0
TX104284,CUST000366,959.68,Fashion,Wallet,13.9,0.5,18,241,14,2,0.143,1,0,0,0.6,0.4,2,0,low,not_as_described_repeated,48.9,0,0,0,0
TX104285,CUST002300,2398.13,Footwear,Credit Card,0.8,18.3,39,166,11,2,0.182,0,1,0,,,1,0,low,no_return,9.4,0,0,0,0
TX104286,CUST002143,1817.7,Home,Wallet,13.2,5.3,37,90,10,2,0.2,0,0,0,0.6,0.0,2,0,low,size_issue,29.3,1,0,0,0
TX104287,CUST002419,2999.44,Fashion,Debit Card,30.9,7.9,28,732,5,3,0.6,2,2,0,2.4,0.0,0,0,low,not_as_described_repeated,3.1,0,1,0,1
TX104288,CUST002293,3548.45,Books,UPI,2.8,9.4,42,713,5,0,0.0,0,0,0,,,1,1,medium,no_return,22.4,0,1,0,0
TX104289,CUST000926,3898.71,Grocery,UPI,0.0,1.7,29,636,7,1,0.143,1,1,0,,,1,1,low,no_return,45.0,1,2,0,1
TX104290,CUST000205,1299.98,Books,Debit Card,19.8,3.7,36,207,8,1,0.125,0,0,0,13.5,13.3,1,0,medium,size_issue,10.1,0,1,0,0
TX104291,CUST002787,2342.02,Toys,UPI,0.0,33.9,18,272,9,0,0.0,0,0,0,2.4,2.0,0,0,low,size_issue,33.1,1,2,0,0
TX104292,CUST001478,4060.21,Electronics,UPI,33.8,11.8,18,1339,11,3,0.273,0,1,0,0.6,0.4,1,1,low,not_needed,11.0,0,1,0,1
TX104293,CUST000283,954.38,Electronics,Debit Card,33.5,9.7,29,151,6,1,0.167,0,0,0,15.6,13.9,2,0,low,size_issue,19.6,1,0,0,0
TX104294,CUST002781,1952.62,Electronics,UPI,27.5,5.5,36,674,8,0,0.0,0,0,0,,,2,0,low,no_return,9.1,0,2,0,0
TX104295,CUST002982,1001.92,Grocery,Credit Card,14.9,11.1,41,296,4,0,0.0,0,0,0,,,3,0,medium,no_return,39.3,1,1,0,0
TX104296,CUST001337,5221.53,Mobile,COD,35.0,2.9,30,53,5,1,0.2,0,1,0,2.1,0.5,1,1,low,not_needed,47.0,0,1,0,0
TX104297,CUST002310,4030.46,Fashion,UPI,31.1,4.5,34,182,9,0,0.0,0,0,0,7.7,5.0,1,1,low,changed_mind_repeated,15.9,2,1,0,0
TX104298,CUST000109,2612.06,Toys,Debit Card,8.6,32.7,39,297,3,0,0.0,0,0,0,5.1,4.4,2,0,medium,size_issue,20.5,0,2,0,0
TX104299,CUST000280,2585.11,Books,UPI,32.3,1.9,30,45,5,0,0.0,0,0,0,,,2,0,low,no_return,29.2,2,0,0,0
TX104300,CUST000830,1073.15,Mobile,Net Banking,4.1,2.5,37,114,8,0,0.0,0,0,0,,,0,0,low,no_return,29.2,2,1,0,0
TX104301,CUST001969,4337.55,Beauty,Credit Card,12.6,1.5,20,26,5,0,0.0,0,0,0,4.4,4.3,6,1,low,not_as_described_repeated,15.5,1,2,0,0
TX104302,CUST000401,1473.51,Fashion,COD,0.0,1.3,18,930,8,1,0.125,1,2,0,2.7,2.1,1,0,low,changed_mind,25.0,0,2,0,1
TX104303,CUST000103,1151.09,Books,COD,16.8,1.0,26,688,6,0,0.0,0,0,0,,,2,0,low,no_return,35.2,0,0,1,0
TX104304,CUST002006,3673.34,Toys,Net Banking,11.5,6.8,39,151,7,1,0.143,0,0,0,,,1,1,low,no_return,44.8,0,1,0,0
TX104305,CUST002310,1376.79,Grocery,Credit Card,9.6,4.5,24,564,5,0,0.0,0,0,0,,,0,0,medium,no_return,28.3,0,1,0,0
TX104306,CUST002217,1185.9,Footwear,Credit Card,13.0,5.8,38,183,10,1,0.1,0,0,0,,,2,0,low,no_return,4.1,0,1,0,0
TX104307,CUST002397,3112.62,Home,UPI,8.0,1.9,21,452,4,0,0.0,0,0,0,,,1,0,low,no_return,51.5,1,1,0,0
TX104308,CUST002408,756.73,Grocery,Debit Card,15.5,54.3,26,688,6,0,0.0,0,0,0,,,1,0,low,no_return,16.3,0,1,0,0
TX104309,CUST001807,2633.12,Fashion,Debit Card,30.4,6.4,34,149,5,2,0.4,1,1,0,,,1,0,low,no_return,17.5,2,1,0,0
TX104310,CUST001558,1967.75,Home,Debit Card,2.3,0.7,25,196,6,0,0.0,0,0,0,,,0,0,medium,no_return,10.0,0,2,0,0
TX104311,CUST002570,2946.43,Fashion,UPI,25.4,9.1,27,917,4,0,0.0,0,0,0,,,0,0,low,no_return,51.5,0,3,0,0
TX104312,CUST001044,2446.33,Electronics,Debit Card,17.6,0.5,18,185,9,0,0.0,0,1,0,,,4,0,low,no_return,9.8,0,0,0,0
TX104313,CUST000294,7333.33,Electronics,Credit Card,19.5,42.1,40,354,12,2,0.167,2,1,0,,,3,1,medium,no_return,8.3,0,2,0,0
TX104314,CUST002256,2092.99,Grocery,Debit Card,14.6,15.3,30,15,7,2,0.286,0,0,0,,,0,0,low,no_return,12.1,0,1,0,0
TX104315,CUST000828,1373.81,Footwear,Debit Card,6.4,1.2,22,521,13,0,0.0,0,0,0,0.5,0.0,1,0,low,not_needed,17.5,0,1,0,0
TX104316,CUST002936,1824.69,Fashion,Credit Card,20.3,4.5,50,399,10,1,0.1,0,0,0,8.5,4.5,0,0,medium,changed_mind,43.4,0,0,0,0
TX104317,CUST001243,2429.07,Home,Credit Card,21.2,1.7,24,88,6,0,0.0,0,0,0,1.8,0.0,2,0,low,not_needed,38.9,0,2,0,0
TX104318,CUST002555,5038.15,Electronics,Credit Card,5.4,3.1,26,615,10,1,0.1,1,2,0,,,1,1,low,no_return,8.6,0,1,0,0
TX104319,CUST000128,2744.8,Home,COD,0.0,15.8,22,547,15,0,0.0,0,0,0,,,1,0,low,no_return,37.3,1,1,0,0
TX104320,CUST001978,1031.77,Fashion,COD,16.0,6.6,43,378,9,1,0.111,0,0,0,,,1,0,low,no_return,5.7,0,2,0,0
TX104321,CUST001345,13849.69,Sports,UPI,24.1,21.6,46,604,6,2,0.333,0,0,0,0.5,0.0,5,1,medium,changed_mind,25.7,1,0,0,0
TX104322,CUST001388,3454.84,Footwear,UPI,27.1,4.0,45,145,7,0,0.0,0,0,0,,,2,1,low,no_return,12.1,1,0,0,0
TX104323,CUST000796,988.51,Beauty,Debit Card,29.4,14.6,45,39,11,1,0.091,0,0,0,,,2,0,low,no_return,38.6,1,2,0,0
TX104324,CUST002913,807.14,Grocery,COD,19.5,3.8,26,928,8,0,0.0,0,0,0,,,1,0,low,no_return,21.0,0,2,0,0
TX104325,CUST001178,700.19,Grocery,UPI,11.8,7.7,48,1303,7,0,0.0,0,1,0,,,1,0,low,no_return,62.3,1,1,0,0
TX104326,CUST002551,1760.39,Electronics,Credit Card,15.0,1.2,30,191,4,1,0.25,0,0,0,,,2,0,medium,no_return,23.0,1,3,0,1
TX104327,CUST001275,1811.13,Home,Credit Card,0.1,0.7,18,419,5,0,0.0,0,1,0,,,2,0,medium,no_return,37.3,3,1,0,0
TX104328,CUST000145,1132.85,Electronics,COD,6.8,2.5,27,194,8,1,0.125,1,0,1,,,2,0,low,no_return,15.0,1,3,0,0
TX104329,CUST002638,626.76,Home,UPI,14.4,20.3,35,224,2,0,0.0,0,0,0,,,0,0,low,no_return,46.2,2,0,0,0
TX104330,CUST000556,820.31,Footwear,COD,11.8,14.1,25,147,8,1,0.125,0,1,0,,,2,0,medium,no_return,27.8,1,3,0,0
TX104331,CUST000811,2780.86,Beauty,Debit Card,16.1,54.2,33,415,16,2,0.125,1,0,0,4.7,4.4,2,0,low,defective,12.2,1,0,0,0
TX104332,CUST002583,1491.01,Home,COD,0.0,39.8,37,321,7,2,0.286,0,0,0,1.0,0.0,1,0,low,changed_mind_repeated,13.7,0,5,0,1
TX104333,CUST002681,889.57,Fashion,Wallet,1.2,0.5,36,33,5,1,0.2,0,0,0,2.8,0.8,2,0,low,changed_mind_repeated,31.7,3,1,0,0
TX104334,CUST002750,1963.12,Fashion,Credit Card,24.3,39.2,38,740,8,0,0.0,0,0,0,,,2,0,low,no_return,66.0,0,1,0,0
TX104335,CUST001278,2220.14,Mobile,Debit Card,5.0,2.7,30,6,9,2,0.222,0,0,0,11.0,11.0,3,0,low,not_as_described,19.9,0,0,0,0
TX104336,CUST002271,2383.03,Fashion,COD,6.9,2.5,24,325,11,0,0.0,0,0,0,,,4,0,medium,no_return,39.2,1,1,0,0
TX104337,CUST000984,1913.44,Books,COD,16.1,10.9,18,13,11,1,0.091,0,1,0,,,0,0,low,no_return,37.6,0,1,0,0
TX104338,CUST002221,1719.75,Electronics,Credit Card,3.8,10.0,31,573,9,0,0.0,0,0,0,,,2,0,low,no_return,15.9,1,0,0,0
TX104339,CUST001508,3868.99,Electronics,UPI,28.3,17.8,26,419,8,0,0.0,0,1,0,,,2,1,low,no_return,33.6,0,4,0,0
TX104340,CUST000156,845.35,Fashion,Wallet,0.0,2.0,30,1286,9,1,0.111,1,1,0,,,0,0,low,no_return,36.0,0,1,0,0
TX104341,CUST001253,1568.15,Footwear,UPI,15.0,11.5,18,203,6,0,0.0,0,0,0,,,0,0,low,no_return,23.5,2,2,1,0
TX104342,CUST001403,421.28,Fashion,Wallet,6.0,9.1,18,713,8,0,0.0,0,0,0,,,4,0,low,no_return,16.0,3,1,0,1
TX104343,CUST000772,1428.76,Books,UPI,16.9,6.4,37,421,11,0,0.0,0,0,0,,,4,0,low,no_return,13.1,1,2,0,0
TX104344,CUST001124,2057.15,Fashion,Credit Card,9.0,1.6,18,593,6,0,0.0,0,0,0,,,1,0,medium,no_return,20.9,0,3,0,0
TX104345,CUST001508,3092.81,Grocery,Wallet,14.7,22.9,30,613,7,0,0.0,0,0,0,7.1,4.8,4,0,low,defective,19.0,1,2,0,0
TX104346,CUST000150,431.02,Sports,Debit Card,29.7,27.3,23,716,11,4,0.364,1,1,0,,,3,0,low,no_return,29.3,1,2,0,1
TX104347,CUST000456,2016.51,Grocery,Debit Card,6.8,11.7,23,1077,14,6,0.429,1,1,0,0.5,0.0,1,0,low,not_as_described,36.6,1,2,0,0
TX104348,CUST002300,5512.31,Fashion,Credit Card,6.7,7.6,32,44,9,2,0.222,1,1,0,,,1,1,low,no_return,24.3,1,0,1,0
TX104349,CUST001056,2501.33,Fashion,UPI,11.2,0.9,32,504,14,2,0.143,0,0,0,,,0,0,medium,no_return,18.0,2,1,0,1
TX104350,CUST001825,734.72,Footwear,UPI,32.7,13.7,37,32,7,1,0.143,0,0,0,11.8,11.4,3,0,low,changed_mind_repeated,5.9,0,5,0,0
TX104351,CUST001697,1430.6,Sports,Debit Card,13.9,33.0,20,27,8,1,0.125,0,0,1,2.6,2.1,1,0,low,not_needed,13.3,0,2,0,0
TX104352,CUST001654,2554.95,Fashion,Credit Card,29.8,8.0,23,1322,7,0,0.0,0,0,0,,,1,0,low,no_return,16.6,0,1,0,0
TX104353,CUST001240,1170.84,Home,UPI,12.9,6.0,43,413,9,1,0.111,1,0,0,13.0,12.7,3,0,low,not_as_described,44.3,1,4,0,0
TX104354,CUST001450,2174.76,Electronics,Credit Card,29.3,1.4,29,4,5,0,0.0,0,0,0,,,3,0,low,no_return,24.6,1,0,0,0
TX104355,CUST002471,2090.77,Beauty,Net Banking,19.9,6.8,35,120,5,0,0.0,0,0,0,25.5,24.4,1,0,high,changed_mind,35.3,1,2,0,0
TX104356,CUST002895,1742.78,Home,COD,21.7,3.9,27,334,9,0,0.0,0,0,0,,,5,0,low,no_return,16.7,0,2,0,0
TX104357,CUST000770,678.14,Electronics,Credit Card,0.0,0.6,36,170,6,3,0.5,0,0,0,,,0,0,low,no_return,59.7,0,1,0,0
TX104358,CUST002008,1082.43,Home,Wallet,0.0,2.4,18,431,13,4,0.308,2,2,0,0.8,0.0,1,0,low,changed_mind,9.7,1,1,0,0
TX104359,CUST002909,5863.84,Grocery,Credit Card,27.8,3.4,43,70,8,0,0.0,0,0,0,,,3,1,low,no_return,36.6,0,0,0,0
TX104360,CUST000023,1365.68,Footwear,Credit Card,27.7,10.6,27,125,9,1,0.111,1,0,0,,,2,0,low,no_return,24.4,1,1,0,0
TX104361,CUST002354,1483.93,Grocery,Credit Card,44.1,3.4,19,120,6,3,0.5,0,0,0,,,0,0,low,no_return,18.6,0,3,0,0
TX104362,CUST001490,1478.5,Beauty,Net Banking,0.0,3.4,21,1197,11,1,0.091,1,1,0,,,1,0,high,no_return,1.0,0,0,0,1
TX104363,CUST002902,3043.97,Toys,UPI,20.8,12.3,29,23,5,0,0.0,0,0,0,1.5,0.0,0,0,low,size_issue,11.6,2,2,0,0
TX104364,CUST001735,1535.42,Fashion,UPI,2.7,14.9,30,99,11,0,0.0,0,1,0,,,0,0,low,no_return,34.2,0,1,0,0
TX104365,CUST002514,1769.85,Grocery,Wallet,6.1,12.4,33,431,7,1,0.143,0,1,0,3.0,2.6,3,0,medium,not_needed,11.8,1,2,0,0
TX104366,CUST000498,2017.32,Electronics,COD,9.0,27.5,20,456,9,1,0.111,0,0,0,,,0,0,low,no_return,22.0,1,0,0,0
TX104367,CUST000427,3264.87,Electronics,COD,19.6,32.2,40,9,8,0,0.0,0,0,0,1.1,0.5,0,0,low,changed_mind,24.9,0,0,0,0
TX104368,CUST002779,1775.44,Grocery,COD,7.0,9.9,26,430,7,1,0.143,0,0,0,8.9,7.2,2,0,low,size_issue,50.6,0,0,0,0
TX104369,CUST001579,1907.76,Fashion,Debit Card,15.4,16.9,26,505,9,0,0.0,0,1,0,0.5,0.0,1,0,low,size_issue,30.4,1,1,0,0
TX104370,CUST001675,1211.48,Grocery,UPI,25.0,21.1,29,306,5,0,0.0,0,0,0,,,1,0,low,no_return,10.4,0,2,0,0
TX104371,CUST000510,2208.19,Grocery,COD,28.5,38.6,38,45,8,2,0.25,1,1,0,,,1,0,low,no_return,21.9,0,1,0,0
TX104372,CUST000680,2635.92,Electronics,UPI,23.3,5.0,31,366,7,1,0.143,1,0,0,,,3,0,low,no_return,36.7,1,1,0,0
TX104373,CUST002454,2754.82,Home,UPI,20.4,0.7,26,36,10,1,0.1,0,0,0,0.8,0.4,0,0,low,not_as_described_repeated,9.7,1,3,0,0
TX104374,CUST000910,5304.53,Grocery,Wallet,13.3,4.5,28,195,12,0,0.0,0,0,0,,,0,1,medium,no_return,33.8,2,1,0,0
TX104375,CUST001752,1028.11,Books,UPI,8.2,5.1,44,284,12,2,0.167,1,1,0,,,2,0,low,no_return,9.2,1,3,0,0
TX104376,CUST000950,1825.48,Toys,UPI,21.5,4.5,42,462,8,2,0.25,0,0,0,3.1,1.2,3,0,low,not_needed,15.1,0,0,0,0
TX104377,CUST000791,1542.41,Fashion,Credit Card,2.4,3.8,35,177,7,1,0.143,0,0,0,,,2,0,low,no_return,43.1,2,0,0,0
TX104378,CUST000498,4714.88,Toys,COD,16.4,1.2,33,268,9,0,0.0,0,0,0,11.6,10.5,0,1,high,not_as_described_repeated,72.2,0,2,0,0
TX104379,CUST002788,2823.24,Home,Wallet,2.1,15.4,55,660,6,2,0.333,1,0,0,,,4,0,high,no_return,23.5,1,0,0,1
TX104380,CUST002820,540.33,Electronics,UPI,14.5,0.5,36,50,9,0,0.0,0,0,0,,,6,0,low,no_return,23.6,0,4,0,0
TX104381,CUST000346,1139.78,Grocery,Credit Card,2.4,4.7,33,1248,14,1,0.071,0,0,0,6.1,5.3,2,0,low,size_issue,29.8,1,5,0,0
TX104382,CUST001060,1417.89,Fashion,COD,10.2,0.5,29,884,6,2,0.333,0,1,0,7.5,4.3,3,0,medium,not_needed,4.8,0,3,0,0
TX104383,CUST001692,599.49,Electronics,Debit Card,6.9,21.5,35,1181,6,0,0.0,0,0,0,,,0,0,low,no_return,13.9,1,1,0,0
TX104384,CUST001150,1919.07,Fashion,UPI,5.4,12.7,18,220,9,0,0.0,0,2,0,12.3,8.7,1,0,medium,not_needed,52.7,0,2,0,0
TX104385,CUST002163,1249.06,Toys,Credit Card,14.0,5.5,42,91,5,0,0.0,0,0,0,9.1,6.7,0,0,low,defective,46.7,0,0,0,0
TX104386,CUST000781,5450.13,Footwear,Debit Card,0.0,2.0,19,581,8,0,0.0,0,2,0,,,1,1,low,no_return,66.5,0,1,0,0
TX104387,CUST000177,2196.46,Mobile,UPI,0.0,25.2,24,315,5,0,0.0,0,0,0,,,4,0,low,no_return,21.9,1,1,0,1
TX104388,CUST001011,1379.58,Fashion,COD,24.6,5.4,18,478,8,1,0.125,0,0,0,,,3,0,low,no_return,14.6,0,1,0,0
TX104389,CUST001793,885.87,Home,UPI,16.8,9.0,24,819,5,1,0.2,0,1,0,,,2,0,low,no_return,12.1,1,5,0,0
TX104390,CUST000542,1721.4,Toys,COD,6.3,26.9,28,206,9,1,0.111,1,0,0,,,2,0,low,no_return,35.3,1,5,1,0
TX104391,CUST002447,4462.19,Fashion,Debit Card,26.7,1.6,40,389,10,2,0.2,1,4,0,,,5,1,low,no_return,21.4,0,0,0,0
TX104392,CUST000037,1554.57,Home,Debit Card,7.3,13.8,44,170,12,0,0.0,0,0,0,,,0,0,low,no_return,26.9,1,1,0,0
TX104393,CUST000203,1731.69,Fashion,COD,8.0,5.4,51,287,13,0,0.0,0,0,0,,,2,0,low,no_return,27.0,0,1,0,0
TX104394,CUST001527,3554.37,Sports,UPI,5.6,41.4,33,1062,9,0,0.0,0,0,0,,,0,1,medium,no_return,31.2,0,2,0,0
TX104395,CUST001537,2154.98,Grocery,UPI,37.9,8.0,29,11,5,0,0.0,0,1,0,16.7,16.3,1,0,low,not_as_described,20.4,0,0,1,0
TX104396,CUST000885,3004.87,Fashion,Debit Card,17.8,3.7,39,20,4,1,0.25,0,1,0,5.6,4.2,2,0,low,not_needed,10.4,0,2,0,0
TX104397,CUST000776,2298.66,Electronics,COD,17.3,31.3,23,685,7,1,0.143,1,0,0,,,4,0,low,no_return,25.3,1,3,0,0
TX104398,CUST000210,2215.41,Books,COD,20.6,12.2,22,573,7,0,0.0,0,1,0,,,1,0,low,no_return,28.3,1,2,0,0
TX104399,CUST001989,519.22,Grocery,Credit Card,0.0,18.9,28,378,5,0,0.0,0,0,0,,,0,0,medium,no_return,34.3,0,2,0,0
TX104400,CUST001137,798.71,Fashion,COD,7.9,46.8,31,102,10,0,0.0,0,1,0,,,2,0,low,no_return,33.2,0,1,0,0
TX104401,CUST000356,2006.04,Fashion,UPI,20.5,14.4,18,63,5,0,0.0,0,1,0,,,0,0,high,no_return,46.2,0,1,0,0
TX104402,CUST001200,945.46,Mobile,UPI,15.0,25.2,42,116,4,0,0.0,0,0,0,,,1,0,low,no_return,24.5,0,1,0,0
TX104403,CUST002811,1722.64,Grocery,UPI,41.5,14.5,34,494,8,1,0.125,1,0,0,,,3,0,low,no_return,56.1,0,0,0,0
TX104404,CUST000784,746.47,Sports,Net Banking,8.6,18.4,39,187,8,0,0.0,0,0,0,,,3,0,high,no_return,61.1,0,4,0,0
TX104405,CUST002684,3572.72,Grocery,Debit Card,26.3,0.9,18,176,8,1,0.125,1,1,0,,,2,1,low,no_return,41.2,1,4,0,0
TX104406,CUST000776,1027.96,Mobile,Credit Card,24.7,9.8,25,312,4,0,0.0,0,1,0,,,1,0,low,no_return,17.4,1,2,0,0
TX104407,CUST000558,883.95,Fashion,COD,16.7,0.5,24,312,9,0,0.0,0,0,0,,,1,0,low,no_return,11.8,1,1,0,0
TX104408,CUST000782,630.06,Fashion,UPI,18.9,7.2,29,421,6,0,0.0,0,0,1,1.6,1.2,1,0,low,defective,15.8,2,2,0,0
TX104409,CUST000970,2734.98,Home,UPI,11.5,6.5,31,520,12,1,0.083,1,0,0,6.6,4.9,2,0,medium,defective,32.5,0,1,0,0
TX104410,CUST000362,1721.03,Toys,UPI,0.0,40.6,40,1174,5,0,0.0,0,0,0,,,3,0,low,no_return,43.1,0,4,0,0
TX104411,CUST001763,3490.05,Electronics,UPI,19.2,11.6,32,78,10,0,0.0,0,0,0,2.8,1.5,3,1,low,not_needed,27.1,1,2,0,0
TX104412,CUST001001,1217.31,Fashion,Credit Card,20.1,22.0,24,229,5,0,0.0,0,0,0,,,1,0,medium,no_return,43.1,0,2,0,0
TX104413,CUST002154,783.55,Fashion,UPI,22.0,9.4,53,112,8,0,0.0,0,0,0,10.3,8.5,2,0,low,size_issue,9.6,2,1,0,0
TX104414,CUST001473,1669.28,Grocery,COD,15.8,63.0,29,439,4,0,0.0,0,0,0,3.8,3.5,4,0,low,defective,19.5,0,1,0,0
TX104415,CUST001328,3935.28,Grocery,COD,26.6,18.3,22,166,10,0,0.0,0,1,0,9.1,8.4,1,1,medium,size_issue,26.3,3,1,0,0
TX104416,CUST001413,509.91,Home,Net Banking,4.6,1.7,18,530,4,1,0.25,1,0,0,,,5,0,low,no_return,42.2,1,3,0,0
TX104417,CUST000469,2123.02,Fashion,UPI,32.6,13.6,32,636,15,4,0.267,0,1,0,,,0,0,low,no_return,5.3,0,1,0,0
TX104418,CUST002138,2266.0,Books,Credit Card,3.1,49.6,38,37,14,0,0.0,0,0,0,6.6,6.2,1,0,low,defective,28.7,1,3,0,0
TX104419,CUST000313,4346.65,Electronics,UPI,13.7,3.3,20,659,5,0,0.0,0,0,0,13.8,13.4,3,1,low,not_needed,18.4,1,3,0,0
TX104420,CUST002164,974.89,Books,UPI,23.2,14.6,38,134,9,1,0.111,0,0,0,,,0,0,high,no_return,19.3,1,0,0,0
TX104421,CUST002999,485.43,Fashion,Debit Card,8.8,7.7,32,110,6,0,0.0,0,0,0,3.5,2.2,0,0,low,not_needed,11.1,1,3,0,0
TX104422,CUST002292,1303.58,Footwear,Credit Card,24.0,3.0,18,194,7,1,0.143,0,2,0,,,2,0,low,no_return,25.8,0,3,0,0
TX104423,CUST001366,2977.47,Home,Debit Card,10.9,17.7,38,217,7,3,0.429,0,1,0,1.1,0.0,4,0,low,size_issue,19.7,2,2,0,0
TX104424,CUST000944,1796.58,Grocery,COD,16.4,7.1,29,114,6,0,0.0,0,0,0,,,1,0,high,no_return,43.5,1,1,1,0
TX104425,CUST002617,2423.64,Electronics,UPI,12.8,17.8,20,2,9,1,0.111,0,0,0,,,1,0,low,no_return,49.9,2,3,0,0
TX104426,CUST000772,819.73,Fashion,Net Banking,8.1,3.8,41,150,3,0,0.0,0,0,0,5.1,1.9,1,0,low,changed_mind,30.8,1,1,0,0
TX104427,CUST001447,1491.22,Grocery,UPI,42.0,8.4,41,788,5,0,0.0,0,0,0,,,0,0,low,no_return,7.2,0,1,0,0
TX104428,CUST002312,1841.51,Sports,Wallet,4.9,20.7,20,21,9,0,0.0,0,0,0,14.0,13.0,2,0,low,defective,33.7,3,2,0,0
TX104429,CUST002767,566.05,Toys,Debit Card,0.0,11.3,34,123,5,1,0.2,1,0,0,15.6,13.0,2,0,medium,not_as_described,47.2,1,0,0,0
TX104430,CUST002762,1834.2,Sports,UPI,5.4,7.8,34,419,6,4,0.667,1,2,0,,,1,0,low,no_return,13.7,1,1,0,0
TX104431,CUST000264,1397.01,Sports,Credit Card,16.6,6.1,31,83,5,0,0.0,0,0,0,6.6,6.4,0,0,low,changed_mind_repeated,25.1,0,1,0,0
TX104432,CUST002694,8262.77,Footwear,UPI,10.5,4.9,26,74,5,0,0.0,0,1,0,,,0,1,low,no_return,12.6,0,2,0,0
TX104433,CUST000342,1748.2,Home,COD,27.2,6.6,30,105,10,0,0.0,0,0,0,,,0,0,medium,no_return,10.2,1,2,0,0
TX104434,CUST001753,4496.97,Footwear,UPI,26.8,0.5,41,322,10,0,0.0,0,0,0,,,2,1,low,no_return,9.8,0,2,0,0
TX104435,CUST002788,2411.83,Home,COD,11.2,55.7,36,416,8,1,0.125,0,0,0,,,1,0,low,no_return,18.1,1,2,0,0
TX104436,CUST001964,1607.77,Fashion,Credit Card,0.0,11.0,18,762,8,0,0.0,0,0,0,,,1,0,low,no_return,25.3,0,4,0,0
TX104437,CUST002842,4081.87,Toys,Wallet,0.0,8.7,18,269,8,0,0.0,0,0,0,,,3,1,low,no_return,27.5,0,0,0,0
TX104438,CUST001033,735.05,Electronics,UPI,14.6,28.2,18,503,8,0,0.0,0,1,0,,,4,0,low,no_return,10.9,0,0,0,0
TX104439,CUST000944,1283.22,Fashion,Debit Card,0.0,15.5,18,643,2,0,0.0,0,1,0,0.8,0.0,0,0,low,changed_mind,14.3,2,2,0,0
TX104440,CUST000979,3091.56,Electronics,COD,10.6,18.8,24,12,6,0,0.0,0,0,0,,,2,0,high,no_return,28.6,4,2,0,0
TX104441,CUST001066,317.91,Beauty,UPI,32.1,49.8,27,103,5,0,0.0,0,0,0,14.8,14.2,4,0,low,not_needed,43.6,0,2,0,0
TX104442,CUST002048,1709.29,Grocery,UPI,19.1,7.4,31,86,10,3,0.3,1,0,1,,,0,0,low,no_return,19.3,0,1,0,0
TX104443,CUST001357,1699.42,Electronics,Debit Card,15.5,5.8,31,313,7,2,0.286,0,3,0,1.6,1.1,2,0,low,not_as_described_repeated,11.9,2,3,0,0
TX104444,CUST002212,2077.55,Fashion,Debit Card,2.5,5.3,31,217,9,0,0.0,0,0,0,,,4,0,low,no_return,24.5,1,0,0,0
TX104445,CUST001249,1502.46,Fashion,COD,17.2,28.6,43,231,7,1,0.143,0,0,0,,,1,0,low,no_return,61.1,1,3,0,0
TX104446,CUST000923,3011.48,Fashion,UPI,11.9,9.6,18,89,9,1,0.111,1,1,0,3.9,3.4,1,0,low,not_needed,16.6,1,1,1,1
TX104447,CUST000570,1010.27,Electronics,Net Banking,17.9,5.6,35,342,10,0,0.0,0,1,0,,,0,0,low,no_return,5.4,0,3,0,0
TX104448,CUST001653,3283.95,Fashion,Net Banking,23.7,1.2,35,1097,13,1,0.077,0,0,0,30.0,28.1,1,0,low,size_issue,6.3,0,3,0,0
TX104449,CUST002695,802.19,Footwear,COD,25.8,37.6,19,464,8,1,0.125,1,0,0,0.6,0.0,1,0,medium,not_needed,20.3,0,2,0,1
TX104450,CUST002577,2186.8,Grocery,UPI,16.5,5.2,37,363,9,1,0.111,0,1,0,6.0,5.8,1,0,medium,not_as_described,21.6,1,0,0,0
TX104451,CUST000760,3778.4,Fashion,UPI,21.1,0.5,35,197,7,1,0.143,1,1,0,,,0,1,low,no_return,28.6,1,5,0,0
TX104452,CUST001433,948.04,Fashion,Wallet,8.9,2.2,31,680,10,1,0.1,1,0,0,11.4,9.0,0,0,low,defective,26.8,0,2,0,0
TX104453,CUST002116,1119.73,Electronics,COD,28.6,12.8,18,224,9,2,0.222,0,0,1,7.1,5.2,2,0,medium,changed_mind_repeated,61.6,0,2,0,0
TX104454,CUST001837,3357.44,Home,Debit Card,4.4,14.4,41,552,9,0,0.0,0,0,0,1.8,1.0,1,0,high,not_as_described,20.3,1,0,0,0
TX104455,CUST000202,1983.17,Home,Net Banking,12.5,1.6,34,1128,9,0,0.0,0,0,0,8.7,7.3,2,0,low,defective,27.8,0,2,0,0
TX104456,CUST001773,489.67,Footwear,UPI,29.8,15.3,36,176,10,1,0.1,0,0,0,,,1,0,low,no_return,9.7,0,0,0,0
TX104457,CUST000117,2034.43,Books,COD,9.2,3.7,18,139,7,0,0.0,0,0,0,0.8,0.0,1,0,low,size_issue,13.4,1,2,0,0
TX104458,CUST000350,2690.45,Beauty,Debit Card,0.0,4.6,26,818,6,0,0.0,0,0,0,,,3,0,low,no_return,46.1,0,2,0,0
TX104459,CUST001961,3446.06,Electronics,COD,10.1,38.0,18,1596,7,0,0.0,0,0,0,,,2,1,low,no_return,36.9,0,3,0,0
TX104460,CUST000308,2152.61,Grocery,COD,31.7,13.2,44,21,11,4,0.364,2,1,0,8.5,8.4,0,0,low,changed_mind,34.8,0,2,0,1
TX104461,CUST001017,2464.16,Mobile,Credit Card,0.0,56.3,20,636,9,3,0.333,1,0,0,,,2,0,low,no_return,15.5,0,0,0,1
TX104462,CUST001765,4779.32,Electronics,UPI,16.2,9.1,46,385,9,0,0.0,0,0,0,,,2,1,low,no_return,24.8,0,3,1,0
TX104463,CUST001966,3150.04,Footwear,Net Banking,7.4,30.8,41,283,10,0,0.0,0,1,0,3.0,2.4,2,0,medium,size_issue,21.4,1,0,0,0
TX104464,CUST001337,1464.81,Fashion,COD,13.0,5.5,34,165,8,0,0.0,0,0,0,,,1,0,low,no_return,47.7,1,2,1,0
TX104465,CUST000282,1597.87,Grocery,Credit Card,10.8,6.7,43,499,11,1,0.091,0,0,0,,,1,0,low,no_return,44.4,0,2,0,0
TX104466,CUST002397,3681.15,Fashion,Wallet,26.5,2.8,22,441,7,1,0.143,1,0,1,0.5,0.1,0,1,low,defective,35.6,0,1,0,1
TX104467,CUST002849,2123.67,Sports,Credit Card,15.6,20.3,24,51,11,2,0.182,0,1,0,1.9,0.0,1,0,low,size_issue,25.7,1,5,0,0
TX104468,CUST002666,1920.77,Fashion,Credit Card,27.1,9.5,41,568,16,0,0.0,0,0,0,,,0,0,low,no_return,13.2,0,6,1,0
TX104469,CUST002245,1433.29,Sports,Wallet,30.4,39.9,22,651,9,0,0.0,0,2,0,1.0,0.2,0,0,low,not_as_described_repeated,28.1,1,1,0,0
TX104470,CUST001207,3592.54,Sports,Debit Card,15.4,5.9,18,519,11,4,0.364,1,1,0,,,1,1,low,no_return,9.9,1,1,0,1
TX104471,CUST002628,988.2,Grocery,Net Banking,10.7,3.8,28,286,9,0,0.0,0,0,0,1.2,1.0,2,0,low,changed_mind_repeated,10.9,0,3,0,0
TX104472,CUST001465,1285.33,Grocery,Net Banking,19.5,6.4,23,1076,3,1,0.333,0,0,0,,,0,0,medium,no_return,10.8,1,2,0,0
TX104473,CUST000410,3585.37,Electronics,Debit Card,21.8,18.3,50,175,5,0,0.0,0,0,0,,,1,1,low,no_return,13.6,2,0,0,0
TX104474,CUST002551,3557.67,Grocery,UPI,1.2,24.6,39,716,6,2,0.333,0,0,0,,,1,1,high,no_return,42.5,1,0,0,1
TX104475,CUST000961,6620.82,Electronics,COD,17.8,7.5,26,1183,6,1,0.167,0,0,0,,,0,1,low,no_return,9.0,1,2,0,0
TX104476,CUST002816,1713.62,Grocery,Credit Card,12.0,11.0,21,291,8,0,0.0,0,0,0,,,0,0,low,no_return,19.3,0,0,0,0
TX104477,CUST001105,1448.6,Electronics,Debit Card,10.0,0.8,35,165,11,0,0.0,0,0,0,,,4,0,low,no_return,17.3,0,1,0,0
TX104478,CUST002608,1551.26,Beauty,Debit Card,6.7,5.4,43,331,12,0,0.0,0,0,0,,,2,0,low,no_return,20.1,0,5,0,0
TX104479,CUST001611,534.18,Home,UPI,7.5,3.1,34,67,10,0,0.0,0,0,0,,,2,0,low,no_return,36.5,0,2,0,0
TX104480,CUST001402,354.6,Mobile,UPI,30.1,41.3,22,476,5,1,0.2,0,2,0,10.7,7.6,0,0,medium,defective,11.4,0,3,1,0
TX104481,CUST000891,2147.69,Grocery,Debit Card,10.6,4.1,18,326,4,0,0.0,0,0,0,,,0,0,high,no_return,30.8,0,0,0,0
TX104482,CUST002507,1373.53,Electronics,COD,28.7,61.9,28,120,6,2,0.333,1,4,0,0.3,0.0,1,0,low,defective,26.7,0,1,0,0
TX104483,CUST000182,1038.55,Grocery,Credit Card,16.6,18.5,35,395,7,2,0.286,1,1,0,,,0,0,low,no_return,26.3,0,3,0,0
TX104484,CUST001407,1902.44,Fashion,UPI,1.4,5.6,27,53,7,2,0.286,0,0,1,,,3,0,low,no_return,16.0,0,2,0,0
TX104485,CUST001107,2181.14,Fashion,Credit Card,17.3,10.4,42,10,6,3,0.5,2,2,0,3.4,3.1,1,0,low,changed_mind_repeated,35.7,1,2,0,1
TX104486,CUST001630,1633.8,Home,COD,0.7,1.4,37,811,2,0,0.0,0,0,0,5.2,2.9,1,0,low,defective,20.0,0,0,0,0
TX104487,CUST000764,1662.86,Toys,UPI,22.3,20.2,34,14,5,2,0.4,0,1,0,,,1,0,high,no_return,13.4,0,0,0,0
TX104488,CUST001994,1362.3,Mobile,Debit Card,12.5,7.5,37,121,11,1,0.091,0,1,0,,,1,0,low,no_return,26.0,0,2,0,0
TX104489,CUST001158,2822.41,Footwear,COD,25.3,8.6,18,764,9,3,0.333,0,1,0,,,3,0,low,no_return,60.1,1,2,0,0
TX104490,CUST000565,1223.93,Fashion,Credit Card,32.2,8.0,27,1081,11,3,0.273,0,0,0,1.0,0.0,1,0,medium,not_as_described,18.4,1,1,0,0
TX104491,CUST000591,886.6,Electronics,Debit Card,0.0,48.5,21,66,5,0,0.0,0,1,0,,,0,0,low,no_return,27.3,1,3,0,0
TX104492,CUST002089,1322.63,Toys,Net Banking,9.5,19.5,35,66,6,0,0.0,0,0,0,,,1,0,low,no_return,26.5,0,1,0,0
TX104493,CUST000786,2084.04,Fashion,UPI,0.5,12.1,21,1339,14,1,0.071,0,0,0,,,1,0,low,no_return,25.1,0,3,0,0
TX104494,CUST000922,2932.91,Sports,UPI,40.9,5.7,32,11,8,0,0.0,0,0,0,3.8,3.5,1,0,low,changed_mind_repeated,36.3,0,0,0,0
TX104495,CUST001881,5371.08,Mobile,UPI,9.7,17.8,30,621,8,2,0.25,0,1,0,,,2,1,low,no_return,31.0,0,1,0,1
TX104496,CUST000990,1908.76,Fashion,COD,0.0,6.1,37,1446,3,0,0.0,0,0,1,,,2,0,low,no_return,22.8,0,4,0,0
TX104497,CUST001165,4533.04,Home,Net Banking,41.9,36.5,20,218,10,1,0.1,0,1,0,,,1,1,low,no_return,15.4,1,1,0,0
TX104498,CUST000734,1152.29,Footwear,Debit Card,6.3,4.4,36,180,6,0,0.0,0,0,0,,,1,0,low,no_return,36.8,1,1,0,0
TX104499,CUST001036,1012.91,Grocery,Wallet,0.0,1.4,21,79,6,0,0.0,0,0,0,,,1,0,low,no_return,2.8,0,2,0,0
TX104500,CUST002078,2391.98,Mobile,COD,1.1,16.9,22,962,3,1,0.333,0,0,0,30.0,27.9,2,0,low,changed_mind,26.6,0,2,0,0
TX104501,CUST001602,2626.2,Grocery,UPI,16.7,11.2,30,225,7,0,0.0,0,0,0,,,0,0,medium,no_return,33.6,1,1,0,0
TX104502,CUST002992,2038.46,Fashion,UPI,15.5,3.1,43,1736,5,0,0.0,0,0,0,1.1,0.4,1,0,low,not_as_described_repeated,68.3,0,2,0,1
TX104503,CUST002315,8379.41,Toys,Debit Card,5.0,60.3,23,463,7,0,0.0,0,0,0,,,0,1,low,no_return,26.9,1,3,0,0
TX104504,CUST000051,1198.19,Books,Debit Card,9.2,5.0,18,370,5,1,0.2,1,0,0,,,4,0,low,no_return,44.9,0,1,0,0
TX104505,CUST001137,4000.67,Mobile,Debit Card,15.6,1.7,22,883,9,0,0.0,0,1,0,,,3,1,low,no_return,21.1,1,2,1,0
TX104506,CUST000870,1032.71,Beauty,Debit Card,30.9,15.6,28,556,7,0,0.0,0,0,1,,,2,0,low,no_return,18.1,1,1,0,0
TX104507,CUST001762,2762.25,Beauty,Credit Card,19.0,17.8,50,215,8,2,0.25,0,0,0,,,1,0,low,no_return,22.5,0,4,0,0
TX104508,CUST000797,1854.4,Fashion,Credit Card,8.2,13.7,35,230,11,1,0.091,0,1,0,2.0,0.4,3,0,high,not_needed,3.1,0,0,0,0
TX104509,CUST002898,2131.78,Fashion,Debit Card,12.3,18.1,24,407,10,1,0.1,1,0,0,,,0,0,medium,no_return,15.2,0,1,0,0
TX104510,CUST000898,2408.48,Mobile,COD,24.2,22.1,30,134,9,0,0.0,0,0,0,,,1,0,medium,no_return,21.2,0,1,0,0
TX104511,CUST001566,1900.33,Mobile,COD,35.2,1.9,47,393,11,0,0.0,0,0,0,8.2,7.4,4,0,low,not_as_described_repeated,19.0,2,3,0,0
TX104512,CUST000369,1658.75,Beauty,Credit Card,1.7,12.4,29,952,10,0,0.0,0,0,0,,,0,0,medium,no_return,12.4,0,0,1,0
TX104513,CUST002729,451.61,Mobile,Net Banking,28.4,23.9,29,136,11,0,0.0,0,0,0,21.0,20.3,0,0,low,not_as_described_repeated,32.4,1,3,0,0
TX104514,CUST002735,3231.0,Home,Credit Card,11.2,9.8,27,83,3,0,0.0,0,1,0,0.5,0.3,1,0,low,size_issue,13.9,1,1,0,0
TX104515,CUST002381,705.08,Footwear,Credit Card,0.0,2.6,38,300,9,1,0.111,1,0,0,,,1,0,high,no_return,53.9,0,1,0,0
TX104516,CUST001055,1385.04,Grocery,COD,0.0,4.1,26,204,7,2,0.286,0,0,0,,,0,0,low,no_return,29.0,0,2,0,0
TX104517,CUST000177,2234.39,Books,Wallet,31.0,11.3,40,828,6,1,0.167,1,1,0,,,2,0,low,no_return,9.4,0,1,0,0
TX104518,CUST002133,803.19,Books,Net Banking,32.4,15.9,42,494,10,0,0.0,0,0,0,6.2,5.9,0,0,low,defective,27.6,2,1,0,0
TX104519,CUST001287,1657.51,Grocery,UPI,8.2,3.6,38,163,2,0,0.0,0,0,0,,,1,0,low,no_return,16.4,1,0,0,0
TX104520,CUST002971,3000.05,Footwear,UPI,12.5,0.5,29,127,7,0,0.0,0,0,0,7.1,2.2,2,0,low,changed_mind_repeated,40.8,1,3,0,0
TX104521,CUST002095,1362.87,Home,COD,0.0,18.3,18,238,8,2,0.25,0,0,0,,,1,0,low,no_return,21.9,1,1,0,0
TX104522,CUST001616,1676.42,Footwear,COD,24.1,9.9,29,371,12,1,0.083,0,0,0,,,3,0,low,no_return,23.5,0,2,0,0
TX104523,CUST002960,923.77,Fashion,Credit Card,14.7,8.9,25,404,8,0,0.0,0,0,0,1.6,0.2,2,0,low,size_issue,6.1,0,5,0,0
TX104524,CUST002401,1477.14,Fashion,UPI,0.0,46.9,24,524,9,1,0.111,1,0,0,1.4,1.2,1,0,low,changed_mind,34.6,1,3,0,0
TX104525,CUST001375,719.56,Books,Credit Card,17.5,35.4,29,137,8,0,0.0,0,2,0,,,3,0,low,no_return,39.2,0,1,0,0
TX104526,CUST000057,2064.28,Books,UPI,0.0,3.2,36,177,7,1,0.143,0,0,0,,,1,0,high,no_return,7.8,1,1,0,0
TX104527,CUST000279,602.11,Footwear,UPI,21.7,30.0,25,90,9,1,0.111,0,1,0,,,3,0,medium,no_return,32.7,1,2,0,0
TX104528,CUST001331,1166.72,Fashion,Debit Card,2.0,15.7,18,25,10,0,0.0,0,0,0,,,2,0,high,no_return,40.3,0,1,0,0
TX104529,CUST001686,1865.25,Electronics,UPI,19.0,3.4,22,467,7,0,0.0,0,0,0,23.9,21.8,0,0,low,not_as_described_repeated,20.3,0,2,0,0
TX104530,CUST000091,1583.12,Beauty,COD,7.2,6.6,48,1167,4,1,0.25,1,0,0,1.9,0.9,0,0,low,changed_mind_repeated,12.3,1,2,0,0
TX104531,CUST000380,2316.02,Footwear,Debit Card,0.0,26.8,37,213,9,1,0.111,0,1,0,,,1,0,low,no_return,3.7,0,1,0,0
TX104532,CUST002113,1680.12,Mobile,Credit Card,27.0,17.4,22,291,6,0,0.0,0,0,0,18.8,18.7,1,0,low,not_as_described,56.3,1,2,0,0
TX104533,CUST002254,450.38,Footwear,Credit Card,27.6,1.9,44,459,11,1,0.091,0,1,0,2.8,2.4,2,0,low,not_as_described,12.1,0,5,0,0
TX104534,CUST000090,793.38,Beauty,Net Banking,8.7,48.6,29,1039,8,0,0.0,0,0,0,,,0,0,medium,no_return,34.2,1,4,0,0
TX104535,CUST001523,1806.26,Footwear,Debit Card,18.3,5.6,54,31,11,1,0.091,0,0,0,,,1,0,medium,no_return,40.5,1,1,1,0
TX104536,CUST000243,3512.86,Fashion,Net Banking,20.3,6.5,34,149,12,1,0.083,0,1,0,,,0,1,high,no_return,28.6,0,1,1,0
TX104537,CUST002170,3125.59,Footwear,Credit Card,20.6,14.9,37,509,7,0,0.0,0,1,0,,,3,0,low,no_return,26.5,1,1,0,0
TX104538,CUST002502,8241.35,Sports,Debit Card,35.7,20.7,40,919,5,0,0.0,0,0,0,,,0,1,low,no_return,51.2,0,2,0,0
TX104539,CUST002608,1261.03,Home,Wallet,20.0,1.1,46,342,8,0,0.0,0,0,0,,,2,0,medium,no_return,25.8,1,2,0,0
TX104540,CUST001794,2935.95,Sports,UPI,10.7,4.9,27,183,9,1,0.111,0,0,0,0.8,0.0,3,0,medium,changed_mind,29.8,0,1,1,0
TX104541,CUST001887,2804.73,Toys,UPI,20.1,42.4,45,517,5,1,0.2,0,0,0,,,0,0,medium,no_return,30.2,1,1,0,0
TX104542,CUST002779,4639.96,Fashion,Net Banking,9.8,49.6,25,263,5,0,0.0,0,0,0,,,1,1,low,no_return,6.2,0,1,0,0
TX104543,CUST001837,3874.85,Electronics,Credit Card,2.2,8.2,28,111,11,0,0.0,0,1,0,,,1,1,low,no_return,32.7,1,4,0,0
TX104544,CUST001339,2165.65,Books,UPI,29.6,4.9,32,698,6,1,0.167,1,0,0,,,2,0,medium,no_return,14.0,0,1,0,0
TX104545,CUST002263,2636.26,Mobile,Wallet,21.4,2.8,41,547,6,2,0.333,1,3,1,,,6,0,low,no_return,49.5,0,1,0,0
TX104546,CUST001772,2321.5,Grocery,UPI,0.0,17.9,28,135,12,1,0.083,0,1,0,2.8,2.8,2,0,medium,size_issue,20.6,2,2,1,0
TX104547,CUST002527,1760.92,Electronics,Debit Card,6.8,5.4,48,454,4,0,0.0,0,0,0,,,1,0,low,no_return,10.7,1,0,0,0
TX104548,CUST001574,2515.61,Grocery,COD,24.1,22.2,45,386,6,0,0.0,0,0,0,,,4,0,low,no_return,8.7,0,2,0,0
TX104549,CUST002607,2021.91,Electronics,COD,0.0,0.5,32,5,12,1,0.083,1,2,0,,,1,0,low,no_return,13.4,1,0,0,0
TX104550,CUST000135,1965.78,Fashion,Credit Card,6.0,19.5,22,113,5,0,0.0,0,0,0,,,2,0,low,no_return,29.6,0,4,0,0
TX104551,CUST000110,4775.59,Electronics,UPI,46.9,9.0,42,85,8,1,0.125,0,0,0,,,2,1,medium,no_return,10.7,1,0,0,0
TX104552,CUST000298,2193.19,Beauty,COD,11.0,16.8,18,88,20,0,0.0,0,0,0,,,1,0,low,no_return,5.3,0,1,0,0
TX104553,CUST001669,1909.1,Fashion,COD,28.0,6.7,39,107,8,0,0.0,0,0,0,,,3,0,low,no_return,25.1,1,1,0,0
TX104554,CUST002127,1615.63,Electronics,UPI,33.0,19.6,23,742,5,2,0.4,1,1,0,,,2,0,high,no_return,25.8,1,2,0,0
TX104555,CUST000649,1522.65,Fashion,Credit Card,4.1,5.7,44,192,13,1,0.077,0,0,0,6.2,4.6,3,0,high,not_as_described_repeated,42.4,0,1,0,0
TX104556,CUST000468,776.54,Grocery,Credit Card,18.2,10.8,18,314,6,0,0.0,0,0,0,,,3,0,medium,no_return,29.6,0,6,0,1
TX104557,CUST002581,1762.09,Fashion,UPI,39.7,2.2,25,727,5,0,0.0,0,1,0,2.8,0.5,2,0,low,not_needed,33.2,0,4,0,0
TX104558,CUST002251,3626.47,Electronics,COD,20.5,24.2,36,548,10,0,0.0,0,0,0,,,3,1,low,no_return,36.0,1,3,0,0
TX104559,CUST001945,1235.6,Sports,Net Banking,43.4,28.4,38,76,6,0,0.0,0,0,0,2.4,0.4,1,0,low,size_issue,32.6,1,1,0,0
TX104560,CUST001465,6085.64,Books,Credit Card,7.4,2.6,25,229,14,2,0.143,0,0,0,,,2,1,low,no_return,33.9,1,4,1,0
TX104561,CUST001261,329.19,Toys,Net Banking,36.6,17.4,28,1390,7,0,0.0,0,0,0,,,1,0,low,no_return,25.7,1,4,0,0
TX104562,CUST000062,2454.72,Beauty,COD,15.2,2.5,41,219,9,1,0.111,1,0,0,1.5,0.5,1,0,low,defective,26.7,1,1,0,1
TX104563,CUST000565,2071.83,Books,COD,11.1,3.9,42,196,8,0,0.0,0,0,0,,,1,0,low,no_return,30.4,2,3,0,0
TX104564,CUST002691,4722.7,Toys,Wallet,22.7,5.1,28,588,7,0,0.0,0,0,0,,,0,1,low,no_return,57.5,0,1,0,0
TX104565,CUST001017,1143.7,Grocery,Credit Card,13.7,9.7,25,457,9,0,0.0,0,1,0,,,1,0,low,no_return,34.1,0,0,0,0
TX104566,CUST002113,712.7,Beauty,Net Banking,14.0,9.5,18,88,9,1,0.111,1,1,1,22.5,21.8,2,0,medium,not_needed,18.7,0,0,0,1
TX104567,CUST002111,1559.35,Electronics,UPI,20.8,14.6,34,295,7,1,0.143,0,0,0,,,1,0,medium,no_return,5.3,0,1,0,0
TX104568,CUST000928,1396.55,Fashion,Credit Card,0.0,7.3,40,986,12,1,0.083,1,0,0,,,0,0,low,no_return,39.1,0,0,0,0
TX104569,CUST000613,528.93,Fashion,Debit Card,5.4,47.3,33,473,10,2,0.2,0,0,0,15.8,15.1,3,0,low,not_needed,38.3,0,0,0,0
TX104570,CUST002075,1920.89,Home,UPI,23.7,38.5,22,507,8,1,0.125,0,1,0,,,2,0,low,no_return,25.5,0,0,0,1
TX104571,CUST000281,1318.26,Mobile,COD,26.9,10.6,49,163,3,0,0.0,0,0,0,,,1,0,medium,no_return,11.3,1,0,0,0
TX104572,CUST001484,4185.55,Fashion,Credit Card,19.3,4.8,18,579,10,0,0.0,0,0,0,,,0,1,low,no_return,36.2,0,2,0,0
TX104573,CUST002664,1941.71,Sports,Credit Card,18.3,1.0,40,458,5,0,0.0,0,0,0,,,0,0,medium,no_return,20.1,0,2,0,0
TX104574,CUST002134,1044.96,Mobile,Debit Card,19.8,1.5,34,269,5,0,0.0,0,0,0,,,1,0,medium,no_return,25.5,0,0,0,0
TX104575,CUST002292,1783.71,Grocery,UPI,26.5,11.8,36,1242,6,0,0.0,0,0,0,,,0,0,low,no_return,39.6,1,1,0,0
TX104576,CUST000250,2045.83,Fashion,UPI,0.0,3.7,24,530,7,0,0.0,0,2,0,,,2,0,medium,no_return,34.0,1,2,0,0
TX104577,CUST000600,2609.16,Mobile,UPI,8.9,38.5,30,1732,10,3,0.3,0,1,0,,,0,0,low,no_return,31.5,0,1,0,0
TX104578,CUST000826,1842.29,Fashion,Wallet,14.1,7.9,34,260,8,0,0.0,0,0,0,,,0,0,medium,no_return,39.5,0,4,0,0
TX104579,CUST000877,5898.13,Electronics,COD,17.3,16.2,31,229,8,1,0.125,0,0,1,,,1,1,medium,no_return,26.2,1,1,0,0
TX104580,CUST000583,758.49,Home,Debit Card,0.0,1.3,18,584,6,1,0.167,0,0,1,0.4,0.0,2,0,low,not_as_described,40.4,0,1,0,0
TX104581,CUST002916,1303.18,Fashion,Debit Card,0.0,12.8,49,164,9,0,0.0,0,0,0,3.6,0.0,1,0,medium,changed_mind,23.9,0,4,0,0
TX104582,CUST000495,1048.12,Toys,Debit Card,14.8,1.8,38,99,15,0,0.0,0,0,0,,,0,0,low,no_return,14.7,0,2,0,0
TX104583,CUST002124,1440.98,Fashion,UPI,27.2,7.0,32,30,4,1,0.25,0,0,0,,,0,0,low,no_return,16.9,2,3,0,1
TX104584,CUST001760,2209.6,Toys,UPI,10.0,1.7,32,265,5,0,0.0,0,0,0,,,2,0,low,no_return,5.2,1,0,0,0
TX104585,CUST001831,2110.32,Electronics,Debit Card,7.0,2.4,48,1,6,1,0.167,0,0,0,,,0,0,medium,no_return,12.7,0,3,0,0
TX104586,CUST000644,2568.84,Footwear,UPI,21.3,20.5,24,188,13,1,0.077,0,0,0,23.9,20.5,1,0,low,not_as_described_repeated,39.7,3,2,0,0
TX104587,CUST000923,1934.0,Electronics,Net Banking,11.1,12.1,22,54,8,1,0.125,1,2,0,,,4,0,low,no_return,17.0,0,4,0,0
TX104588,CUST001819,2010.77,Mobile,UPI,25.6,1.9,40,228,7,1,0.143,1,0,0,2.8,0.3,3,0,medium,not_as_described_repeated,34.4,0,2,0,0
TX104589,CUST000898,1959.71,Electronics,Debit Card,12.3,1.9,36,113,9,1,0.111,0,0,0,1.2,0.3,4,0,low,not_needed,35.9,0,2,0,0
TX104590,CUST002082,1349.52,Footwear,Credit Card,1.6,5.8,21,535,13,2,0.154,1,1,0,,,0,0,low,no_return,21.6,0,1,0,0
TX104591,CUST000119,1281.72,Toys,COD,32.0,24.6,42,41,10,0,0.0,0,0,0,15.5,14.4,3,0,low,changed_mind,29.4,1,1,1,0
TX104592,CUST000219,1033.38,Sports,Wallet,29.8,3.8,34,1239,8,1,0.125,1,2,0,,,3,0,high,no_return,16.4,0,1,0,0
TX104593,CUST002185,2655.6,Electronics,Credit Card,3.5,0.5,23,35,5,0,0.0,0,0,0,,,2,0,low,no_return,16.2,1,0,0,1
TX104594,CUST001850,372.86,Grocery,UPI,19.7,6.2,36,699,11,4,0.364,1,0,0,,,0,0,low,no_return,6.0,0,1,0,0
TX104595,CUST000130,1982.16,Grocery,Debit Card,11.1,3.8,35,19,8,1,0.125,0,0,0,,,0,0,low,no_return,50.6,0,1,0,0
TX104596,CUST002697,2971.5,Sports,UPI,22.4,1.0,31,37,12,2,0.167,0,1,0,4.5,2.1,0,0,low,changed_mind,22.0,4,1,0,0
TX104597,CUST000015,3471.21,Grocery,UPI,4.5,0.9,35,206,9,0,0.0,0,3,1,,,0,1,low,no_return,23.5,1,1,0,0
TX104598,CUST002866,299.5,Mobile,Debit Card,25.5,37.3,38,103,11,0,0.0,0,0,0,4.7,4.3,1,0,low,changed_mind,42.8,1,2,0,0
TX104599,CUST002188,1378.39,Mobile,UPI,29.3,4.3,41,58,2,0,0.0,0,1,0,,,1,0,low,no_return,16.5,0,2,0,0
TX104600,CUST002964,1076.34,Beauty,UPI,3.6,11.9,33,39,6,1,0.167,0,1,0,,,1,0,low,no_return,57.8,2,0,0,0
TX104601,CUST002846,1301.23,Electronics,Credit Card,15.8,24.8,29,903,8,3,0.375,0,0,0,,,3,0,low,no_return,6.1,1,1,0,0
TX104602,CUST000940,3929.84,Electronics,Credit Card,29.6,4.3,34,344,13,6,0.462,2,1,0,,,2,1,medium,no_return,69.4,0,1,0,0
TX104603,CUST002269,1081.14,Books,Net Banking,3.0,2.8,43,220,8,1,0.125,1,0,0,,,0,0,low,no_return,36.2,1,2,0,0
TX104604,CUST000633,2967.1,Mobile,UPI,7.0,17.6,38,217,8,0,0.0,0,0,0,,,2,0,low,no_return,8.0,0,4,0,0
TX104605,CUST001415,2000.2,Home,Credit Card,22.9,6.9,28,669,11,3,0.273,1,3,1,,,1,0,high,no_return,19.1,0,2,0,0
TX104606,CUST000721,1263.21,Electronics,COD,13.1,88.1,32,1996,3,0,0.0,0,1,0,,,1,0,medium,no_return,76.4,0,0,0,0
TX104607,CUST001458,1176.85,Home,COD,0.0,0.5,48,499,5,0,0.0,0,1,0,0.6,0.4,0,0,low,changed_mind_repeated,35.3,1,4,0,1
TX104608,CUST002617,2136.28,Home,Credit Card,11.2,4.1,39,305,7,0,0.0,0,1,0,4.3,3.6,1,0,low,defective,5.3,0,1,0,0
TX104609,CUST001308,1720.65,Mobile,Debit Card,36.0,8.8,33,342,8,3,0.375,1,2,0,,,3,0,medium,no_return,29.6,0,3,0,0
TX104610,CUST000278,502.74,Grocery,Debit Card,39.8,0.8,43,157,5,0,0.0,0,0,0,5.0,3.8,3,0,low,defective,15.0,1,5,0,0
TX104611,CUST000974,911.11,Electronics,Credit Card,7.4,0.9,26,351,6,0,0.0,0,0,0,,,0,0,low,no_return,25.2,1,1,0,0
TX104612,CUST002359,2171.82,Fashion,UPI,4.0,2.4,35,403,11,2,0.182,0,0,0,,,1,0,low,no_return,31.0,1,3,0,0
TX104613,CUST001565,734.01,Electronics,Debit Card,9.5,3.2,50,85,8,1,0.125,0,0,0,1.3,0.4,1,0,low,changed_mind_repeated,15.2,0,0,0,0
TX104614,CUST001681,3234.35,Grocery,UPI,36.6,19.0,38,322,10,1,0.1,1,2,1,4.8,4.2,2,0,low,changed_mind,28.0,1,0,0,0
TX104615,CUST001294,590.97,Grocery,Credit Card,25.1,0.5,48,462,12,0,0.0,0,1,0,,,1,0,low,no_return,26.3,0,2,1,0
TX104616,CUST000879,1503.49,Electronics,Debit Card,32.6,4.4,31,644,11,0,0.0,0,0,0,,,3,0,medium,no_return,14.9,0,6,0,0
TX104617,CUST001794,2707.54,Fashion,UPI,27.0,1.3,27,364,5,0,0.0,0,0,0,9.2,7.4,2,0,high,not_needed,26.7,0,0,0,0
TX104618,CUST001899,860.71,Footwear,UPI,0.0,18.1,43,40,7,0,0.0,0,0,0,,,0,0,low,no_return,35.6,0,2,0,0
TX104619,CUST002694,698.89,Toys,Credit Card,3.6,9.4,18,30,4,2,0.5,1,2,0,,,1,0,low,no_return,56.7,0,4,0,0
TX104620,CUST001853,2404.37,Sports,Net Banking,6.6,1.2,33,62,12,0,0.0,0,0,0,,,1,0,high,no_return,9.1,0,4,0,0
TX104621,CUST002985,3026.42,Beauty,COD,8.7,17.4,42,96,10,0,0.0,0,0,0,,,2,0,low,no_return,9.1,5,2,0,0
TX104622,CUST002479,1576.37,Mobile,Credit Card,6.9,0.8,37,519,7,0,0.0,0,0,0,5.2,4.3,2,0,low,changed_mind_repeated,38.0,0,1,0,1
TX104623,CUST000237,1352.99,Books,Credit Card,8.3,8.5,18,426,8,0,0.0,0,0,0,3.6,3.1,0,0,high,changed_mind_repeated,44.1,2,3,0,0
TX104624,CUST001177,574.64,Mobile,Wallet,22.7,17.3,18,202,8,0,0.0,0,0,0,,,2,0,low,no_return,38.2,2,0,0,0
TX104625,CUST001154,1884.16,Electronics,Debit Card,16.6,10.1,30,457,4,1,0.25,1,0,0,,,3,0,low,no_return,38.1,0,1,0,0
TX104626,CUST000010,448.31,Fashion,Debit Card,29.6,21.3,36,197,7,0,0.0,0,0,0,,,3,0,low,no_return,62.7,1,2,0,0
TX104627,CUST000542,3963.83,Electronics,UPI,18.0,4.0,37,831,6,1,0.167,1,2,0,,,1,1,low,no_return,56.4,0,2,1,0
TX104628,CUST002286,1628.0,Footwear,UPI,6.9,7.2,31,234,9,0,0.0,0,0,0,,,1,0,low,no_return,30.9,3,1,0,0
TX104629,CUST001057,924.37,Grocery,UPI,17.3,2.1,39,930,12,2,0.167,0,0,0,,,2,0,low,no_return,46.1,0,0,0,0
TX104630,CUST000444,1168.99,Fashion,COD,0.0,15.1,36,230,10,4,0.4,0,1,0,,,1,0,low,no_return,17.0,1,2,0,0
TX104631,CUST000863,1979.36,Mobile,Net Banking,0.0,16.0,30,1014,10,1,0.1,0,0,1,5.1,4.5,2,0,low,defective,33.9,2,3,0,0
TX104632,CUST000824,1306.59,Mobile,UPI,22.7,3.3,37,208,12,0,0.0,0,0,0,,,1,0,high,no_return,36.3,0,2,0,0
TX104633,CUST000524,1771.47,Fashion,COD,27.2,18.6,25,1,6,1,0.167,1,0,0,7.7,4.6,3,0,low,not_as_described,10.8,1,3,0,0
TX104634,CUST000304,833.4,Grocery,Net Banking,15.9,4.2,38,366,7,0,0.0,0,0,0,1.4,0.0,2,0,medium,size_issue,10.6,0,0,0,0
TX104635,CUST002292,3514.15,Grocery,Net Banking,10.3,0.5,23,6,10,2,0.2,0,1,0,,,3,1,low,no_return,42.3,1,1,0,0
TX104636,CUST002473,1186.18,Electronics,Credit Card,0.0,42.3,36,110,11,1,0.091,0,0,0,,,1,0,low,no_return,30.2,0,1,0,0
TX104637,CUST001489,359.62,Grocery,UPI,29.0,16.4,36,106,11,0,0.0,0,1,0,19.7,19.4,4,0,low,changed_mind,10.1,2,2,0,0
TX104638,CUST001846,1384.23,Fashion,Wallet,20.9,55.1,29,429,10,3,0.3,1,0,0,3.3,2.6,1,0,low,changed_mind,30.4,2,2,0,1
TX104639,CUST002757,1064.51,Footwear,UPI,18.5,11.7,38,489,12,0,0.0,0,0,0,,,1,0,low,no_return,15.1,0,4,0,0
TX104640,CUST002528,3369.7,Toys,UPI,14.9,18.5,47,352,5,0,0.0,0,0,0,,,1,0,low,no_return,25.5,0,2,0,0
TX104641,CUST000098,927.66,Footwear,UPI,9.4,15.9,21,147,11,0,0.0,0,0,0,,,0,0,medium,no_return,37.8,1,1,0,0
TX104642,CUST002858,1294.17,Books,Debit Card,1.6,18.6,41,239,11,0,0.0,0,0,0,,,0,0,medium,no_return,33.2,1,3,0,0
TX104643,CUST000201,2015.35,Fashion,UPI,18.0,2.8,42,110,7,0,0.0,0,2,0,,,1,0,low,no_return,21.3,1,0,0,0
TX104644,CUST000080,2579.44,Home,Debit Card,8.5,11.0,29,1018,7,0,0.0,0,0,0,,,0,0,low,no_return,43.6,1,3,0,0
TX104645,CUST001210,4127.04,Grocery,Net Banking,9.9,5.1,40,1028,4,0,0.0,0,0,0,,,0,1,medium,no_return,26.7,0,1,0,0
TX104646,CUST002237,982.02,Fashion,Credit Card,35.6,22.1,29,66,12,1,0.083,1,0,0,,,2,0,low,no_return,14.7,0,1,0,0
TX104647,CUST000241,3845.73,Books,Wallet,14.4,2.4,44,378,9,1,0.111,0,0,0,,,3,1,low,no_return,13.3,2,1,0,0
TX104648,CUST000879,3289.0,Fashion,Net Banking,0.0,1.4,18,367,4,0,0.0,0,0,0,11.5,10.0,3,0,high,not_as_described,10.9,1,0,0,0
TX104649,CUST000788,1053.43,Fashion,COD,8.6,1.6,46,400,4,1,0.25,0,0,0,2.4,1.7,1,0,low,not_as_described,22.3,0,1,0,0
TX104650,CUST001192,968.2,Beauty,Debit Card,3.0,5.2,20,810,13,2,0.154,0,0,0,8.0,7.7,1,0,medium,not_as_described,39.1,1,0,0,1
TX104651,CUST002958,2300.52,Grocery,Net Banking,13.3,39.5,32,310,7,1,0.143,0,0,0,5.2,5.1,3,0,low,size_issue,11.7,0,3,0,0
TX104652,CUST000994,1743.67,Beauty,Debit Card,0.0,5.1,23,1086,9,1,0.111,1,0,0,6.9,5.7,4,0,medium,size_issue,1.2,3,0,0,0
TX104653,CUST000627,2296.69,Grocery,UPI,20.2,0.8,46,6,6,2,0.333,0,1,0,,,2,0,low,no_return,27.5,1,0,0,0
TX104654,CUST000367,1414.15,Home,Net Banking,11.4,18.4,29,517,6,1,0.167,0,0,0,,,2,0,low,no_return,20.8,1,2,0,0
TX104655,CUST000595,1860.23,Toys,Credit Card,9.3,6.8,26,357,8,0,0.0,0,0,0,2.0,1.5,1,0,low,defective,6.9,0,6,0,0
TX104656,CUST000400,1634.94,Grocery,Net Banking,16.8,17.0,43,134,5,0,0.0,0,1,0,,,1,0,low,no_return,22.1,0,2,0,0
TX104657,CUST001721,2276.71,Sports,Credit Card,14.1,0.5,39,13,5,0,0.0,0,0,0,,,3,0,low,no_return,21.6,0,4,0,0
TX104658,CUST001262,944.95,Home,Credit Card,13.4,3.2,28,58,5,1,0.2,0,0,0,13.8,13.3,0,0,low,not_as_described_repeated,17.7,0,2,0,0
TX104659,CUST001494,1954.71,Beauty,COD,12.3,13.3,22,66,3,0,0.0,0,0,0,,,1,0,low,no_return,5.2,0,2,0,0
TX104660,CUST002496,4075.22,Electronics,Debit Card,14.8,1.1,20,1147,6,1,0.167,1,0,0,,,2,1,low,no_return,27.0,0,1,0,0
TX104661,CUST001741,3931.43,Grocery,Credit Card,19.1,16.9,44,551,5,0,0.0,0,0,0,,,0,1,low,no_return,31.7,1,2,0,0
TX104662,CUST000466,2103.76,Fashion,Net Banking,17.6,6.3,36,42,10,1,0.1,0,0,0,0.0,0.0,2,0,low,defective,16.8,0,0,0,0
TX104663,CUST001130,931.44,Footwear,Credit Card,28.5,10.4,33,105,14,1,0.071,0,1,0,,,3,0,low,no_return,18.0,1,1,0,0
TX104664,CUST000938,5302.17,Toys,UPI,8.4,11.0,36,1230,9,1,0.111,1,1,0,0.8,0.0,1,1,medium,changed_mind,6.7,0,2,0,0
TX104665,CUST002480,2277.2,Beauty,Debit Card,17.9,11.9,18,207,4,0,0.0,0,0,0,,,0,0,low,no_return,22.6,2,1,0,0
TX104666,CUST000921,4982.72,Footwear,UPI,44.4,26.0,28,912,5,2,0.4,1,0,0,,,0,1,low,no_return,32.2,1,1,0,0
TX104667,CUST000416,2337.7,Grocery,Credit Card,14.5,1.1,29,87,12,1,0.083,0,0,0,,,1,0,medium,no_return,16.7,1,4,0,0
TX104668,CUST002208,279.15,Electronics,UPI,15.0,26.9,41,143,9,1,0.111,1,1,0,24.7,23.0,1,0,low,changed_mind,46.8,0,3,0,0
TX104669,CUST001285,5281.0,Books,UPI,0.0,0.5,18,500,8,2,0.25,0,0,0,,,2,1,low,no_return,37.2,0,1,0,0
TX104670,CUST000288,3002.01,Mobile,Wallet,6.4,8.6,42,172,8,0,0.0,0,0,0,1.9,0.5,0,0,low,not_as_described_repeated,29.7,0,1,0,0
TX104671,CUST002069,1814.44,Electronics,UPI,13.7,3.7,49,357,6,0,0.0,0,0,0,,,0,0,low,no_return,24.6,0,0,0,0
TX104672,CUST000632,479.94,Fashion,COD,21.4,3.7,18,333,9,1,0.111,0,0,0,1.5,0.0,2,0,low,changed_mind_repeated,34.3,0,0,0,0
TX104673,CUST002604,3210.29,Sports,Debit Card,22.8,5.8,32,212,4,0,0.0,0,0,0,4.8,2.6,0,0,low,defective,32.0,0,3,0,0
TX104674,CUST002497,2323.39,Home,UPI,18.9,6.9,36,355,8,0,0.0,0,0,0,0.4,0.0,2,0,low,changed_mind,5.8,0,3,0,0
TX104675,CUST001109,6223.79,Grocery,Net Banking,24.6,24.9,40,548,6,0,0.0,0,1,0,,,2,1,low,no_return,33.2,0,2,0,0
TX104676,CUST001667,4678.22,Sports,UPI,3.0,29.9,18,274,5,0,0.0,0,0,0,,,1,1,low,no_return,40.8,0,1,0,0
TX104677,CUST001703,4892.98,Toys,Credit Card,20.9,37.7,35,184,5,1,0.2,1,1,0,,,0,1,low,no_return,8.0,0,1,1,0
TX104678,CUST001960,2067.44,Electronics,COD,15.2,42.8,29,822,8,1,0.125,1,2,0,,,5,0,low,no_return,29.1,0,0,0,0
TX104679,CUST000208,2007.4,Home,COD,16.5,22.7,29,280,11,0,0.0,0,0,0,,,2,0,low,no_return,2.6,0,2,0,0
TX104680,CUST000975,2340.17,Footwear,Credit Card,10.7,4.6,52,72,7,0,0.0,0,1,0,5.9,5.8,0,0,medium,not_as_described_repeated,42.8,0,4,0,0
TX104681,CUST000511,1133.29,Home,COD,3.6,1.5,29,540,5,1,0.2,0,0,0,3.2,1.4,2,0,low,not_as_described_repeated,25.4,0,1,0,0
TX104682,CUST002092,1849.88,Beauty,Wallet,0.4,36.1,36,48,6,1,0.167,0,0,0,,,2,0,low,no_return,12.7,0,1,0,0
TX104683,CUST000208,1611.67,Electronics,Credit Card,18.8,7.6,30,21,6,0,0.0,0,0,0,,,0,0,high,no_return,11.2,1,0,0,0
TX104684,CUST001551,3776.95,Fashion,Debit Card,21.0,35.2,34,41,7,0,0.0,0,0,0,,,3,1,low,no_return,36.5,0,1,0,0
TX104685,CUST002183,4264.42,Beauty,Credit Card,13.4,0.5,37,450,9,0,0.0,0,0,0,,,2,1,low,no_return,6.5,1,3,0,0
TX104686,CUST002845,2760.12,Home,Credit Card,14.8,14.3,40,1319,6,1,0.167,0,0,0,4.8,4.6,2,0,low,size_issue,35.3,0,2,0,0
TX104687,CUST000864,1006.61,Books,Credit Card,6.4,1.3,24,917,8,0,0.0,0,0,0,,,1,0,high,no_return,6.1,0,1,0,0
TX104688,CUST000024,5491.63,Grocery,UPI,21.0,2.2,33,1447,11,0,0.0,0,0,0,,,0,1,medium,no_return,16.5,0,0,0,0
TX104689,CUST002171,3199.79,Footwear,Debit Card,15.7,6.2,33,73,9,1,0.111,0,0,0,1.4,0.6,1,0,low,defective,36.6,0,0,0,0
TX104690,CUST000005,2236.55,Footwear,UPI,10.6,1.2,18,419,9,2,0.222,1,1,0,,,1,0,low,no_return,12.8,0,0,0,0
TX104691,CUST000200,2596.86,Fashion,UPI,25.4,6.8,22,49,10,1,0.1,0,0,0,,,1,0,low,no_return,66.8,0,5,0,0
TX104692,CUST002971,655.52,Electronics,Credit Card,22.7,9.1,40,274,11,0,0.0,0,1,0,,,2,0,low,no_return,2.8,2,2,0,0
TX104693,CUST002587,1613.66,Footwear,UPI,0.0,21.3,27,108,5,0,0.0,0,0,0,,,0,0,medium,no_return,40.5,0,2,0,0
TX104694,CUST002122,3980.52,Fashion,Debit Card,15.6,5.0,58,237,4,0,0.0,0,0,0,,,1,1,low,no_return,10.5,0,5,0,0
TX104695,CUST002506,632.36,Home,Debit Card,3.5,18.3,41,104,9,0,0.0,0,0,0,4.2,3.2,0,0,low,not_as_described,47.9,1,3,0,0
TX104696,CUST000226,618.78,Electronics,UPI,16.7,15.9,36,871,10,0,0.0,0,0,0,,,1,0,low,no_return,28.3,2,1,0,0
TX104697,CUST000267,3212.6,Grocery,UPI,0.0,36.2,47,831,9,2,0.222,1,0,0,3.8,3.5,1,0,low,not_as_described,25.6,0,2,0,0
TX104698,CUST000903,2480.89,Fashion,UPI,17.4,0.5,39,270,5,0,0.0,0,1,0,0.1,0.0,3,0,low,defective,17.3,0,3,0,1
TX104699,CUST000072,637.93,Fashion,Debit Card,23.5,25.4,33,1702,10,0,0.0,0,0,0,,,2,0,low,no_return,23.8,0,0,0,0
TX104700,CUST002665,1517.04,Beauty,UPI,13.7,32.0,18,115,12,0,0.0,0,1,0,,,1,0,low,no_return,10.4,0,1,0,0
TX104701,CUST000169,2236.55,Books,COD,1.0,26.0,38,38,4,1,0.25,1,0,0,,,1,0,low,no_return,37.1,0,2,0,0
TX104702,CUST001632,2067.95,Fashion,Debit Card,38.5,11.3,45,212,5,0,0.0,0,0,0,10.8,9.0,1,0,low,defective,12.0,0,1,0,0
TX104703,CUST002561,2351.92,Books,Credit Card,28.9,8.3,26,343,10,1,0.1,0,0,0,,,1,0,low,no_return,10.0,1,1,1,0
TX104704,CUST002205,1441.62,Beauty,UPI,8.6,4.0,18,6,5,0,0.0,0,0,0,,,1,0,medium,no_return,20.7,2,1,0,0
TX104705,CUST000704,2137.23,Home,Credit Card,11.9,18.3,21,87,11,2,0.182,0,1,0,13.0,12.2,0,0,low,changed_mind_repeated,26.3,0,2,0,0
TX104706,CUST001411,2756.98,Home,Credit Card,0.0,4.3,49,292,15,0,0.0,0,0,0,3.8,3.3,3,0,low,not_as_described_repeated,29.7,1,1,0,0
TX104707,CUST001645,2623.4,Electronics,Credit Card,20.7,0.6,32,947,10,0,0.0,0,0,0,3.3,0.0,1,0,low,not_needed,28.2,0,2,0,0
TX104708,CUST002304,1470.86,Fashion,Wallet,0.0,16.2,46,638,9,3,0.333,0,3,0,,,0,0,low,no_return,48.0,1,1,0,0
TX104709,CUST001279,2921.99,Footwear,UPI,23.0,23.3,32,1201,7,1,0.143,0,1,0,,,0,0,medium,no_return,33.4,0,2,0,0
TX104710,CUST000855,927.28,Electronics,UPI,27.3,15.9,27,2,10,0,0.0,0,1,0,14.6,14.0,1,0,medium,not_needed,47.5,0,0,0,0
TX104711,CUST002386,1168.85,Mobile,COD,14.2,36.3,53,709,4,0,0.0,0,0,0,0.4,0.0,2,0,high,not_needed,9.3,0,3,0,1
TX104712,CUST002659,3209.76,Electronics,Net Banking,2.2,0.6,28,339,9,0,0.0,0,1,0,,,1,0,medium,no_return,13.7,0,3,0,0
TX104713,CUST001467,2883.48,Home,Credit Card,30.0,8.5,29,182,11,2,0.182,0,1,1,2.4,2.3,0,0,low,not_as_described,29.0,1,2,0,0
TX104714,CUST000085,1561.03,Sports,Debit Card,15.0,2.3,36,520,8,1,0.125,0,2,0,,,0,0,low,no_return,21.8,0,2,0,0
TX104715,CUST001502,1152.46,Toys,UPI,16.1,14.5,29,750,10,1,0.1,0,1,0,,,1,0,low,no_return,27.5,0,0,0,0
TX104716,CUST002667,1260.89,Electronics,COD,3.8,18.2,39,150,8,0,0.0,0,1,0,,,1,0,low,no_return,42.7,1,2,0,0
TX104717,CUST002967,2680.89,Electronics,Debit Card,17.3,2.2,36,444,3,0,0.0,0,0,0,,,1,0,low,no_return,5.1,0,4,0,0
TX104718,CUST001203,2368.84,Grocery,Credit Card,12.6,11.8,36,22,11,0,0.0,0,0,0,4.0,3.9,2,0,low,not_as_described,14.3,1,0,0,0
TX104719,CUST000451,1103.23,Fashion,Credit Card,0.0,6.7,25,58,4,0,0.0,0,0,0,,,1,0,low,no_return,33.6,0,3,0,0
TX104720,CUST001716,2870.84,Grocery,Credit Card,31.1,2.7,18,463,6,1,0.167,1,1,0,,,2,0,low,no_return,10.6,1,2,1,0
TX104721,CUST002492,1515.43,Toys,COD,36.1,5.1,23,232,9,0,0.0,0,1,0,,,4,0,low,no_return,11.1,0,1,0,0
TX104722,CUST002835,949.14,Electronics,UPI,27.2,3.2,24,47,5,0,0.0,0,0,0,,,1,0,medium,no_return,33.1,0,2,0,0
TX104723,CUST000156,1350.55,Footwear,Credit Card,25.4,8.5,34,185,11,3,0.273,0,0,0,,,0,0,low,no_return,26.0,0,1,0,0
TX104724,CUST000872,1943.06,Electronics,UPI,36.2,8.3,23,155,10,1,0.1,0,3,0,,,0,0,low,no_return,15.6,1,1,0,1
TX104725,CUST001433,2807.37,Footwear,COD,2.4,19.6,18,538,3,0,0.0,0,1,0,2.0,0.0,2,0,high,not_as_described,1.6,3,1,0,0
TX104726,CUST000295,2694.03,Mobile,UPI,2.3,0.5,20,658,5,0,0.0,0,0,0,6.5,4.4,1,0,low,size_issue,46.7,0,0,0,0
TX104727,CUST002659,1712.56,Grocery,Net Banking,10.0,14.2,35,301,10,4,0.4,0,1,0,,,1,0,low,no_return,12.2,2,3,0,0
TX104728,CUST000337,2094.29,Mobile,Credit Card,18.6,15.4,38,242,8,0,0.0,0,1,0,,,2,0,low,no_return,23.0,1,0,0,0
TX104729,CUST001995,1615.6,Toys,Credit Card,11.5,10.2,26,1364,8,0,0.0,0,0,0,8.3,6.6,1,0,low,defective,2.6,0,0,0,0
TX104730,CUST002755,1104.59,Electronics,Credit Card,2.8,17.9,27,335,13,2,0.154,0,1,0,,,2,0,low,no_return,35.7,0,3,0,0
TX104731,CUST002055,1755.26,Electronics,Credit Card,15.1,0.5,38,331,10,0,0.0,0,0,0,,,1,0,low,no_return,4.2,0,1,0,0
TX104732,CUST002289,477.25,Electronics,Credit Card,13.9,0.5,33,234,10,1,0.1,0,0,0,,,2,0,low,no_return,10.4,1,1,0,0
TX104733,CUST000790,4314.99,Home,Credit Card,25.1,15.3,43,104,4,0,0.0,0,1,0,,,4,1,high,no_return,48.7,0,2,0,1
TX104734,CUST002482,2059.29,Grocery,UPI,15.5,12.8,30,538,9,3,0.333,0,0,1,,,1,0,low,no_return,24.8,0,1,0,0
TX104735,CUST001256,2428.37,Beauty,Credit Card,0.0,25.4,23,637,5,0,0.0,0,0,0,,,1,0,low,no_return,27.2,0,3,0,0
TX104736,CUST000184,1137.86,Grocery,COD,19.6,7.0,42,191,11,2,0.182,1,1,0,1.1,0.0,1,0,low,not_as_described_repeated,42.1,0,4,0,0
TX104737,CUST001100,2047.99,Home,UPI,34.0,9.1,28,313,5,1,0.2,0,0,1,,,2,0,low,no_return,39.2,2,0,0,0
TX104738,CUST001050,2271.99,Electronics,COD,15.3,22.5,24,247,8,0,0.0,0,0,0,,,1,0,low,no_return,5.2,0,4,0,0
TX104739,CUST001564,1565.01,Fashion,Net Banking,26.8,13.2,40,101,6,0,0.0,0,0,0,,,3,0,low,no_return,58.0,0,3,0,0
TX104740,CUST000795,1620.97,Mobile,Debit Card,8.9,13.1,46,28,9,1,0.111,1,0,0,,,0,0,low,no_return,21.3,1,3,0,0
TX104741,CUST001387,728.24,Home,UPI,21.8,11.2,33,135,2,0,0.0,0,0,0,10.0,9.9,3,0,medium,not_as_described_repeated,55.8,0,2,0,0
TX104742,CUST001284,5182.35,Fashion,Debit Card,6.1,40.6,21,610,4,0,0.0,0,0,0,,,0,1,low,no_return,17.6,1,1,0,0
TX104743,CUST000981,1126.6,Electronics,COD,12.0,13.2,47,90,6,0,0.0,0,0,0,0.9,0.0,1,0,low,size_issue,12.4,1,2,0,0
TX104744,CUST002088,1227.24,Mobile,Credit Card,12.1,1.9,35,229,8,0,0.0,0,0,0,,,1,0,low,no_return,30.5,0,2,0,0
TX104745,CUST000917,4485.0,Fashion,UPI,20.7,3.4,34,33,6,0,0.0,0,0,0,,,2,1,low,no_return,40.6,0,2,0,0
TX104746,CUST002297,2500.29,Grocery,Credit Card,5.1,1.6,27,32,6,1,0.167,1,0,0,0.4,0.0,1,0,low,changed_mind,13.2,0,0,0,0
TX104747,CUST000753,2821.78,Electronics,Credit Card,0.0,10.5,43,415,9,0,0.0,0,0,0,2.2,0.0,0,0,low,not_as_described_repeated,4.6,3,4,0,0
TX104748,CUST002594,695.5,Electronics,UPI,20.6,0.7,20,460,6,0,0.0,0,0,0,5.3,4.7,2,0,low,not_needed,62.7,0,0,0,0
TX104749,CUST001095,2031.75,Books,UPI,20.2,9.5,19,901,8,0,0.0,0,1,0,,,0,0,low,no_return,7.6,0,4,0,0
TX104750,CUST000123,701.27,Grocery,Debit Card,16.3,18.8,50,504,8,0,0.0,0,0,0,8.1,5.2,1,0,low,not_needed,29.7,3,1,0,0
TX104751,CUST000450,1016.69,Grocery,Credit Card,26.2,5.5,23,837,9,0,0.0,0,0,0,,,1,0,medium,no_return,10.1,2,1,0,0
TX104752,CUST002418,5642.89,Fashion,UPI,12.6,4.6,41,149,10,2,0.2,0,0,0,,,1,1,low,no_return,6.8,1,0,0,0
TX104753,CUST002616,892.28,Mobile,Net Banking,18.4,0.5,45,321,2,0,0.0,0,1,0,10.8,7.4,1,0,medium,defective,12.5,0,0,0,0
TX104754,CUST000636,2738.93,Sports,UPI,10.8,5.4,34,684,11,0,0.0,0,0,0,,,2,0,medium,no_return,18.0,2,0,0,0
TX104755,CUST001806,951.37,Mobile,UPI,11.9,2.8,23,141,12,1,0.083,0,0,0,,,0,0,medium,no_return,53.8,1,2,0,0
TX104756,CUST001723,1032.58,Fashion,UPI,19.1,41.0,38,551,10,1,0.1,0,0,0,,,4,0,medium,no_return,30.1,0,2,0,0
TX104757,CUST000402,7764.49,Home,UPI,42.2,27.5,45,575,9,2,0.222,0,1,0,,,3,1,low,no_return,43.8,1,3,0,1
TX104758,CUST001356,1718.23,Fashion,Debit Card,23.9,0.5,35,32,9,2,0.222,0,2,0,,,0,0,low,no_return,8.1,0,1,0,0
TX104759,CUST002081,660.38,Books,UPI,21.6,25.4,24,493,6,0,0.0,0,2,0,,,1,0,low,no_return,26.7,0,1,0,0
TX104760,CUST002901,2811.46,Books,Net Banking,24.3,1.3,35,1486,9,2,0.222,0,0,1,4.2,4.1,1,0,low,not_needed,28.5,0,1,0,0
TX104761,CUST002543,3807.19,Beauty,Net Banking,0.0,5.2,18,45,4,0,0.0,0,0,0,,,1,1,low,no_return,3.1,0,2,1,0
TX104762,CUST000294,2974.09,Electronics,Credit Card,18.8,12.3,22,868,4,0,0.0,0,0,0,0.5,0.0,2,0,low,defective,35.3,0,1,0,0
TX104763,CUST000713,1621.47,Fashion,COD,25.9,8.4,29,392,9,0,0.0,0,0,0,,,0,0,low,no_return,9.6,1,0,0,0
TX104764,CUST001310,1657.32,Electronics,Debit Card,16.0,8.1,32,749,12,9,0.75,2,1,0,,,2,0,low,no_return,51.6,0,3,0,0
TX104765,CUST000452,1279.44,Footwear,COD,14.5,19.6,19,254,9,1,0.111,0,0,0,,,2,0,low,no_return,10.8,0,1,0,0
TX104766,CUST001712,819.36,Fashion,UPI,3.7,0.5,34,156,3,0,0.0,0,1,0,,,0,0,low,no_return,27.1,1,0,0,0
TX104767,CUST000026,2244.93,Electronics,Debit Card,9.8,27.5,37,858,6,0,0.0,0,0,0,,,1,0,low,no_return,18.3,1,0,0,0
TX104768,CUST000341,1569.32,Home,UPI,5.0,16.2,29,1563,7,0,0.0,0,0,0,,,1,0,low,no_return,21.9,0,1,0,0
TX104769,CUST000142,708.71,Electronics,UPI,27.0,43.0,18,338,10,1,0.1,0,0,0,,,0,0,low,no_return,35.6,0,1,0,0
TX104770,CUST000887,1745.98,Mobile,Net Banking,33.0,2.9,33,369,7,2,0.286,0,2,1,,,2,0,medium,no_return,30.3,2,3,0,1
TX104771,CUST002286,1131.26,Fashion,UPI,38.2,8.0,50,466,11,0,0.0,0,0,0,3.3,3.1,4,0,low,defective,31.0,1,2,0,0
TX104772,CUST000532,2170.6,Mobile,Credit Card,4.8,5.0,36,357,7,0,0.0,0,0,0,,,0,0,medium,no_return,25.1,0,0,1,0
TX104773,CUST002961,2036.03,Grocery,UPI,7.0,8.6,32,353,10,2,0.2,0,0,0,,,0,0,medium,no_return,21.5,0,0,0,0
TX104774,CUST000809,1427.32,Sports,Net Banking,6.0,9.3,28,1424,6,0,0.0,0,0,0,,,1,0,low,no_return,27.3,1,2,0,0
TX104775,CUST000135,1800.13,Beauty,Credit Card,2.8,9.6,37,634,8,1,0.125,0,1,0,2.5,2.0,3,0,medium,changed_mind,25.4,1,0,0,1
TX104776,CUST001007,1901.61,Grocery,UPI,3.0,1.9,34,690,5,0,0.0,0,0,0,,,0,0,low,no_return,56.0,0,1,0,0
TX104777,CUST002244,3209.16,Grocery,Debit Card,8.8,28.8,39,359,5,0,0.0,0,0,0,,,1,0,low,no_return,16.9,1,3,0,0
TX104778,CUST000320,1757.84,Electronics,UPI,25.5,16.3,21,302,7,0,0.0,0,0,0,0.8,0.6,0,0,low,not_needed,18.9,0,2,0,0
TX104779,CUST000216,1300.2,Footwear,UPI,6.4,24.8,33,653,7,1,0.143,0,0,1,,,1,0,low,no_return,13.5,0,2,0,0
TX104780,CUST002548,1522.53,Home,Debit Card,27.6,0.7,27,1240,2,0,0.0,0,1,0,2.8,0.2,3,0,low,size_issue,25.6,0,1,0,0
TX104781,CUST001776,4945.3,Home,Wallet,31.4,6.8,35,30,5,0,0.0,0,0,0,3.1,2.9,0,1,low,size_issue,27.2,1,2,0,0
TX104782,CUST001030,975.16,Home,COD,18.4,4.6,18,364,9,1,0.111,1,0,0,,,1,0,low,no_return,42.8,1,2,0,0
TX104783,CUST002268,1588.6,Grocery,UPI,29.7,21.2,28,498,3,0,0.0,0,1,0,3.6,3.0,1,0,medium,changed_mind_repeated,43.1,0,2,0,0
TX104784,CUST002533,1573.06,Home,Credit Card,0.0,3.6,37,810,7,0,0.0,0,0,0,6.8,4.6,1,0,low,changed_mind_repeated,23.8,0,1,0,0
TX104785,CUST001078,1616.98,Home,COD,8.3,12.1,39,105,10,0,0.0,0,0,0,3.2,2.5,3,0,low,changed_mind,32.4,1,2,0,0
TX104786,CUST001683,531.91,Electronics,UPI,17.3,10.0,31,139,8,0,0.0,0,0,0,,,2,0,low,no_return,8.3,0,1,0,0
TX104787,CUST000033,799.75,Home,COD,17.7,8.6,18,18,6,0,0.0,0,0,0,,,1,0,low,no_return,14.9,1,1,0,0
TX104788,CUST000919,1517.05,Electronics,Credit Card,32.2,10.0,38,358,7,0,0.0,0,0,0,,,0,0,low,no_return,25.4,0,4,0,0
TX104789,CUST001785,1256.52,Footwear,Net Banking,3.0,11.5,47,330,10,0,0.0,0,0,0,,,3,0,low,no_return,26.5,0,1,0,0
TX104790,CUST000592,2164.31,Fashion,Credit Card,8.6,16.3,23,444,14,5,0.357,1,0,0,2.7,0.0,1,0,medium,not_as_described,41.5,1,0,0,0
TX104791,CUST002973,3496.36,Mobile,Net Banking,14.0,2.8,27,116,8,0,0.0,0,0,0,,,0,1,low,no_return,9.2,0,1,0,0
TX104792,CUST002913,2271.94,Grocery,Credit Card,8.8,21.2,40,337,8,2,0.25,0,0,0,,,2,0,medium,no_return,11.4,2,3,0,0
TX104793,CUST000773,1946.93,Books,COD,2.5,2.7,40,1890,9,0,0.0,0,0,0,,,4,0,low,no_return,45.7,2,1,0,0
TX104794,CUST001189,2414.23,Mobile,UPI,9.3,2.0,42,997,11,1,0.091,0,0,0,,,1,0,low,no_return,63.2,1,0,1,0
TX104795,CUST000569,2062.85,Fashion,Debit Card,12.1,5.1,42,424,8,0,0.0,0,0,0,,,2,0,low,no_return,15.6,0,2,0,0
TX104796,CUST001512,1790.72,Sports,Credit Card,32.4,10.0,18,386,8,0,0.0,0,0,0,,,1,0,medium,no_return,51.2,1,0,0,0
TX104797,CUST000372,3134.55,Electronics,UPI,2.8,11.3,27,506,7,0,0.0,0,1,0,,,2,0,high,no_return,23.2,0,1,0,0
TX104798,CUST001173,1490.0,Electronics,Credit Card,24.8,20.2,38,389,10,2,0.2,1,3,0,,,3,0,medium,no_return,38.2,0,3,0,0
TX104799,CUST001666,792.19,Home,UPI,30.3,20.2,31,1334,5,4,0.8,2,0,0,3.5,3.5,2,0,medium,changed_mind,8.7,1,0,0,0
TX104800,CUST001835,1228.68,Grocery,Wallet,8.8,12.2,35,681,6,0,0.0,0,1,0,0.8,0.0,4,0,low,changed_mind_repeated,25.6,2,2,0,1
TX104801,CUST001789,1123.08,Toys,COD,18.1,11.6,30,615,12,2,0.167,2,2,0,,,5,0,low,no_return,30.4,1,1,0,1
TX104802,CUST000665,5767.52,Fashion,COD,21.9,3.0,27,220,8,2,0.25,0,1,0,,,0,1,low,no_return,24.4,1,3,0,0
TX104803,CUST002377,3622.97,Books,Credit Card,19.9,0.5,29,11,6,0,0.0,0,0,0,4.2,4.0,2,1,low,changed_mind,5.5,0,3,0,0
TX104804,CUST002075,1962.01,Fashion,UPI,16.0,7.4,20,86,13,1,0.077,0,0,0,,,2,0,medium,no_return,22.9,0,1,0,0
TX104805,CUST002259,1142.49,Electronics,Credit Card,6.9,4.6,24,207,1,1,1.0,1,0,1,,,0,0,medium,no_return,27.8,1,5,0,0
TX104806,CUST001404,3115.09,Electronics,UPI,22.9,2.2,31,677,6,0,0.0,0,0,0,,,0,0,low,no_return,26.3,0,3,0,0
TX104807,CUST002677,1914.26,Sports,Debit Card,10.5,22.6,31,452,6,0,0.0,0,0,0,,,1,0,low,no_return,4.9,0,0,0,0
TX104808,CUST001170,1492.11,Beauty,COD,15.3,7.5,37,84,8,2,0.25,1,1,0,,,1,0,low,no_return,32.9,2,1,0,0
TX104809,CUST002417,1924.18,Fashion,UPI,17.1,25.4,29,417,7,1,0.143,0,1,0,,,0,0,low,no_return,10.6,1,2,0,0
TX104810,CUST000611,1518.63,Electronics,UPI,25.3,22.3,48,125,8,1,0.125,1,2,0,1.9,1.2,2,0,low,changed_mind_repeated,29.9,1,0,0,0
TX104811,CUST000742,2396.55,Sports,UPI,38.1,25.4,44,7,2,0,0.0,0,0,0,,,3,0,low,no_return,9.7,0,2,0,0
TX104812,CUST001580,743.34,Toys,Credit Card,6.1,28.0,26,445,6,0,0.0,0,0,0,2.7,0.1,0,0,high,not_as_described_repeated,25.1,0,2,0,1
TX104813,CUST001668,2386.03,Electronics,UPI,15.6,14.9,33,182,8,2,0.25,1,2,0,5.3,0.0,1,0,low,not_as_described_repeated,3.8,3,0,0,0
TX104814,CUST002238,1517.32,Books,Credit Card,0.0,3.4,44,87,11,4,0.364,0,0,0,,,1,0,medium,no_return,69.5,0,0,0,1
TX104815,CUST000892,3157.67,Grocery,UPI,32.8,11.0,25,207,4,0,0.0,0,0,0,,,0,0,low,no_return,20.1,0,3,0,0
TX104816,CUST002618,3674.73,Beauty,UPI,15.5,3.2,24,118,7,0,0.0,0,0,0,7.4,7.3,1,1,low,not_needed,22.3,0,3,0,0
TX104817,CUST000990,4163.18,Electronics,COD,11.4,5.1,44,104,11,0,0.0,0,0,0,14.2,12.9,0,1,low,not_as_described_repeated,54.5,3,3,0,0
TX104818,CUST001603,6029.16,Footwear,Wallet,15.6,4.3,38,143,8,1,0.125,0,2,0,,,1,1,low,no_return,15.2,0,1,0,0
TX104819,CUST002795,4075.93,Beauty,UPI,16.2,1.4,42,1591,4,1,0.25,0,0,0,,,0,1,low,no_return,15.6,1,2,0,0
TX104820,CUST001618,3097.03,Home,UPI,6.2,33.7,35,105,4,0,0.0,0,0,0,0.4,0.2,0,0,low,size_issue,24.7,2,0,0,0
TX104821,CUST002046,816.29,Footwear,UPI,29.3,0.5,29,282,12,0,0.0,0,0,0,,,1,0,high,no_return,24.6,0,3,0,0
TX104822,CUST002725,333.01,Footwear,COD,22.7,6.5,18,901,4,0,0.0,0,1,0,,,0,0,low,no_return,19.7,0,4,0,0
TX104823,CUST002923,3359.0,Books,Credit Card,24.4,1.6,33,438,11,0,0.0,0,1,0,,,0,0,low,no_return,37.6,1,0,0,0
TX104824,CUST001498,1013.11,Toys,Debit Card,6.8,14.8,44,225,3,0,0.0,0,0,0,,,0,0,low,no_return,32.1,0,3,0,0
TX104825,CUST001251,8599.02,Electronics,Debit Card,6.2,16.2,44,523,13,3,0.231,2,0,0,3.6,2.4,1,1,low,defective,15.8,0,6,0,0
TX104826,CUST000591,608.84,Books,Net Banking,13.6,5.8,42,306,7,1,0.143,0,1,0,,,1,0,low,no_return,26.6,1,2,0,0
TX104827,CUST001612,3016.32,Fashion,UPI,24.6,0.6,39,61,8,0,0.0,0,1,0,,,1,0,medium,no_return,8.7,2,0,0,0
TX104828,CUST002755,2058.93,Footwear,UPI,21.0,21.5,54,414,8,0,0.0,0,0,0,10.2,8.7,0,0,low,size_issue,21.8,1,2,0,0
TX104829,CUST001461,658.59,Home,Credit Card,5.7,1.9,18,309,6,1,0.167,0,1,0,13.8,12.7,1,0,low,changed_mind,26.7,0,2,0,0
TX104830,CUST001046,2050.89,Electronics,Credit Card,23.0,15.3,34,1381,5,1,0.2,0,1,0,21.7,21.4,3,0,medium,size_issue,36.3,1,1,0,0
TX104831,CUST000322,1100.67,Home,UPI,3.3,0.9,22,537,7,0,0.0,0,0,0,,,2,0,low,no_return,43.4,1,4,0,0
TX104832,CUST001169,1722.0,Books,Net Banking,7.1,0.7,47,880,12,0,0.0,0,1,1,,,0,0,low,no_return,8.0,1,2,0,0
TX104833,CUST000710,1737.69,Beauty,Debit Card,16.9,12.0,26,386,12,0,0.0,0,0,0,,,3,0,low,no_return,45.0,1,3,0,0
TX104834,CUST002930,1111.43,Books,Net Banking,0.9,8.7,42,116,9,1,0.111,0,0,0,0.6,0.4,2,0,low,not_needed,22.3,0,0,0,0
TX104835,CUST001583,1430.92,Electronics,Net Banking,3.4,8.3,27,264,9,1,0.111,0,0,0,,,0,0,high,no_return,17.4,3,3,0,0
TX104836,CUST000411,1040.55,Fashion,Credit Card,33.6,8.5,36,244,6,1,0.167,0,0,0,16.3,15.2,2,0,low,defective,31.6,1,1,0,0
TX104837,CUST000203,490.73,Sports,Net Banking,31.4,25.0,30,457,10,0,0.0,0,0,0,,,2,0,low,no_return,62.7,1,1,0,0
TX104838,CUST002552,1943.1,Home,COD,42.5,1.0,31,394,11,1,0.091,1,0,0,22.5,21.6,2,0,low,defective,39.7,0,1,0,0
TX104839,CUST002794,4063.25,Grocery,Credit Card,20.4,17.8,35,1328,8,0,0.0,0,1,0,3.6,3.5,3,1,low,not_as_described,28.0,0,2,0,0
TX104840,CUST002289,1082.72,Mobile,Debit Card,22.7,3.0,41,291,6,1,0.167,0,1,0,,,2,0,low,no_return,16.3,1,0,0,0
TX104841,CUST000372,5331.44,Grocery,Wallet,13.1,3.1,30,239,12,0,0.0,0,2,0,,,3,1,low,no_return,42.5,0,1,0,1
TX104842,CUST000295,6013.16,Home,COD,10.8,1.2,40,245,9,0,0.0,0,0,0,0.2,0.0,2,1,low,not_as_described_repeated,6.9,1,1,0,0
TX104843,CUST000594,1351.61,Sports,COD,25.5,30.2,42,1039,8,2,0.25,0,2,0,,,2,0,low,no_return,19.5,0,2,0,0
TX104844,CUST002253,1570.12,Footwear,UPI,31.3,23.9,27,625,2,0,0.0,0,0,0,4.2,2.4,1,0,medium,changed_mind_repeated,11.5,0,0,0,0
TX104845,CUST002296,1369.38,Grocery,COD,24.4,5.2,50,32,4,1,0.25,0,0,0,,,1,0,low,no_return,28.0,1,0,0,0
TX104846,CUST002513,824.91,Toys,Credit Card,4.9,11.7,39,60,7,0,0.0,0,1,0,2.6,0.0,1,0,medium,not_as_described_repeated,12.9,0,1,0,0
TX104847,CUST000291,1575.1,Fashion,Debit Card,19.7,12.0,27,879,8,1,0.125,0,1,0,2.0,1.2,1,0,low,changed_mind_repeated,24.6,2,0,0,0
TX104848,CUST000460,1460.87,Books,Debit Card,5.8,10.5,38,47,4,0,0.0,0,0,0,,,2,0,high,no_return,22.9,0,1,0,0
TX104849,CUST002700,1921.65,Electronics,Credit Card,11.1,6.7,42,100,9,0,0.0,0,0,0,,,4,0,low,no_return,49.9,0,1,0,0
TX104850,CUST002786,1989.29,Books,UPI,34.6,5.4,37,107,9,0,0.0,0,0,0,9.1,8.5,3,0,low,not_needed,13.0,1,3,0,0
TX104851,CUST002177,782.29,Footwear,Debit Card,0.6,12.6,34,221,7,1,0.143,0,0,0,,,1,0,low,no_return,38.9,0,2,0,0
TX104852,CUST000319,2647.81,Footwear,UPI,41.0,15.1,18,856,9,0,0.0,0,1,0,,,2,0,low,no_return,8.8,0,2,0,0
TX104853,CUST000206,1562.8,Electronics,UPI,21.6,7.4,22,224,4,0,0.0,0,2,0,,,2,0,low,no_return,12.3,0,1,0,0
TX104854,CUST000167,890.15,Toys,UPI,9.4,4.1,38,1179,5,2,0.4,1,0,0,,,2,0,low,no_return,23.3,2,0,0,1
TX104855,CUST002075,1539.6,Electronics,Debit Card,15.8,35.7,22,481,3,1,0.333,0,0,0,,,2,0,medium,no_return,20.6,0,1,0,0
TX104856,CUST002538,2038.84,Beauty,UPI,6.8,1.5,37,198,4,0,0.0,0,0,0,,,2,0,low,no_return,41.4,0,1,0,0
TX104857,CUST001895,4533.86,Grocery,Credit Card,8.4,5.5,40,28,5,0,0.0,0,0,0,,,2,1,low,no_return,18.1,0,2,0,0
TX104858,CUST000787,4093.25,Beauty,Net Banking,15.9,3.8,30,846,7,0,0.0,0,0,0,,,0,1,low,no_return,37.4,1,2,0,0
TX104859,CUST002272,1276.47,Fashion,Credit Card,11.1,8.8,18,423,5,0,0.0,0,1,0,,,2,0,high,no_return,26.4,1,0,0,0
TX104860,CUST000178,1633.63,Grocery,Net Banking,3.8,6.8,24,217,11,1,0.091,0,0,0,,,2,0,low,no_return,44.6,0,0,0,0
TX104861,CUST002484,1019.67,Grocery,Credit Card,12.3,0.5,38,583,6,1,0.167,0,0,0,,,1,0,low,no_return,26.1,1,1,0,0
TX104862,CUST002675,2253.04,Sports,UPI,0.0,7.6,44,315,13,1,0.077,0,0,0,5.7,5.4,1,0,low,defective,28.5,2,0,0,0
TX104863,CUST002155,1323.65,Beauty,COD,0.0,18.1,18,167,9,3,0.333,0,3,0,,,2,0,medium,no_return,30.6,1,3,0,0
TX104864,CUST002637,1597.41,Grocery,Credit Card,0.0,36.4,32,3,5,1,0.2,1,1,0,6.2,4.4,0,0,medium,not_as_described,18.8,0,3,0,1
TX104865,CUST001758,3432.91,Home,Wallet,35.1,11.3,18,144,13,1,0.077,0,0,0,,,1,1,medium,no_return,10.6,0,0,0,0
TX104866,CUST001405,780.12,Electronics,UPI,19.9,2.4,32,253,9,1,0.111,0,0,0,,,2,0,medium,no_return,17.2,0,2,0,0
TX104867,CUST000968,4099.06,Beauty,COD,22.2,3.0,30,106,9,0,0.0,0,0,0,2.3,0.0,3,1,low,not_as_described_repeated,4.8,1,1,0,1
TX104868,CUST002765,2395.43,Books,Credit Card,15.1,21.7,55,196,7,0,0.0,0,0,0,,,1,0,low,no_return,23.3,0,3,0,0
TX104869,CUST002092,3981.15,Fashion,COD,21.1,43.4,26,159,11,0,0.0,0,0,0,,,1,1,low,no_return,28.8,0,1,0,0
TX104870,CUST000572,2907.18,Electronics,UPI,29.1,9.3,42,219,5,1,0.2,0,0,0,,,0,0,low,no_return,30.8,0,2,0,0
TX104871,CUST002870,3243.19,Footwear,Debit Card,19.9,2.0,42,918,11,1,0.091,0,0,0,,,2,0,low,no_return,32.9,0,0,0,0
TX104872,CUST000178,1860.17,Footwear,UPI,34.7,10.1,30,666,9,0,0.0,0,0,0,,,1,0,medium,no_return,39.4,0,0,0,0
TX104873,CUST001762,874.26,Grocery,COD,14.6,18.9,33,315,10,2,0.2,2,0,0,,,0,0,low,no_return,12.8,0,3,0,0
TX104874,CUST000572,1212.6,Toys,UPI,22.2,4.1,32,1,0,0,0.0,0,0,0,,,0,0,high,no_return,64.5,0,1,0,0
TX104875,CUST001993,1060.57,Mobile,Credit Card,23.4,9.3,24,258,3,0,0.0,0,0,0,,,3,0,high,no_return,34.6,0,1,0,0
TX104876,CUST001238,414.41,Sports,Debit Card,3.8,1.2,23,68,5,1,0.2,0,0,0,,,1,0,low,no_return,11.9,1,0,0,0
TX104877,CUST001311,3429.12,Fashion,Credit Card,15.5,2.4,27,338,8,0,0.0,0,0,0,0.9,0.1,2,1,low,size_issue,23.2,1,3,0,0
TX104878,CUST002014,1725.37,Grocery,COD,0.0,1.3,20,258,5,2,0.4,2,0,0,,,0,0,low,no_return,48.0,0,1,0,1
TX104879,CUST002268,1003.48,Footwear,Debit Card,13.4,29.2,26,314,7,0,0.0,0,0,1,,,1,0,low,no_return,16.7,1,2,0,0
TX104880,CUST001140,5870.98,Grocery,UPI,11.7,16.9,30,851,12,2,0.167,1,0,0,,,2,1,low,no_return,60.6,1,2,0,0
TX104881,CUST002993,7453.31,Electronics,COD,10.9,9.7,33,407,8,0,0.0,0,0,0,,,0,1,high,no_return,52.2,0,1,0,0
TX104882,CUST001495,713.42,Footwear,Credit Card,10.1,11.9,36,692,12,1,0.083,0,0,0,3.6,3.4,2,0,low,not_needed,57.2,2,1,0,0
TX104883,CUST000482,1574.3,Books,Debit Card,21.1,1.5,30,389,13,1,0.077,0,2,0,3.8,2.2,0,0,low,size_issue,32.5,1,0,0,0
TX104884,CUST000020,1507.45,Home,UPI,4.4,0.9,24,321,6,0,0.0,0,0,0,,,2,0,low,no_return,41.8,0,3,0,0
TX104885,CUST000608,949.7,Mobile,Credit Card,37.3,2.2,36,457,11,0,0.0,0,0,0,,,3,0,medium,no_return,36.5,0,3,1,0
TX104886,CUST002073,3378.9,Books,COD,21.8,1.6,39,420,3,0,0.0,0,0,0,1.9,0.4,3,0,medium,not_as_described_repeated,31.1,2,2,0,0
TX104887,CUST001618,418.02,Toys,Net Banking,5.4,18.7,27,140,11,3,0.273,1,0,0,0.8,0.6,3,0,low,size_issue,7.3,1,3,0,0
TX104888,CUST001014,4959.72,Mobile,Net Banking,22.8,1.0,22,115,1,0,0.0,0,0,0,,,2,1,low,no_return,11.1,0,2,0,0
TX104889,CUST001444,1911.79,Electronics,COD,26.9,32.7,27,108,12,2,0.167,0,1,0,4.2,3.7,1,0,low,defective,15.3,0,4,0,0
TX104890,CUST002514,5571.77,Toys,UPI,19.4,39.7,30,246,8,0,0.0,0,0,0,0.2,0.0,2,1,low,changed_mind_repeated,7.7,0,1,0,0
TX104891,CUST001715,1808.49,Home,Credit Card,2.9,6.0,43,10,5,0,0.0,0,1,0,6.1,3.5,0,0,low,not_as_described_repeated,15.5,0,2,0,0
TX104892,CUST000175,1503.78,Footwear,UPI,41.8,44.7,38,376,10,0,0.0,0,0,0,1.6,1.2,0,0,high,changed_mind_repeated,48.5,1,0,0,0
TX104893,CUST000148,3547.18,Footwear,Debit Card,22.7,14.3,31,350,10,1,0.1,1,0,0,,,1,1,low,no_return,47.8,0,1,0,1
TX104894,CUST001446,5549.34,Toys,UPI,0.0,8.9,51,7,7,0,0.0,0,0,0,,,1,1,low,no_return,27.9,1,2,0,0
TX104895,CUST001213,4999.76,Toys,Wallet,17.5,2.4,31,412,12,0,0.0,0,0,0,,,2,1,low,no_return,16.9,1,1,0,0
TX104896,CUST002551,546.32,Toys,UPI,12.4,7.0,46,60,6,0,0.0,0,0,0,,,2,0,low,no_return,21.7,0,0,0,0
TX104897,CUST001749,4210.56,Fashion,UPI,15.1,2.1,44,631,6,0,0.0,0,1,0,0.1,0.0,2,1,high,size_issue,22.1,0,0,0,0
TX104898,CUST002270,1454.3,Home,COD,0.7,17.7,43,1467,4,2,0.5,0,2,0,,,0,0,low,no_return,18.5,0,1,0,0
TX104899,CUST001755,1686.11,Electronics,UPI,15.7,8.4,35,335,14,1,0.071,1,1,0,,,1,0,low,no_return,34.8,0,2,0,1
TX104900,CUST001036,1433.91,Toys,UPI,5.0,23.1,33,598,7,0,0.0,0,0,0,,,1,0,low,no_return,13.8,0,4,0,0
TX104901,CUST001972,1212.18,Grocery,Debit Card,10.8,1.2,32,265,11,1,0.091,1,0,0,,,3,0,low,no_return,36.0,2,3,0,0
TX104902,CUST001864,1586.0,Grocery,Wallet,19.6,26.0,40,69,14,0,0.0,0,0,0,4.5,4.2,0,0,low,changed_mind_repeated,23.6,0,3,0,0
TX104903,CUST002160,925.72,Fashion,UPI,9.3,18.9,24,699,5,0,0.0,0,0,0,,,0,0,low,no_return,52.7,1,2,0,0
TX104904,CUST000568,4226.27,Grocery,Credit Card,11.5,1.7,29,391,7,1,0.143,0,0,0,,,0,1,low,no_return,20.2,1,0,0,0
TX104905,CUST001925,2881.36,Home,UPI,24.8,11.4,48,140,3,1,0.333,0,2,0,,,1,0,medium,no_return,20.1,1,2,0,0
TX104906,CUST000857,2149.37,Mobile,Debit Card,4.3,56.7,38,532,13,5,0.385,1,1,0,,,0,0,high,no_return,27.3,0,3,0,1
TX104907,CUST002370,1433.5,Footwear,Credit Card,7.2,15.1,41,98,11,2,0.182,0,0,0,1.0,1.0,1,0,low,not_needed,14.9,0,2,0,0
TX104908,CUST002395,1267.65,Beauty,Debit Card,0.0,3.0,19,96,8,0,0.0,0,0,0,,,3,0,low,no_return,47.1,0,4,0,0
TX104909,CUST001874,2457.59,Toys,Credit Card,5.1,19.2,27,98,4,0,0.0,0,0,0,0.4,0.0,2,0,low,not_needed,22.9,0,1,0,0
TX104910,CUST002840,2195.81,Fashion,Net Banking,16.5,8.6,35,3,6,0,0.0,0,1,0,,,0,0,low,no_return,21.2,0,3,0,0
TX104911,CUST001612,3704.25,Electronics,Debit Card,22.7,5.2,31,358,6,0,0.0,0,0,0,,,2,1,high,no_return,34.6,0,1,0,0
TX104912,CUST000076,1282.15,Grocery,Debit Card,5.3,4.2,19,446,5,0,0.0,0,0,0,,,1,0,medium,no_return,2.1,1,3,0,0
TX104913,CUST001818,1200.38,Books,Credit Card,22.3,34.4,39,255,7,0,0.0,0,0,0,,,0,0,low,no_return,39.3,0,2,0,0
TX104914,CUST002333,2805.84,Electronics,Credit Card,16.3,1.2,42,777,6,0,0.0,0,0,0,9.9,9.1,1,0,low,size_issue,25.8,0,1,0,0
TX104915,CUST000304,3188.7,Fashion,Credit Card,0.0,0.5,29,849,5,0,0.0,0,0,0,,,2,0,medium,no_return,18.1,1,2,0,0
TX104916,CUST000314,7107.6,Beauty,Credit Card,17.1,66.7,39,419,15,3,0.2,1,1,0,6.8,6.2,1,1,low,defective,20.9,0,3,0,0
TX104917,CUST000820,527.37,Electronics,UPI,29.3,37.6,52,316,9,0,0.0,0,0,0,4.2,3.8,1,0,low,not_as_described_repeated,19.6,1,2,0,0
TX104918,CUST002532,4372.43,Home,UPI,0.0,12.4,47,132,8,0,0.0,0,1,0,,,2,1,low,no_return,24.6,2,1,0,0
TX104919,CUST001582,2033.27,Beauty,Credit Card,39.1,15.7,29,789,5,0,0.0,0,0,0,0.8,0.4,4,0,low,not_as_described,11.3,1,1,0,0
TX104920,CUST002929,1332.56,Footwear,UPI,7.7,5.8,20,425,15,0,0.0,0,0,0,,,0,0,low,no_return,44.6,0,2,0,0
TX104921,CUST002619,2478.49,Fashion,UPI,0.0,6.0,34,967,5,0,0.0,0,0,0,,,3,0,medium,no_return,35.1,0,4,1,0
TX104922,CUST001664,2423.67,Fashion,Debit Card,16.7,49.8,55,13,4,0,0.0,0,0,0,,,2,0,low,no_return,30.4,2,2,0,0
TX104923,CUST002037,1358.85,Electronics,COD,25.0,12.9,45,146,6,0,0.0,0,0,0,,,1,0,low,no_return,25.7,0,1,0,0
TX104924,CUST000993,555.96,Electronics,UPI,11.6,0.6,31,175,10,0,0.0,0,2,0,,,0,0,medium,no_return,15.1,0,0,0,0
TX104925,CUST000272,4381.91,Books,COD,18.7,3.3,47,34,15,0,0.0,0,1,0,,,0,1,low,no_return,17.7,1,1,0,0
TX104926,CUST001196,1129.52,Home,UPI,40.4,26.7,43,140,12,0,0.0,0,0,0,6.7,6.0,2,0,high,not_as_described,5.5,0,1,0,0
TX104927,CUST001777,1013.62,Fashion,Wallet,17.5,0.7,18,132,9,0,0.0,0,0,0,,,2,0,low,no_return,27.8,1,2,0,0
TX104928,CUST000547,1205.04,Mobile,Credit Card,50.8,2.9,42,233,3,0,0.0,0,1,0,10.5,8.6,3,0,low,not_as_described,30.4,0,1,0,0
TX104929,CUST000665,3090.36,Toys,Credit Card,30.2,0.5,33,661,5,0,0.0,0,0,0,11.4,10.7,3,0,low,defective,33.4,1,1,0,0
TX104930,CUST000045,1471.86,Electronics,Debit Card,15.6,4.1,23,336,12,1,0.083,0,0,0,16.3,10.3,0,0,low,defective,14.9,0,1,0,0
TX104931,CUST002202,1221.18,Fashion,Credit Card,18.5,0.5,32,574,5,0,0.0,0,0,0,,,1,0,low,no_return,32.6,2,0,0,0
TX104932,CUST002698,2374.15,Footwear,Credit Card,11.2,10.8,36,1102,9,0,0.0,0,1,0,,,0,0,low,no_return,40.5,0,1,0,0
TX104933,CUST002482,2162.28,Grocery,Credit Card,18.0,5.3,24,1411,7,1,0.143,0,1,0,6.9,1.1,1,0,low,not_as_described,35.6,1,0,0,1
TX104934,CUST001140,1239.49,Mobile,Wallet,21.7,21.3,30,180,6,0,0.0,0,1,0,,,2,0,low,no_return,8.3,1,1,0,0
TX104935,CUST001780,548.6,Electronics,Net Banking,10.2,12.0,28,483,3,0,0.0,0,1,0,,,3,0,low,no_return,47.1,1,1,1,0
TX104936,CUST002882,3046.85,Toys,Credit Card,0.0,17.0,39,169,7,3,0.429,0,0,0,,,1,0,low,no_return,25.8,1,1,0,0
TX104937,CUST001774,2188.51,Electronics,COD,30.9,13.2,28,204,9,1,0.111,0,0,0,,,1,0,high,no_return,5.6,1,2,0,0
TX104938,CUST000888,432.39,Fashion,UPI,26.7,17.4,18,170,15,0,0.0,0,0,0,,,1,0,low,no_return,34.4,0,2,0,0
TX104939,CUST001016,4776.08,Books,Debit Card,0.0,30.7,27,397,6,0,0.0,0,0,0,,,1,1,low,no_return,38.1,3,2,0,0
TX104940,CUST002181,419.95,Books,Credit Card,17.1,32.3,22,301,6,0,0.0,0,0,0,,,1,0,low,no_return,17.5,0,5,0,0
TX104941,CUST001339,1068.09,Electronics,Credit Card,27.3,13.3,19,68,5,2,0.4,1,0,1,0.6,0.0,1,0,low,changed_mind,8.6,0,1,0,1
TX104942,CUST002512,1116.3,Fashion,Net Banking,26.1,4.4,43,706,12,2,0.167,0,0,0,,,0,0,low,no_return,19.2,0,3,0,0
TX104943,CUST002592,1251.92,Toys,COD,6.7,9.6,40,938,10,2,0.2,0,0,0,,,1,0,medium,no_return,36.0,0,0,0,0
TX104944,CUST000108,1224.54,Electronics,Net Banking,26.8,23.0,22,573,8,4,0.5,1,1,1,1.4,0.8,1,0,low,changed_mind,19.5,1,3,0,1
TX104945,CUST002170,759.41,Fashion,Debit Card,15.2,9.9,19,7,8,1,0.125,0,0,0,,,3,0,medium,no_return,27.1,0,4,0,1
TX104946,CUST001110,2054.89,Fashion,Credit Card,19.7,1.3,30,1049,5,0,0.0,0,0,0,,,1,0,low,no_return,18.1,0,1,0,0
TX104947,CUST001559,3370.57,Electronics,COD,4.0,4.8,18,325,5,0,0.0,0,0,0,,,2,0,low,no_return,10.8,0,1,0,0
TX104948,CUST000795,2036.86,Toys,UPI,0.0,6.0,29,214,13,2,0.154,0,1,0,,,0,0,low,no_return,61.1,0,0,0,0
TX104949,CUST001105,2266.8,Electronics,Net Banking,5.7,7.9,32,267,6,0,0.0,0,0,0,6.2,5.8,1,0,high,changed_mind_repeated,37.1,3,2,0,1
TX104950,CUST000991,1494.54,Beauty,UPI,21.4,27.0,35,261,7,0,0.0,0,0,0,5.0,4.0,0,0,low,size_issue,5.7,2,1,0,0
TX104951,CUST000152,1985.73,Grocery,COD,12.5,35.0,35,140,6,0,0.0,0,0,0,0.5,0.3,1,0,low,changed_mind,18.7,0,2,0,0
TX104952,CUST002348,2376.8,Electronics,COD,22.8,4.6,24,1238,6,0,0.0,0,1,0,,,3,0,medium,no_return,21.9,0,5,0,0
TX104953,CUST000429,2882.36,Grocery,UPI,28.3,6.8,32,770,9,0,0.0,0,0,0,,,2,0,low,no_return,7.6,1,2,0,0
TX104954,CUST001128,1158.41,Fashion,UPI,11.0,4.9,44,184,5,0,0.0,0,0,0,,,1,0,medium,no_return,29.0,0,2,0,0
TX104955,CUST000579,1057.97,Toys,Credit Card,9.9,9.7,18,14,10,3,0.3,0,1,0,5.1,4.2,0,0,medium,changed_mind,16.5,0,2,0,0
TX104956,CUST000482,336.73,Toys,UPI,0.0,11.3,35,787,6,1,0.167,0,0,0,,,1,0,high,no_return,19.3,0,3,0,0
TX104957,CUST001120,5644.81,Toys,Net Banking,0.0,7.0,20,145,5,1,0.2,0,0,0,,,0,1,high,no_return,30.3,3,2,0,0
TX104958,CUST002756,5425.77,Home,UPI,0.0,4.8,46,111,9,0,0.0,0,0,0,,,1,1,low,no_return,55.4,0,2,0,0
TX104959,CUST002832,1769.56,Toys,Credit Card,21.7,1.5,40,578,7,1,0.143,1,0,0,,,1,0,medium,no_return,10.6,0,1,0,0
TX104960,CUST001145,1835.75,Grocery,UPI,11.2,0.5,39,322,5,0,0.0,0,0,0,,,1,0,low,no_return,45.1,1,2,0,0
TX104961,CUST001515,4565.4,Home,UPI,8.6,9.1,23,623,6,0,0.0,0,0,0,18.1,14.9,1,1,low,changed_mind_repeated,13.8,0,3,0,0
TX104962,CUST002957,776.41,Electronics,UPI,7.2,1.2,34,892,11,1,0.091,0,0,0,1.0,0.0,1,0,low,not_as_described,18.0,0,2,0,0
TX104963,CUST000705,984.58,Electronics,Net Banking,5.7,23.9,35,213,8,0,0.0,0,0,0,,,2,0,low,no_return,53.5,1,2,0,0
TX104964,CUST002834,4741.17,Fashion,COD,26.1,0.9,18,115,8,1,0.125,0,0,0,,,1,1,low,no_return,22.6,1,0,0,0
TX104965,CUST000318,1484.2,Fashion,Net Banking,16.1,16.7,33,331,6,0,0.0,0,0,0,,,1,0,high,no_return,32.4,0,3,0,0
TX104966,CUST000678,891.13,Footwear,Credit Card,26.9,6.7,38,27,11,2,0.182,0,1,0,1.4,1.1,1,0,low,not_as_described,39.6,0,0,0,0
TX104967,CUST001015,2466.0,Mobile,UPI,0.0,33.8,18,500,10,2,0.2,0,0,0,,,1,0,low,no_return,6.0,2,0,0,0
TX104968,CUST000112,1163.1,Electronics,UPI,21.4,22.2,38,2133,9,1,0.111,0,0,1,0.9,0.7,1,0,low,changed_mind,17.2,0,1,0,0
TX104969,CUST002447,4243.57,Mobile,Credit Card,9.2,39.8,32,148,11,0,0.0,0,0,0,,,0,1,high,no_return,25.0,1,2,0,0
TX104970,CUST002566,1975.14,Grocery,UPI,11.6,12.0,45,836,7,0,0.0,0,0,0,,,2,0,low,no_return,41.4,2,2,0,0
TX104971,CUST001150,1195.09,Beauty,UPI,31.2,29.7,27,130,9,0,0.0,0,0,0,,,0,0,low,no_return,6.4,0,1,0,0
TX104972,CUST002509,1240.19,Mobile,Debit Card,10.3,0.7,33,370,10,1,0.1,0,2,0,,,2,0,low,no_return,6.8,2,2,0,0
TX104973,CUST002317,2391.08,Books,UPI,20.9,3.5,35,269,8,0,0.0,0,0,0,,,2,0,low,no_return,20.0,0,2,0,0
TX104974,CUST002404,1607.49,Sports,Debit Card,2.8,11.3,18,145,4,0,0.0,0,0,0,,,1,0,medium,no_return,9.2,0,3,0,0
TX104975,CUST002408,1468.99,Fashion,Debit Card,15.4,14.0,28,290,6,2,0.333,0,1,0,9.0,5.4,1,0,medium,not_as_described,36.1,1,0,0,0
TX104976,CUST001720,2952.31,Fashion,COD,0.0,15.0,32,206,13,1,0.077,0,1,0,1.2,0.7,2,0,low,not_as_described_repeated,31.4,0,1,0,0
TX104977,CUST000333,4604.49,Footwear,Credit Card,14.3,0.5,18,606,6,0,0.0,0,1,0,3.9,0.0,0,1,high,changed_mind_repeated,28.2,0,1,1,1
TX104978,CUST002770,2697.27,Fashion,COD,19.6,2.7,38,614,14,1,0.071,0,2,0,,,1,0,medium,no_return,21.2,1,0,0,0
TX104979,CUST001826,1101.09,Electronics,Credit Card,28.3,32.2,32,406,7,1,0.143,0,1,0,,,1,0,low,no_return,43.4,0,5,0,0
TX104980,CUST002703,853.52,Fashion,UPI,5.2,6.7,32,406,9,4,0.444,1,1,0,11.5,10.3,1,0,low,not_needed,20.5,0,0,0,0
TX104981,CUST002877,2844.77,Beauty,Credit Card,8.7,25.4,39,101,9,0,0.0,0,0,0,,,2,0,low,no_return,2.6,1,1,0,0
TX104982,CUST000562,2693.89,Home,UPI,7.3,4.0,27,132,11,0,0.0,0,0,0,,,1,0,medium,no_return,23.5,0,0,0,0
TX104983,CUST001207,1399.09,Mobile,Credit Card,12.0,10.3,32,9,12,0,0.0,0,2,0,,,1,0,low,no_return,16.4,1,0,0,0
TX104984,CUST000578,1628.42,Home,COD,3.4,10.0,40,164,6,1,0.167,0,0,0,,,1,0,low,no_return,18.0,0,1,0,0
TX104985,CUST000153,1144.84,Footwear,COD,0.0,15.0,32,301,9,0,0.0,0,0,0,,,2,0,low,no_return,22.3,0,1,0,0
TX104986,CUST002899,867.71,Sports,UPI,2.5,67.0,18,542,12,1,0.083,1,2,0,4.3,2.0,1,0,high,changed_mind,14.5,0,2,0,0
TX104987,CUST002769,1210.61,Beauty,UPI,14.4,1.1,32,98,6,4,0.667,0,1,0,,,2,0,low,no_return,2.7,0,2,0,0
TX104988,CUST002795,284.6,Fashion,UPI,13.2,3.7,32,314,11,1,0.091,0,0,0,,,3,0,low,no_return,35.2,0,1,0,0
TX104989,CUST002651,3759.31,Fashion,Wallet,21.6,20.0,41,109,10,0,0.0,0,0,0,,,3,1,low,no_return,25.0,0,3,0,0
TX104990,CUST001946,686.34,Footwear,Credit Card,25.1,3.8,28,169,7,3,0.429,0,1,0,,,0,0,low,no_return,12.6,1,2,0,0
TX104991,CUST001566,1794.38,Toys,Credit Card,9.6,0.7,22,581,6,0,0.0,0,0,0,,,2,0,low,no_return,12.1,1,1,0,0
TX104992,CUST002974,374.22,Home,UPI,0.0,17.0,22,88,4,0,0.0,0,0,0,8.7,8.4,2,0,low,defective,19.7,1,2,0,0
TX104993,CUST001657,2637.04,Footwear,COD,19.8,21.1,46,1346,3,0,0.0,0,1,0,,,0,0,low,no_return,14.9,0,2,0,0
TX104994,CUST001927,3152.39,Toys,Credit Card,14.9,1.0,34,368,9,2,0.222,0,0,0,,,0,0,low,no_return,50.3,0,1,0,0
TX104995,CUST000636,1902.21,Electronics,UPI,11.9,28.7,45,459,10,0,0.0,0,0,0,,,1,0,low,no_return,25.2,0,3,0,0
TX104996,CUST002240,1725.02,Sports,Credit Card,29.6,3.1,47,292,4,1,0.25,0,0,0,11.6,8.8,1,0,low,not_as_described,32.1,1,0,0,0
TX104997,CUST002458,1141.72,Toys,COD,20.4,1.7,24,30,6,1,0.167,0,0,0,,,1,0,low,no_return,10.3,2,1,0,0
TX104998,CUST002035,3701.84,Toys,Credit Card,16.5,6.3,23,74,8,1,0.125,1,0,0,,,3,1,low,no_return,39.3,0,1,0,0
TX104999,CUST001496,586.02,Electronics,Wallet,17.0,12.0,30,854,5,1,0.2,0,0,0,,,2,0,low,no_return,31.2,0,4,0,0
TX105000,CUST000594,1337.82,Fashion,Net Banking,25.2,29.7,38,34,9,3,0.333,0,0,0,,,0,0,medium,no_return,49.1,1,0,0,0
TX105001,CUST000102,1051.2,Home,Credit Card,6.7,10.3,18,82,9,0,0.0,0,0,0,,,1,0,low,no_return,18.7,0,2,0,0
TX105002,CUST001882,1025.94,Fashion,Net Banking,4.4,20.0,36,28,6,0,0.0,0,0,0,,,1,0,medium,no_return,34.6,1,1,0,0
TX105003,CUST002049,3641.25,Electronics,COD,12.2,5.0,36,298,10,0,0.0,0,0,0,8.5,8.4,0,1,low,not_needed,32.0,1,2,0,0
TX105004,CUST002318,1655.09,Grocery,Credit Card,0.9,9.2,20,119,7,0,0.0,0,0,0,4.1,3.9,2,0,medium,changed_mind_repeated,34.6,1,2,0,0
TX105005,CUST002851,1135.56,Beauty,COD,14.5,13.2,21,111,11,0,0.0,0,1,0,,,0,0,high,no_return,33.0,1,2,0,0
TX105006,CUST001492,2234.65,Electronics,Credit Card,16.2,19.3,36,45,12,0,0.0,0,0,0,3.5,3.3,2,0,medium,size_issue,3.7,1,2,0,0
TX105007,CUST002487,2116.8,Sports,Debit Card,14.2,22.8,52,463,5,0,0.0,0,0,0,0.1,0.0,1,0,low,not_as_described_repeated,24.6,0,2,0,0
TX105008,CUST002149,3116.74,Electronics,Debit Card,10.7,3.8,29,13,16,2,0.125,0,1,0,,,0,0,low,no_return,30.1,0,0,0,0
TX105009,CUST000832,2393.04,Home,COD,34.8,3.8,35,84,6,3,0.5,1,1,0,,,2,0,low,no_return,41.9,0,3,0,1
TX105010,CUST002535,1706.04,Toys,Net Banking,26.3,58.1,25,5,5,0,0.0,0,0,0,,,0,0,low,no_return,7.6,1,0,0,0
TX105011,CUST000160,1785.08,Footwear,Credit Card,13.8,26.7,34,722,7,0,0.0,0,0,0,4.7,1.1,1,0,medium,not_needed,19.3,0,3,0,0
TX105012,CUST001797,2325.89,Fashion,Debit Card,16.1,21.7,25,315,12,0,0.0,0,0,0,,,0,0,low,no_return,39.2,1,0,0,0
TX105013,CUST002821,942.01,Footwear,Debit Card,31.5,4.8,29,812,12,1,0.083,0,0,0,,,2,0,medium,no_return,32.5,1,2,0,0
TX105014,CUST001977,2088.33,Footwear,Net Banking,8.0,0.5,56,353,11,0,0.0,0,0,0,,,3,0,low,no_return,35.2,0,0,0,0
TX105015,CUST002811,4539.71,Sports,Credit Card,3.4,5.8,33,532,7,2,0.286,0,0,0,8.8,7.7,1,1,low,size_issue,44.2,1,2,0,0
TX105016,CUST000169,1903.24,Mobile,UPI,17.7,7.0,18,1664,10,0,0.0,0,1,0,0.9,0.0,1,0,low,not_needed,47.1,1,2,0,0
TX105017,CUST001597,1424.36,Fashion,UPI,20.0,7.4,38,1697,7,1,0.143,0,0,0,,,1,0,low,no_return,18.2,1,3,0,0
TX105018,CUST002342,1412.04,Electronics,UPI,20.9,0.5,43,909,8,0,0.0,0,0,0,,,0,0,low,no_return,11.7,0,0,0,0
TX105019,CUST001927,2264.89,Footwear,UPI,24.9,8.4,38,49,10,1,0.1,0,0,0,1.9,1.2,2,0,low,not_needed,12.3,1,3,0,0
TX105020,CUST002641,2014.64,Beauty,Credit Card,6.2,12.4,30,406,9,1,0.111,1,1,0,,,2,0,medium,no_return,29.8,0,1,0,0
TX105021,CUST001388,2716.12,Home,UPI,0.0,6.4,22,1248,10,0,0.0,0,0,1,0.4,0.0,0,0,medium,not_needed,60.6,0,2,0,0
TX105022,CUST002048,1186.26,Electronics,Net Banking,8.0,5.4,23,147,7,0,0.0,0,0,0,,,1,0,low,no_return,19.7,0,1,0,0
TX105023,CUST001259,1592.79,Electronics,Credit Card,22.0,41.4,30,56,8,2,0.25,0,0,0,4.2,3.6,3,0,low,size_issue,24.1,0,2,0,0
TX105024,CUST002616,3004.89,Electronics,Credit Card,3.9,7.2,28,136,9,2,0.222,1,1,0,6.7,4.2,4,0,low,defective,37.8,0,3,0,0
TX105025,CUST000359,3155.05,Fashion,COD,0.0,9.6,26,3,9,2,0.222,0,1,0,4.3,0.0,2,0,low,not_as_described,11.8,0,0,0,0
TX105026,CUST000763,3170.79,Mobile,Credit Card,16.7,0.5,44,160,10,0,0.0,0,0,0,,,2,0,high,no_return,27.2,2,3,0,0
TX105027,CUST000291,2808.36,Fashion,COD,8.2,8.1,41,174,5,1,0.2,0,1,0,,,1,0,low,no_return,60.7,1,2,0,0
TX105028,CUST002106,2868.63,Toys,COD,0.0,7.4,44,1231,10,0,0.0,0,0,0,,,1,0,low,no_return,8.5,1,1,0,0
TX105029,CUST000698,2085.91,Electronics,Credit Card,15.9,0.5,24,247,6,0,0.0,0,1,0,1.2,1.2,0,0,low,not_as_described,35.9,0,1,0,0
TX105030,CUST000952,668.13,Fashion,Credit Card,10.4,32.9,22,1642,7,0,0.0,0,0,0,12.1,10.8,3,0,low,not_as_described_repeated,2.3,0,2,0,0
TX105031,CUST002510,714.76,Footwear,Credit Card,35.1,6.8,32,321,10,2,0.2,2,1,0,3.4,3.2,1,0,medium,changed_mind_repeated,21.6,0,3,0,0
TX105032,CUST001081,1879.37,Fashion,Credit Card,16.1,4.6,36,51,6,0,0.0,0,0,0,,,2,0,medium,no_return,34.0,0,2,0,0
TX105033,CUST000438,1933.57,Fashion,Debit Card,22.0,23.0,32,26,7,1,0.143,0,0,0,16.4,14.4,3,0,low,defective,14.6,0,2,0,0
TX105034,CUST000063,1009.83,Toys,Credit Card,14.8,16.7,35,199,9,0,0.0,0,0,0,,,1,0,low,no_return,21.0,0,2,0,0
TX105035,CUST000680,1054.66,Electronics,Credit Card,7.8,0.6,47,575,7,1,0.143,0,0,0,,,1,0,medium,no_return,18.8,1,2,0,0
TX105036,CUST002744,1698.94,Electronics,Credit Card,9.1,31.7,29,89,7,1,0.143,0,0,0,,,1,0,low,no_return,26.5,0,0,0,0
TX105037,CUST001646,6161.58,Mobile,UPI,28.0,2.9,40,442,10,0,0.0,0,1,0,,,0,1,low,no_return,24.8,1,2,0,0
TX105038,CUST002984,887.03,Home,UPI,24.0,4.2,37,1567,10,2,0.2,0,1,1,1.5,0.0,2,0,medium,changed_mind,29.2,1,1,0,0
TX105039,CUST000646,1375.44,Grocery,Debit Card,0.0,37.2,32,1032,8,2,0.25,0,0,0,2.3,1.1,1,0,low,changed_mind_repeated,15.4,1,2,0,0
TX105040,CUST001055,3113.58,Electronics,UPI,0.0,1.1,39,519,9,0,0.0,0,0,0,4.9,4.7,0,0,medium,not_as_described,38.7,1,2,0,0
TX105041,CUST000490,2768.36,Fashion,COD,0.7,5.0,24,53,10,0,0.0,0,0,0,,,1,0,low,no_return,36.7,0,2,0,0
TX105042,CUST001195,2190.59,Home,Net Banking,27.7,15.5,22,24,11,0,0.0,0,0,0,,,1,0,low,no_return,41.1,2,0,0,0
TX105043,CUST001690,476.44,Grocery,COD,0.0,1.7,36,61,4,1,0.25,0,0,0,6.4,5.5,4,0,medium,not_as_described_repeated,16.8,1,2,0,0
TX105044,CUST002424,1534.52,Fashion,Credit Card,24.4,3.1,18,168,9,1,0.111,1,0,0,,,0,0,low,no_return,37.3,0,3,0,0
TX105045,CUST001104,5152.54,Footwear,Credit Card,19.8,5.9,37,395,9,0,0.0,0,0,0,,,2,1,low,no_return,21.1,0,1,0,0
TX105046,CUST002314,1030.49,Toys,Debit Card,16.8,4.2,20,228,5,0,0.0,0,0,0,,,2,0,medium,no_return,28.5,1,2,0,0
TX105047,CUST001878,1003.25,Sports,Debit Card,9.3,12.1,47,317,8,0,0.0,0,0,0,1.6,0.9,1,0,low,changed_mind,20.8,1,1,0,0
TX105048,CUST000876,4415.08,Home,Wallet,29.3,3.2,28,294,9,0,0.0,0,0,0,,,2,1,low,no_return,9.6,0,1,0,0
TX105049,CUST002736,1696.59,Grocery,Credit Card,16.4,15.1,46,463,5,0,0.0,0,0,0,,,1,0,low,no_return,37.5,0,1,0,0
TX105050,CUST001303,502.35,Books,UPI,0.0,28.3,29,222,3,0,0.0,0,0,1,12.5,11.0,2,0,medium,changed_mind,36.3,0,2,1,0
TX105051,CUST000453,809.99,Electronics,Credit Card,0.5,14.9,29,153,9,1,0.111,0,0,0,4.1,0.5,3,0,low,size_issue,20.3,0,1,0,0
TX105052,CUST002888,1207.16,Footwear,Net Banking,0.0,51.2,40,1498,9,0,0.0,0,0,0,0.1,0.0,0,0,high,defective,23.5,0,2,0,0
TX105053,CUST002740,2122.93,Beauty,Debit Card,29.4,1.4,34,134,10,0,0.0,0,0,0,,,0,0,low,no_return,31.7,2,4,0,0
TX105054,CUST000149,1573.94,Mobile,Net Banking,32.1,6.7,31,97,2,0,0.0,0,0,1,,,3,0,low,no_return,16.4,1,1,0,0
TX105055,CUST002707,972.28,Mobile,COD,28.0,18.3,27,351,7,2,0.286,0,0,0,6.3,5.6,0,0,low,defective,9.8,1,0,1,0
TX105056,CUST002842,1588.99,Electronics,Wallet,13.3,2.7,28,2,8,0,0.0,0,0,0,,,1,0,low,no_return,7.4,1,2,0,0
TX105057,CUST002487,1029.98,Home,Credit Card,0.0,2.3,55,99,12,0,0.0,0,0,0,5.9,5.8,1,0,low,changed_mind_repeated,59.6,3,3,0,0
TX105058,CUST000765,5339.69,Beauty,Net Banking,2.4,0.5,18,76,9,0,0.0,0,0,0,8.8,8.1,0,1,low,defective,13.7,0,0,0,0
TX105059,CUST001894,779.13,Beauty,Net Banking,3.1,6.2,19,390,5,0,0.0,0,0,0,,,1,0,low,no_return,31.1,1,0,0,0
TX105060,CUST001615,1313.95,Toys,COD,14.5,17.1,43,6,11,0,0.0,0,1,0,,,1,0,low,no_return,13.8,0,0,0,0
TX105061,CUST001860,1189.89,Electronics,Net Banking,31.6,1.8,43,38,6,0,0.0,0,0,0,,,3,0,medium,no_return,57.3,0,3,0,0
TX105062,CUST001849,1203.25,Grocery,Debit Card,31.6,10.1,22,215,6,0,0.0,0,0,0,5.1,1.5,0,0,low,defective,20.9,1,1,0,0
TX105063,CUST001917,841.89,Mobile,COD,9.1,30.3,18,104,5,1,0.2,0,0,0,,,0,0,low,no_return,27.2,0,2,0,0
TX105064,CUST001542,4206.43,Mobile,Debit Card,0.0,15.6,44,166,3,0,0.0,0,0,0,18.9,18.7,1,1,low,changed_mind_repeated,43.5,1,0,0,0
TX105065,CUST002071,6456.87,Electronics,COD,1.0,33.5,21,201,8,1,0.125,0,0,0,13.8,10.8,1,1,low,size_issue,11.4,1,0,0,0
TX105066,CUST001580,2293.3,Mobile,COD,29.3,0.5,27,57,6,0,0.0,0,0,0,,,2,0,low,no_return,28.2,0,1,0,0
TX105067,CUST000050,2166.3,Electronics,COD,17.8,29.0,32,137,12,2,0.167,1,1,0,,,0,0,medium,no_return,19.4,1,0,0,0
TX105068,CUST000106,571.36,Beauty,Credit Card,10.7,8.9,21,263,10,2,0.2,1,1,1,,,1,0,low,no_return,25.4,0,1,0,0
TX105069,CUST002874,4142.46,Fashion,COD,9.9,3.5,41,98,5,0,0.0,0,0,0,,,3,1,low,no_return,30.8,1,4,0,0
TX105070,CUST002727,1029.38,Sports,Net Banking,6.0,1.9,32,959,11,2,0.182,0,3,0,,,1,0,medium,no_return,10.7,0,2,0,0
TX105071,CUST001757,526.17,Electronics,Debit Card,0.6,3.0,23,40,13,0,0.0,0,0,0,,,3,0,low,no_return,36.0,0,2,0,0
TX105072,CUST000524,2564.45,Fashion,Credit Card,39.9,2.8,24,433,9,2,0.222,1,0,0,,,1,0,high,no_return,33.1,1,0,0,0
TX105073,CUST002344,3471.36,Fashion,Net Banking,35.6,1.1,44,614,6,2,0.333,0,2,0,,,2,1,medium,no_return,13.8,2,1,0,0
TX105074,CUST000430,4116.66,Footwear,COD,5.1,10.0,29,1,6,2,0.333,0,0,0,,,4,1,low,no_return,22.0,0,3,0,1
TX105075,CUST001132,1325.41,Sports,Credit Card,0.0,49.5,38,210,9,4,0.444,0,3,0,4.1,3.3,1,0,low,not_as_described_repeated,13.8,0,1,0,0
TX105076,CUST000990,1222.64,Grocery,Debit Card,17.0,5.8,31,189,7,1,0.143,1,0,0,,,2,0,medium,no_return,13.4,1,1,0,0
TX105077,CUST000038,2054.53,Grocery,Debit Card,13.2,7.4,18,153,5,0,0.0,0,0,0,5.5,4.7,0,0,low,changed_mind,27.7,0,1,0,0
TX105078,CUST002421,1574.22,Home,Debit Card,22.5,2.1,39,785,10,0,0.0,0,0,0,,,3,0,low,no_return,23.4,0,1,0,0
TX105079,CUST001529,2597.21,Electronics,Credit Card,25.3,9.6,42,507,7,0,0.0,0,0,0,,,2,0,low,no_return,48.0,1,3,0,0
TX105080,CUST000949,2068.78,Electronics,UPI,1.0,3.7,50,11,7,0,0.0,0,0,0,,,1,0,low,no_return,44.6,1,1,0,0
TX105081,CUST001522,971.92,Home,Net Banking,30.4,8.3,18,112,10,0,0.0,0,0,0,,,4,0,medium,no_return,35.8,0,0,0,0
TX105082,CUST000001,4200.73,Mobile,Net Banking,10.8,3.7,18,162,9,3,0.333,2,1,0,10.4,9.0,2,1,low,changed_mind,53.3,1,1,0,0
TX105083,CUST001311,2607.27,Fashion,Credit Card,22.3,15.9,38,1361,8,1,0.125,0,1,0,,,2,0,low,no_return,27.8,0,2,0,0
TX105084,CUST001559,3420.4,Grocery,Net Banking,11.9,2.7,26,546,7,2,0.286,2,2,0,,,2,0,low,no_return,16.8,0,4,0,1
TX105085,CUST001019,983.76,Toys,Credit Card,26.1,0.5,18,360,10,0,0.0,0,0,0,6.0,5.8,2,0,low,changed_mind_repeated,27.5,0,3,0,0
TX105086,CUST002491,2559.39,Footwear,UPI,0.0,12.1,33,170,11,0,0.0,0,0,0,,,2,0,medium,no_return,26.7,1,0,0,0
TX105087,CUST000750,3019.46,Fashion,COD,23.9,1.9,27,38,8,1,0.125,0,0,0,,,1,0,medium,no_return,51.4,3,1,0,1
TX105088,CUST000414,2016.35,Mobile,UPI,5.0,10.3,19,96,6,0,0.0,0,0,0,,,6,0,medium,no_return,32.3,1,1,0,0
TX105089,CUST001583,835.33,Sports,UPI,15.9,4.4,31,275,11,1,0.091,0,0,0,,,2,0,low,no_return,11.5,0,0,0,0
TX105090,CUST002661,1894.87,Beauty,Net Banking,29.9,8.7,37,1107,5,1,0.2,1,0,0,8.2,4.2,1,0,low,not_as_described_repeated,15.1,2,1,0,1
TX105091,CUST001126,2840.22,Toys,Credit Card,5.4,0.5,33,281,7,1,0.143,0,0,0,,,1,0,low,no_return,29.1,1,1,0,0
TX105092,CUST000140,3568.01,Fashion,UPI,3.5,0.5,33,434,7,0,0.0,0,0,0,,,0,1,low,no_return,21.2,0,1,0,0
TX105093,CUST002909,606.48,Toys,Credit Card,10.5,1.2,36,932,11,2,0.182,1,1,0,,,1,0,low,no_return,33.1,0,2,0,0
TX105094,CUST001333,1990.24,Grocery,Debit Card,9.8,6.6,18,232,7,1,0.143,0,0,0,,,1,0,medium,no_return,42.3,1,2,0,0
TX105095,CUST000519,705.52,Toys,Debit Card,2.4,5.9,31,396,14,4,0.286,1,0,0,,,3,0,low,no_return,23.4,1,1,0,1
TX105096,CUST001847,2863.85,Footwear,Credit Card,16.3,2.3,34,624,7,0,0.0,0,0,0,2.0,1.5,2,0,low,not_as_described,12.4,3,2,0,0
TX105097,CUST000959,3347.07,Grocery,Credit Card,16.9,13.1,28,766,6,0,0.0,0,0,0,1.6,1.5,4,0,medium,changed_mind_repeated,24.2,1,3,0,0
TX105098,CUST002813,922.29,Electronics,Debit Card,20.6,2.8,23,492,7,0,0.0,0,0,0,18.9,18.6,0,0,medium,not_as_described,28.6,0,0,0,0
TX105099,CUST000882,806.77,Fashion,Debit Card,5.2,2.1,24,93,10,0,0.0,0,0,0,,,1,0,high,no_return,53.2,1,2,0,1
TX105100,CUST001650,1183.16,Footwear,Net Banking,3.7,1.8,29,269,9,1,0.111,0,0,0,,,1,0,low,no_return,6.7,2,0,0,0
TX105101,CUST001630,1613.22,Grocery,Credit Card,13.6,51.8,41,46,13,0,0.0,0,0,0,,,2,0,low,no_return,57.7,0,2,0,1
TX105102,CUST000728,1078.71,Footwear,Net Banking,12.1,8.1,47,187,7,0,0.0,0,1,0,,,2,0,low,no_return,10.8,1,1,0,0
TX105103,CUST001498,3026.55,Home,Wallet,12.3,11.2,45,468,5,0,0.0,0,0,1,1.4,1.4,3,0,low,not_needed,14.5,3,0,0,0
TX105104,CUST000328,3579.58,Beauty,Credit Card,6.5,6.0,18,195,10,0,0.0,0,0,0,14.3,12.9,4,1,medium,not_as_described,13.4,2,1,0,0
TX105105,CUST001931,1936.46,Footwear,UPI,19.0,13.2,22,141,11,5,0.455,4,3,0,6.4,5.9,2,0,low,not_needed,24.8,2,2,0,0
TX105106,CUST002275,1103.45,Books,Debit Card,3.7,4.8,38,217,9,0,0.0,0,0,0,,,3,0,low,no_return,24.6,0,2,0,0
TX105107,CUST002850,1574.67,Home,Net Banking,13.5,4.7,45,14,10,3,0.3,3,3,0,,,1,0,low,no_return,46.5,1,1,0,0
TX105108,CUST000978,1936.13,Electronics,UPI,11.3,18.1,22,1331,8,1,0.125,1,0,0,4.4,3.0,1,0,medium,changed_mind_repeated,47.8,0,4,0,0
TX105109,CUST000856,1529.4,Footwear,UPI,14.6,11.9,33,158,10,2,0.2,0,1,0,,,1,0,low,no_return,24.3,0,0,0,0
TX105110,CUST001646,1706.83,Toys,Debit Card,29.2,4.6,20,91,6,2,0.333,0,1,0,,,1,0,medium,no_return,20.2,2,2,0,0
TX105111,CUST002078,3403.01,Home,COD,0.0,10.4,34,157,9,4,0.444,1,1,0,,,1,0,high,no_return,25.5,2,1,0,0
TX105112,CUST002977,1055.48,Sports,UPI,0.0,20.8,25,89,7,0,0.0,0,0,0,5.6,3.2,0,0,low,not_as_described_repeated,31.8,0,2,0,0
TX105113,CUST000076,5613.46,Fashion,Credit Card,7.9,11.8,33,46,4,0,0.0,0,0,0,,,3,1,low,no_return,40.7,0,2,0,0
TX105114,CUST000715,1973.93,Home,UPI,1.2,15.5,19,420,7,1,0.143,1,1,0,,,1,0,low,no_return,32.3,0,0,0,0
TX105115,CUST000787,1475.53,Fashion,Wallet,0.0,7.9,18,454,7,0,0.0,0,0,0,3.3,0.0,3,0,low,not_as_described_repeated,5.5,0,2,0,0
TX105116,CUST000766,1037.89,Fashion,Debit Card,36.0,0.5,62,163,7,0,0.0,0,0,0,,,1,0,low,no_return,15.1,1,2,0,0
TX105117,CUST001391,1099.88,Footwear,Credit Card,21.7,15.6,32,22,10,0,0.0,0,0,0,,,3,0,high,no_return,17.8,1,4,0,0
TX105118,CUST002618,1818.8,Home,Net Banking,23.0,4.0,53,1057,6,0,0.0,0,1,0,,,1,0,low,no_return,27.0,0,3,0,0
TX105119,CUST000093,1964.98,Toys,Debit Card,11.6,6.8,47,140,6,4,0.667,0,0,0,,,0,0,high,no_return,4.1,3,0,0,0
TX105120,CUST002447,1440.87,Beauty,Net Banking,20.0,15.0,18,275,9,3,0.333,0,0,0,,,1,0,low,no_return,29.1,1,1,0,0
TX105121,CUST001853,701.59,Electronics,UPI,9.9,1.6,35,198,11,4,0.364,2,0,0,0.5,0.0,0,0,low,changed_mind_repeated,24.3,0,0,0,1
TX105122,CUST001845,1819.02,Home,UPI,24.8,2.6,19,8,14,0,0.0,0,0,0,,,0,0,low,no_return,10.7,0,1,0,0
TX105123,CUST002035,1113.81,Electronics,Credit Card,17.3,0.7,29,875,7,0,0.0,0,0,0,7.2,7.0,1,0,medium,not_needed,36.6,2,3,0,0
TX105124,CUST000347,500.99,Grocery,UPI,14.6,10.3,18,86,3,0,0.0,0,0,0,,,1,0,low,no_return,40.0,0,0,0,0
TX105125,CUST002240,2661.18,Footwear,COD,15.5,7.3,18,214,14,0,0.0,0,1,0,1.7,1.6,2,0,low,size_issue,34.3,0,4,0,0
TX105126,CUST000745,554.7,Books,Debit Card,32.6,4.4,23,174,6,0,0.0,0,0,0,11.3,10.3,2,0,low,not_as_described_repeated,39.0,1,0,0,0
TX105127,CUST001550,1399.83,Toys,UPI,17.0,11.9,26,395,4,2,0.5,0,1,0,,,3,0,low,no_return,10.6,1,1,0,1
TX105128,CUST002030,1676.44,Footwear,COD,2.6,2.8,32,262,10,0,0.0,0,0,0,,,1,0,low,no_return,32.3,2,2,0,0
TX105129,CUST001812,3881.88,Toys,Debit Card,19.0,22.9,21,180,1,0,0.0,0,0,0,7.8,7.0,1,1,low,changed_mind,28.1,0,1,0,0
TX105130,CUST000970,519.38,Sports,Credit Card,20.9,1.8,33,124,6,2,0.333,0,0,0,11.0,9.8,3,0,low,not_as_described_repeated,18.0,0,2,1,0
TX105131,CUST001188,2843.56,Books,UPI,13.3,4.4,43,733,4,1,0.25,0,0,0,,,2,0,low,no_return,34.1,0,2,0,0
TX105132,CUST001430,3126.3,Home,Wallet,14.4,4.6,34,40,7,2,0.286,0,0,0,,,1,0,low,no_return,38.1,2,1,0,1
TX105133,CUST000124,4616.1,Electronics,Debit Card,2.2,12.0,31,1,5,0,0.0,0,0,0,,,3,1,low,no_return,23.1,2,3,0,0
TX105134,CUST002178,3501.53,Grocery,Net Banking,16.2,0.5,35,33,8,0,0.0,0,0,0,,,1,1,low,no_return,14.1,1,0,0,0
TX105135,CUST000300,1712.99,Books,COD,0.4,5.1,18,390,13,0,0.0,0,0,0,3.4,0.4,3,0,low,defective,14.0,1,0,0,0
TX105136,CUST001376,2923.34,Fashion,Credit Card,12.0,11.0,41,265,5,0,0.0,0,0,0,,,2,0,low,no_return,36.6,1,2,0,0
TX105137,CUST001965,3998.93,Mobile,UPI,7.0,0.5,20,4,6,0,0.0,0,1,0,,,0,1,medium,no_return,26.4,0,2,0,0
TX105138,CUST000242,431.87,Electronics,Debit Card,26.8,6.0,47,141,7,4,0.571,2,1,1,7.5,6.2,2,0,low,size_issue,18.8,1,0,0,0
TX105139,CUST002986,697.26,Books,UPI,33.6,43.1,39,857,10,1,0.1,0,0,0,,,1,0,low,no_return,25.6,0,2,0,0
TX105140,CUST001132,2096.42,Mobile,Wallet,1.3,6.4,37,175,8,2,0.25,0,0,0,,,1,0,low,no_return,27.6,1,2,0,0
TX105141,CUST000048,3104.06,Fashion,UPI,14.9,0.7,38,502,4,0,0.0,0,0,0,,,1,0,low,no_return,10.1,1,0,1,0
TX105142,CUST001976,2600.94,Footwear,Credit Card,11.3,20.8,31,791,4,0,0.0,0,0,0,,,2,0,medium,no_return,20.2,1,2,0,0
TX105143,CUST001673,2218.41,Toys,Debit Card,20.6,47.8,24,1378,7,2,0.286,0,0,0,6.1,4.9,2,0,medium,changed_mind_repeated,20.0,0,0,0,1
TX105144,CUST001921,4575.94,Books,Credit Card,16.2,2.5,22,97,10,0,0.0,0,0,0,0.1,0.0,2,1,low,not_as_described_repeated,18.7,2,2,0,0
TX105145,CUST002253,1439.0,Mobile,Debit Card,10.4,13.6,49,122,16,1,0.062,0,0,0,,,1,0,medium,no_return,18.4,0,4,0,0
TX105146,CUST001427,1082.61,Grocery,COD,16.1,27.1,33,144,6,1,0.167,0,0,0,1.4,0.7,1,0,low,not_as_described,19.8,0,3,1,0
TX105147,CUST002480,1260.09,Beauty,COD,12.4,6.8,20,525,8,1,0.125,0,0,1,,,0,0,low,no_return,14.8,1,1,0,1
TX105148,CUST001111,2124.74,Grocery,Net Banking,34.1,8.6,37,171,8,0,0.0,0,0,0,1.7,0.0,1,0,low,changed_mind_repeated,31.1,0,2,0,0
TX105149,CUST001636,1671.04,Home,Credit Card,5.5,0.5,35,310,7,0,0.0,0,0,0,,,1,0,low,no_return,19.6,2,2,0,0
TX105150,CUST000476,3213.71,Fashion,Debit Card,18.1,51.8,28,1846,6,0,0.0,0,0,0,,,2,0,low,no_return,56.2,1,2,0,0
TX105151,CUST001860,1124.34,Electronics,Net Banking,21.1,13.1,23,367,11,0,0.0,0,0,0,,,1,0,low,no_return,42.7,0,1,0,0
TX105152,CUST000785,2303.05,Home,UPI,20.3,8.8,39,50,12,0,0.0,0,0,0,,,1,0,low,no_return,14.0,1,0,0,0
TX105153,CUST002090,2929.77,Toys,UPI,11.4,2.0,41,23,7,0,0.0,0,0,0,,,2,0,low,no_return,23.6,0,2,0,0
TX105154,CUST002403,3997.3,Mobile,UPI,31.4,16.2,35,312,7,0,0.0,0,0,0,,,0,1,low,no_return,20.1,1,1,0,0
TX105155,CUST002577,787.14,Mobile,COD,0.0,2.2,32,76,7,1,0.143,1,0,0,,,1,0,low,no_return,28.3,0,2,0,0
TX105156,CUST002787,1243.66,Fashion,Debit Card,1.9,3.4,24,482,11,2,0.182,2,0,0,,,1,0,low,no_return,14.5,0,2,0,0
TX105157,CUST000367,1591.46,Sports,UPI,23.0,1.2,36,560,9,1,0.111,0,0,0,10.5,8.2,1,0,low,not_as_described_repeated,44.1,1,1,0,0
TX105158,CUST000414,632.63,Sports,UPI,4.4,4.2,25,240,10,1,0.1,0,0,0,,,4,0,low,no_return,8.4,0,2,0,0
TX105159,CUST002778,2207.12,Fashion,UPI,3.7,1.5,19,254,4,0,0.0,0,0,0,,,1,0,medium,no_return,16.7,0,0,0,0
TX105160,CUST001143,2185.37,Sports,Credit Card,9.4,8.6,43,200,7,0,0.0,0,0,0,1.3,0.0,3,0,low,changed_mind,13.0,0,1,0,0
TX105161,CUST000079,2066.55,Home,UPI,5.6,17.0,21,771,8,0,0.0,0,1,0,0.5,0.0,2,0,low,defective,39.7,2,3,0,0
TX105162,CUST000861,1528.02,Mobile,COD,22.6,27.7,18,62,6,0,0.0,0,0,0,0.3,0.0,2,0,low,size_issue,27.2,0,0,0,0
TX105163,CUST002508,3727.7,Fashion,Wallet,25.9,9.6,45,33,7,2,0.286,1,0,1,,,0,1,low,no_return,8.5,1,2,0,0
TX105164,CUST001065,1265.12,Toys,COD,16.1,2.1,18,144,12,0,0.0,0,1,0,,,4,0,low,no_return,4.4,2,3,0,0
TX105165,CUST000231,3516.51,Footwear,Net Banking,27.7,6.3,28,454,4,0,0.0,0,1,0,,,1,1,low,no_return,19.0,0,1,0,0
TX105166,CUST002166,1246.09,Books,Wallet,0.0,6.3,21,79,8,1,0.125,0,2,0,,,2,0,high,no_return,21.8,1,1,0,0
TX105167,CUST000584,772.22,Fashion,COD,15.9,6.7,24,111,10,0,0.0,0,0,0,4.7,4.6,1,0,low,not_as_described_repeated,26.4,0,1,0,0
TX105168,CUST001059,1722.52,Fashion,Debit Card,31.2,33.1,54,115,8,0,0.0,0,1,0,,,1,0,low,no_return,7.7,1,2,0,0
TX105169,CUST000012,1938.55,Mobile,COD,26.7,5.1,30,90,6,1,0.167,0,0,0,,,1,0,low,no_return,11.1,1,1,0,0
TX105170,CUST001806,2326.65,Electronics,Debit Card,32.2,20.2,35,244,9,0,0.0,0,1,0,12.0,11.9,2,0,low,changed_mind,36.6,1,3,0,0
TX105171,CUST001336,347.86,Electronics,Credit Card,7.9,8.7,39,84,5,1,0.2,0,0,0,,,6,0,low,no_return,23.7,0,0,0,0
TX105172,CUST002601,1420.63,Mobile,UPI,26.0,24.8,25,175,5,0,0.0,0,0,0,,,0,0,low,no_return,14.8,0,2,0,0
TX105173,CUST001003,5365.53,Toys,Debit Card,9.9,12.0,42,133,8,2,0.25,1,0,1,,,1,1,medium,no_return,40.8,1,2,0,0
TX105174,CUST000614,1184.61,Books,Net Banking,22.1,29.5,35,1271,7,0,0.0,0,0,0,5.5,3.1,2,0,low,defective,6.7,2,0,0,0
TX105175,CUST000498,3131.3,Fashion,Debit Card,30.7,7.7,39,339,12,2,0.167,2,1,0,,,1,0,low,no_return,12.9,0,2,0,0
TX105176,CUST000601,8724.86,Beauty,Credit Card,5.5,11.1,24,252,5,1,0.2,1,4,0,,,1,1,low,no_return,1.8,0,3,0,0
TX105177,CUST001353,5976.03,Footwear,Debit Card,0.0,32.6,36,1480,7,1,0.143,0,0,0,7.3,7.1,0,1,high,not_needed,31.2,2,2,0,0
TX105178,CUST000262,856.28,Fashion,COD,37.2,2.0,31,226,7,0,0.0,0,1,0,,,0,0,low,no_return,11.4,1,1,0,0
TX105179,CUST001207,2968.22,Fashion,COD,20.9,10.0,43,1416,4,0,0.0,0,0,0,,,1,0,low,no_return,24.3,1,1,0,0
TX105180,CUST002564,3085.43,Electronics,Credit Card,13.7,14.1,26,158,6,2,0.333,0,0,0,,,2,0,high,no_return,52.6,1,3,0,0
TX105181,CUST002303,2675.14,Grocery,Credit Card,13.1,14.5,52,1662,6,0,0.0,0,0,0,1.8,0.0,0,0,medium,changed_mind,57.2,2,0,0,0
TX105182,CUST001912,759.83,Fashion,Credit Card,0.0,8.6,35,254,5,1,0.2,1,0,0,,,3,0,low,no_return,12.5,0,1,0,0
TX105183,CUST002679,2055.93,Footwear,Net Banking,17.5,18.2,30,57,6,0,0.0,0,0,0,,,0,0,low,no_return,32.0,1,0,0,0
TX105184,CUST002340,2046.81,Fashion,UPI,8.6,1.2,29,714,4,0,0.0,0,0,0,3.2,1.9,3,0,low,not_as_described,23.4,1,2,1,0
TX105185,CUST001958,686.81,Electronics,Net Banking,15.6,21.0,31,439,9,2,0.222,0,0,0,1.9,0.0,3,0,low,not_as_described_repeated,24.1,2,1,0,0
TX105186,CUST002589,1474.98,Mobile,UPI,15.4,15.6,25,60,9,1,0.111,0,0,0,,,1,0,low,no_return,14.0,0,2,0,0
TX105187,CUST000374,2115.46,Mobile,Wallet,0.0,12.3,38,92,4,3,0.75,1,1,0,4.4,3.5,1,0,high,not_needed,28.1,0,1,0,1
TX105188,CUST002454,1689.25,Grocery,Credit Card,20.9,14.9,31,439,9,0,0.0,0,0,0,,,2,0,low,no_return,19.2,1,2,0,0
TX105189,CUST000886,2799.76,Footwear,COD,17.3,10.2,51,361,10,1,0.1,1,1,0,,,0,0,low,no_return,35.9,0,2,0,0
TX105190,CUST002199,1450.2,Fashion,COD,18.9,1.3,27,753,10,0,0.0,0,0,0,1.3,1.0,1,0,low,not_as_described,17.2,0,0,1,0
TX105191,CUST002740,1921.08,Beauty,COD,12.8,5.6,30,558,10,0,0.0,0,0,0,,,1,0,low,no_return,13.3,1,1,0,0
TX105192,CUST001488,3257.72,Fashion,COD,15.6,23.7,27,443,4,0,0.0,0,0,0,1.6,0.0,0,0,low,size_issue,20.9,0,0,0,0
TX105193,CUST000267,4976.39,Beauty,UPI,17.1,3.8,50,172,8,1,0.125,1,1,0,,,0,1,low,no_return,32.5,2,1,0,1
TX105194,CUST001111,748.21,Toys,UPI,18.3,9.5,18,119,8,0,0.0,0,0,0,0.9,0.0,1,0,medium,changed_mind_repeated,61.9,0,0,0,0
TX105195,CUST001221,2733.0,Footwear,UPI,20.7,0.5,32,242,8,1,0.125,0,0,0,4.5,3.8,3,0,medium,size_issue,34.4,0,3,0,1
TX105196,CUST002810,1297.42,Electronics,Debit Card,18.4,17.2,35,743,11,1,0.091,0,1,0,,,5,0,low,no_return,25.9,1,3,0,0
TX105197,CUST002827,2345.7,Home,Debit Card,37.2,7.0,20,642,8,0,0.0,0,0,0,2.2,0.0,1,0,low,changed_mind_repeated,4.2,1,2,0,0
TX105198,CUST001705,708.81,Mobile,UPI,6.3,18.3,58,129,8,3,0.375,0,1,0,,,0,0,low,no_return,20.1,0,2,0,0
TX105199,CUST002852,3777.14,Sports,COD,10.5,13.6,22,239,7,0,0.0,0,1,0,,,2,1,low,no_return,26.8,1,1,0,0
TX105200,CUST001309,1032.46,Fashion,Credit Card,35.3,18.3,32,1329,8,2,0.25,1,2,0,,,4,0,low,no_return,7.3,0,2,0,0
TX105201,CUST001234,3294.81,Home,Credit Card,13.1,8.2,48,1231,9,0,0.0,0,1,0,24.9,24.7,0,0,medium,not_as_described_repeated,21.7,0,1,0,0
TX105202,CUST002509,777.2,Fashion,Credit Card,26.2,9.9,28,565,8,0,0.0,0,0,0,0.7,0.6,1,0,low,not_as_described,40.3,1,2,0,0
TX105203,CUST002002,609.02,Home,COD,16.6,1.9,33,355,4,2,0.5,0,2,0,,,2,0,low,no_return,24.3,1,1,0,0
TX105204,CUST001567,1553.09,Home,UPI,12.3,76.7,28,220,8,2,0.25,0,0,0,,,0,0,low,no_return,32.8,0,1,0,0
TX105205,CUST001370,2068.86,Beauty,Net Banking,26.8,28.1,31,90,9,0,0.0,0,0,0,,,1,0,low,no_return,10.4,1,3,0,0
TX105206,CUST002117,6311.07,Beauty,Debit Card,21.2,9.2,42,364,9,0,0.0,0,0,0,,,2,1,low,no_return,6.2,0,2,0,0
TX105207,CUST002260,2036.49,Beauty,Debit Card,0.0,9.9,27,25,6,1,0.167,1,0,0,9.0,8.6,1,0,high,not_as_described_repeated,9.1,0,1,0,0
TX105208,CUST001472,854.7,Electronics,UPI,17.1,4.1,18,863,10,3,0.3,1,2,0,,,1,0,low,no_return,29.4,1,2,0,0
TX105209,CUST000095,2965.12,Electronics,COD,3.1,25.7,31,996,9,0,0.0,0,1,0,,,0,0,medium,no_return,0.7,0,1,0,0
TX105210,CUST000306,4172.15,Home,Net Banking,30.3,3.6,32,277,9,0,0.0,0,0,0,0.5,0.0,1,1,medium,not_needed,12.1,0,2,0,0
TX105211,CUST000433,992.59,Footwear,Credit Card,36.0,6.3,33,687,8,3,0.375,0,0,0,,,1,0,low,no_return,6.3,2,0,0,0
TX105212,CUST001386,3219.5,Toys,UPI,37.5,10.2,30,288,7,0,0.0,0,0,0,,,0,0,low,no_return,42.2,1,1,0,0
TX105213,CUST001842,3848.41,Electronics,Credit Card,19.3,11.7,23,1053,9,0,0.0,0,0,0,,,2,1,low,no_return,9.0,0,2,0,0
TX105214,CUST002411,3010.5,Beauty,Credit Card,9.5,0.5,29,991,9,0,0.0,0,0,0,1.5,1.5,1,0,medium,not_needed,31.0,1,4,0,0
TX105215,CUST000698,1143.23,Sports,Credit Card,18.9,16.3,49,66,8,2,0.25,0,1,0,2.3,2.2,1,0,low,defective,26.0,0,3,0,0
TX105216,CUST002360,2083.19,Beauty,COD,3.7,2.6,31,568,7,0,0.0,0,1,1,0.2,0.0,3,0,low,not_needed,17.0,0,2,0,0
TX105217,CUST001998,2343.79,Grocery,Credit Card,43.1,16.9,38,192,8,0,0.0,0,0,0,,,1,0,low,no_return,11.7,0,3,0,0
TX105218,CUST000155,3708.26,Mobile,COD,29.3,15.5,21,353,8,0,0.0,0,0,0,0.8,0.2,3,1,low,size_issue,3.6,0,2,0,0
TX105219,CUST001054,1196.81,Electronics,Credit Card,18.7,18.9,29,398,6,0,0.0,0,0,1,,,0,0,low,no_return,25.0,0,0,0,0
TX105220,CUST000908,3270.18,Beauty,Debit Card,27.0,11.0,21,28,7,3,0.429,0,0,0,,,4,0,low,no_return,25.8,1,1,1,0
TX105221,CUST002660,1649.89,Beauty,Net Banking,9.1,4.5,44,274,6,1,0.167,0,1,0,1.1,0.0,0,0,medium,size_issue,12.3,1,0,0,0
TX105222,CUST002763,1420.72,Sports,Credit Card,1.7,19.8,18,176,11,2,0.182,1,1,0,,,2,0,low,no_return,34.8,0,0,0,0
TX105223,CUST002457,1875.56,Fashion,UPI,0.0,45.2,35,1087,13,2,0.154,0,0,0,11.4,7.6,1,0,low,not_as_described,50.1,0,4,0,0
TX105224,CUST001584,308.52,Grocery,Debit Card,16.0,2.0,35,271,9,1,0.111,1,1,0,,,1,0,high,no_return,33.6,1,0,0,0
TX105225,CUST001479,379.15,Electronics,Credit Card,12.5,12.2,34,391,8,0,0.0,0,1,0,,,1,0,medium,no_return,28.9,1,2,0,0
TX105226,CUST000935,457.5,Books,COD,21.2,2.0,18,341,9,0,0.0,0,0,0,,,0,0,low,no_return,27.6,0,2,1,0
TX105227,CUST002318,2410.69,Grocery,Net Banking,15.2,12.2,18,869,10,0,0.0,0,0,0,,,1,0,low,no_return,35.1,1,2,0,0
TX105228,CUST000259,1531.87,Fashion,COD,20.7,10.2,33,164,7,2,0.286,0,1,0,,,0,0,medium,no_return,29.4,0,0,0,0
TX105229,CUST000814,1145.7,Mobile,Wallet,24.7,2.0,22,720,10,0,0.0,0,0,0,10.4,9.0,1,0,high,changed_mind,48.0,0,1,0,0
TX105230,CUST000406,1766.76,Toys,UPI,0.0,12.7,25,321,8,0,0.0,0,0,0,,,3,0,low,no_return,21.9,1,2,0,0
TX105231,CUST001483,3318.06,Beauty,UPI,25.4,1.1,27,687,13,0,0.0,0,0,0,5.2,0.4,5,0,low,size_issue,27.5,0,5,0,0
TX105232,CUST000899,1712.72,Mobile,UPI,10.1,1.2,21,285,7,0,0.0,0,1,0,,,2,0,low,no_return,19.9,0,0,0,0
TX105233,CUST000593,838.25,Toys,Debit Card,21.2,17.2,19,282,7,1,0.143,1,1,0,3.6,1.4,1,0,low,not_as_described_repeated,15.6,0,3,0,0
TX105234,CUST001129,6940.5,Electronics,UPI,27.3,1.6,31,778,7,1,0.143,0,1,0,,,3,1,medium,no_return,5.9,0,1,0,0
TX105235,CUST002582,1826.55,Sports,UPI,27.3,8.2,18,555,7,1,0.143,0,2,0,,,2,0,low,no_return,30.5,2,0,0,0
TX105236,CUST001674,3869.64,Sports,Wallet,16.5,6.3,26,33,7,0,0.0,0,0,0,0.9,0.7,1,1,medium,defective,9.8,0,3,0,0
TX105237,CUST002469,3028.28,Grocery,Credit Card,17.1,24.0,25,9,7,0,0.0,0,0,0,,,1,0,low,no_return,60.3,2,3,0,0
TX105238,CUST002741,1357.41,Mobile,UPI,25.7,3.6,31,89,13,1,0.077,0,0,0,10.2,7.7,1,0,medium,not_needed,34.8,0,2,0,0
TX105239,CUST002706,4931.6,Beauty,Credit Card,0.0,9.1,55,363,8,1,0.125,0,0,0,,,2,1,low,no_return,16.1,1,3,0,0
TX105240,CUST001053,1211.43,Electronics,UPI,3.6,0.5,22,694,6,2,0.333,1,1,1,0.7,0.0,2,0,low,not_needed,19.8,0,5,0,0
TX105241,CUST002632,2383.57,Beauty,UPI,11.6,1.1,36,109,8,0,0.0,0,0,0,12.0,7.5,4,0,medium,not_needed,21.4,0,1,0,0
TX105242,CUST002728,2182.72,Toys,Credit Card,0.0,5.2,34,167,5,0,0.0,0,1,0,,,1,0,low,no_return,26.0,0,3,0,0
TX105243,CUST002878,2317.73,Home,Credit Card,11.7,10.9,37,18,10,1,0.1,1,0,0,6.9,5.0,1,0,low,not_as_described_repeated,25.1,1,2,0,0
TX105244,CUST001053,4422.54,Electronics,COD,11.1,44.5,29,549,10,0,0.0,0,0,0,0.1,0.0,1,1,low,not_as_described,13.3,0,3,0,0
TX105245,CUST000685,1858.31,Fashion,Credit Card,16.0,10.7,46,142,6,1,0.167,0,0,0,2.3,0.0,2,0,high,changed_mind,27.6,1,0,0,0
TX105246,CUST001753,2096.53,Grocery,COD,14.3,10.5,38,494,9,0,0.0,0,0,0,,,1,0,medium,no_return,18.7,1,1,0,0
TX105247,CUST002795,2164.92,Electronics,COD,27.8,1.0,39,590,8,1,0.125,1,0,0,4.8,0.0,1,0,low,changed_mind_repeated,16.2,0,3,0,0
TX105248,CUST002701,6146.4,Home,COD,21.9,15.5,18,244,14,0,0.0,0,0,0,,,2,1,high,no_return,45.0,0,2,0,0
TX105249,CUST001714,3687.84,Electronics,Net Banking,14.1,21.4,32,1033,4,0,0.0,0,0,0,,,2,1,low,no_return,14.7,1,3,0,0
TX105250,CUST000448,587.96,Beauty,Credit Card,11.0,37.2,26,245,4,0,0.0,0,0,0,1.0,0.0,1,0,low,changed_mind_repeated,28.4,2,0,0,0
TX105251,CUST001268,1243.37,Electronics,UPI,14.4,4.5,23,66,8,0,0.0,0,2,1,,,1,0,low,no_return,30.6,1,4,0,1
TX105252,CUST002142,1944.79,Electronics,UPI,14.6,7.6,25,26,5,0,0.0,0,0,0,,,2,0,medium,no_return,17.2,0,1,0,0
TX105253,CUST001681,4365.62,Grocery,UPI,45.2,10.7,31,825,14,1,0.071,1,0,0,,,1,1,medium,no_return,17.4,1,2,0,0
TX105254,CUST001037,4632.28,Electronics,COD,0.0,3.6,36,84,3,0,0.0,0,0,0,9.6,8.2,0,1,low,changed_mind,40.7,0,3,0,0
TX105255,CUST001028,1786.44,Electronics,Debit Card,3.9,0.6,41,216,9,1,0.111,0,0,0,1.7,1.6,1,0,low,not_as_described_repeated,36.3,1,2,0,0
TX105256,CUST000180,1215.26,Sports,UPI,2.1,2.1,41,665,10,1,0.1,0,3,0,,,2,0,low,no_return,40.1,0,0,0,0
TX105257,CUST000866,1623.11,Electronics,UPI,18.2,5.5,34,217,7,0,0.0,0,0,1,13.5,9.8,2,0,low,changed_mind,16.2,0,1,0,0
TX105258,CUST002008,1991.65,Electronics,Net Banking,17.8,7.0,32,131,9,0,0.0,0,0,0,,,1,0,medium,no_return,24.6,0,0,0,0
TX105259,CUST000724,1549.05,Home,Debit Card,8.1,0.5,28,653,5,2,0.4,1,0,0,0.6,0.0,1,0,high,not_as_described_repeated,49.0,2,3,0,1
TX105260,CUST002980,3930.83,Home,UPI,25.8,22.5,29,1623,8,2,0.25,0,2,0,,,1,1,low,no_return,30.9,0,2,0,1
TX105261,CUST000248,1449.21,Sports,Net Banking,19.4,1.5,24,208,7,0,0.0,0,1,0,,,0,0,low,no_return,10.6,0,2,0,0
TX105262,CUST001766,1001.98,Mobile,COD,26.3,2.0,27,371,9,0,0.0,0,0,0,3.0,2.6,0,0,medium,defective,35.6,1,1,0,0
TX105263,CUST001490,1599.83,Home,Credit Card,29.4,10.3,35,573,11,0,0.0,0,0,0,,,1,0,high,no_return,9.7,1,1,0,0
TX105264,CUST002500,2255.64,Sports,Credit Card,0.0,7.6,47,397,5,0,0.0,0,0,0,,,2,0,low,no_return,27.5,1,2,0,0
TX105265,CUST002663,3976.68,Footwear,Debit Card,23.2,5.2,30,371,4,0,0.0,0,0,0,,,0,1,low,no_return,30.3,1,1,0,0
TX105266,CUST001630,947.66,Beauty,Credit Card,0.0,0.6,23,85,8,0,0.0,0,2,0,,,1,0,low,no_return,21.1,0,1,0,0
TX105267,CUST001890,2264.93,Toys,Wallet,18.0,5.9,41,2,8,0,0.0,0,1,0,,,1,0,low,no_return,20.0,0,1,0,0
TX105268,CUST002097,2309.89,Sports,COD,14.1,15.8,18,331,12,1,0.083,0,0,0,,,0,0,low,no_return,38.5,1,4,0,0
TX105269,CUST001563,2593.33,Grocery,Debit Card,14.6,0.5,42,585,2,0,0.0,0,0,0,30.0,28.9,1,0,low,size_issue,30.3,1,3,0,0
TX105270,CUST000555,1448.31,Mobile,Debit Card,0.5,0.5,18,109,6,0,0.0,0,0,0,,,1,0,medium,no_return,35.0,0,0,0,0
TX105271,CUST001286,2565.19,Electronics,Wallet,27.4,11.7,38,141,7,1,0.143,0,0,0,,,3,0,medium,no_return,10.3,0,1,0,0
TX105272,CUST000725,2979.64,Footwear,UPI,0.0,4.6,27,311,7,0,0.0,0,0,0,,,1,0,low,no_return,18.4,0,1,0,0
TX105273,CUST001393,1437.74,Beauty,UPI,24.0,38.3,35,151,7,0,0.0,0,0,0,,,1,0,high,no_return,9.1,0,1,0,0
TX105274,CUST001845,2094.68,Sports,COD,0.0,0.5,52,433,6,1,0.167,0,0,0,,,2,0,low,no_return,28.0,0,2,0,0
TX105275,CUST000628,1665.83,Home,UPI,14.8,10.0,23,21,5,0,0.0,0,0,0,,,1,0,low,no_return,31.3,3,1,0,0
TX105276,CUST000749,1096.71,Fashion,Debit Card,36.7,27.2,21,132,9,0,0.0,0,0,0,,,3,0,high,no_return,31.4,0,2,0,0
TX105277,CUST002468,721.61,Electronics,Credit Card,43.3,1.9,32,334,3,0,0.0,0,0,0,,,1,0,low,no_return,18.1,0,2,0,0
TX105278,CUST001133,1211.03,Mobile,Credit Card,0.0,4.7,47,559,11,3,0.273,1,1,0,,,2,0,low,no_return,41.5,1,0,0,0
TX105279,CUST000595,1271.15,Grocery,UPI,6.5,17.3,33,858,7,2,0.286,0,2,0,,,0,0,low,no_return,18.9,0,1,0,0
TX105280,CUST002139,713.6,Footwear,COD,8.7,27.6,32,212,6,0,0.0,0,1,0,,,0,0,low,no_return,13.7,2,2,1,0
TX105281,CUST002150,2458.0,Fashion,UPI,42.1,13.7,33,795,9,1,0.111,0,1,0,0.1,0.0,2,0,low,not_as_described,14.1,1,0,0,0
TX105282,CUST002478,3114.35,Fashion,UPI,14.2,11.8,21,234,10,0,0.0,0,0,0,3.9,0.5,0,0,low,not_needed,37.1,1,2,0,0
TX105283,CUST002280,1636.05,Fashion,Credit Card,27.9,16.0,33,1602,7,1,0.143,1,0,0,,,2,0,high,no_return,50.5,3,2,0,1
TX105284,CUST002975,1800.35,Fashion,UPI,18.6,12.2,28,484,10,1,0.1,0,0,0,,,2,0,low,no_return,15.9,0,0,0,0
TX105285,CUST001725,1329.14,Beauty,Debit Card,0.6,1.8,45,516,9,1,0.111,1,1,1,,,2,0,low,no_return,45.4,1,1,0,0
TX105286,CUST000861,1733.64,Mobile,Wallet,0.0,7.3,39,120,5,0,0.0,0,0,0,,,2,0,low,no_return,25.5,1,1,0,0
TX105287,CUST002588,2577.41,Footwear,COD,7.6,19.8,18,761,11,2,0.182,0,2,0,,,1,0,low,no_return,49.9,2,1,0,0
TX105288,CUST000795,2267.75,Beauty,Debit Card,42.8,11.0,29,1666,7,1,0.143,1,1,0,8.8,5.2,1,0,low,changed_mind,8.3,0,4,0,0
TX105289,CUST000873,1726.91,Home,Credit Card,18.1,4.8,37,350,12,0,0.0,0,0,0,5.8,4.8,0,0,low,not_as_described_repeated,14.7,0,3,0,1
TX105290,CUST002485,1270.7,Grocery,Wallet,27.7,9.3,22,236,10,0,0.0,0,0,0,,,0,0,low,no_return,11.0,0,2,0,0
TX105291,CUST002644,2951.86,Grocery,Net Banking,0.0,26.5,21,33,9,1,0.111,0,0,0,12.8,12.1,3,0,low,changed_mind,1.4,2,0,0,0
TX105292,CUST001018,1360.27,Grocery,COD,11.1,2.8,27,331,6,0,0.0,0,0,0,3.0,1.4,0,0,high,changed_mind_repeated,33.9,0,1,0,0
TX105293,CUST002188,754.19,Beauty,UPI,24.3,10.1,35,207,4,1,0.25,0,1,0,0.4,0.0,1,0,medium,not_as_described,33.3,1,0,0,0
TX105294,CUST002767,2014.4,Electronics,UPI,1.9,41.0,42,899,8,2,0.25,0,0,0,,,0,0,low,no_return,19.3,0,4,0,0
TX105295,CUST002396,514.45,Electronics,UPI,14.2,13.9,34,449,15,1,0.067,0,3,0,,,2,0,medium,no_return,38.4,1,1,0,1
TX105296,CUST000015,2208.61,Mobile,UPI,4.4,7.4,56,346,5,0,0.0,0,0,0,,,0,0,low,no_return,32.6,0,3,0,0
TX105297,CUST001994,2313.98,Books,UPI,24.9,4.9,25,577,18,4,0.222,0,1,0,,,2,0,low,no_return,13.6,0,3,0,0
TX105298,CUST000510,1202.22,Mobile,Net Banking,19.8,0.5,39,398,8,2,0.25,1,2,0,,,2,0,high,no_return,31.2,0,1,0,1
TX105299,CUST002539,1321.4,Fashion,UPI,23.2,13.6,20,22,14,4,0.286,1,2,0,,,1,0,low,no_return,8.6,1,2,0,0
TX105300,CUST000202,3219.22,Beauty,UPI,25.5,18.9,48,141,12,0,0.0,0,0,0,1.4,0.0,0,0,medium,not_needed,4.6,3,2,0,1
TX105301,CUST002979,5783.85,Fashion,Net Banking,12.3,15.1,45,130,3,0,0.0,0,1,0,6.9,6.2,2,1,medium,not_needed,27.4,0,0,0,0
TX105302,CUST000532,1866.48,Footwear,Wallet,27.0,1.6,39,862,7,0,0.0,0,0,0,,,1,0,low,no_return,12.6,1,3,0,0
TX105303,CUST001261,1219.02,Fashion,UPI,7.9,6.3,18,532,6,0,0.0,0,0,0,,,1,0,low,no_return,4.7,0,1,0,0
TX105304,CUST000703,2327.34,Grocery,UPI,22.5,10.6,39,998,8,3,0.375,1,1,0,,,0,0,medium,no_return,24.3,0,1,0,0
TX105305,CUST002441,1682.5,Fashion,COD,0.0,13.3,23,321,18,1,0.056,0,0,0,,,2,0,low,no_return,17.4,1,2,0,0
TX105306,CUST001181,2228.65,Electronics,Wallet,6.0,11.2,36,439,7,0,0.0,0,0,0,,,1,0,low,no_return,9.8,0,1,0,0
TX105307,CUST002233,2018.47,Electronics,Debit Card,42.8,6.3,18,39,16,1,0.062,1,0,0,4.6,3.1,1,0,low,changed_mind_repeated,20.7,1,2,0,0
TX105308,CUST000202,2051.4,Beauty,Credit Card,22.3,1.8,34,736,6,1,0.167,0,0,0,,,1,0,low,no_return,9.7,1,1,0,0
TX105309,CUST001359,406.18,Footwear,Debit Card,22.3,8.8,28,497,10,2,0.2,0,0,0,,,0,0,low,no_return,37.4,0,1,0,0
TX105310,CUST002733,1318.68,Mobile,COD,5.1,7.3,24,1351,12,0,0.0,0,0,0,,,2,0,low,no_return,10.3,0,1,0,0
TX105311,CUST002780,1235.22,Grocery,UPI,1.9,15.7,37,102,5,1,0.2,0,1,0,10.5,9.7,1,0,low,not_as_described_repeated,55.2,1,0,0,0
TX105312,CUST000626,1223.42,Beauty,Credit Card,11.8,29.4,31,524,9,1,0.111,0,0,0,,,1,0,low,no_return,17.2,0,3,0,0
TX105313,CUST001183,2701.54,Toys,Net Banking,14.2,15.2,29,367,7,0,0.0,0,0,0,3.5,3.2,1,0,high,changed_mind_repeated,29.3,0,1,0,0
TX105314,CUST001227,803.22,Electronics,COD,38.0,2.2,39,535,8,0,0.0,0,0,0,,,1,0,high,no_return,28.5,1,3,0,0
TX105315,CUST001696,407.59,Toys,UPI,27.2,0.5,51,205,10,0,0.0,0,0,1,8.5,8.0,2,0,low,changed_mind_repeated,18.6,0,1,0,0
TX105316,CUST001612,1205.05,Books,COD,16.3,17.0,34,53,8,1,0.125,0,0,0,,,3,0,low,no_return,13.0,2,3,0,0
TX105317,CUST000318,1042.87,Beauty,Debit Card,15.8,5.5,18,118,7,0,0.0,0,0,0,,,1,0,medium,no_return,11.6,0,1,0,0
TX105318,CUST002288,1874.77,Electronics,UPI,24.1,2.6,18,923,10,4,0.4,0,0,0,3.9,3.3,3,0,low,size_issue,15.7,1,1,0,0
TX105319,CUST000678,1037.7,Fashion,Credit Card,0.0,13.3,32,1065,10,4,0.4,2,0,0,,,1,0,medium,no_return,36.4,0,0,0,0
TX105320,CUST000945,1524.37,Home,Credit Card,0.0,1.1,42,87,6,0,0.0,0,0,0,,,0,0,medium,no_return,46.1,1,1,0,0
TX105321,CUST002522,1382.8,Mobile,Wallet,23.9,0.5,33,744,15,0,0.0,0,0,0,3.9,3.4,2,0,low,defective,28.3,0,3,0,0
TX105322,CUST002069,3852.03,Grocery,UPI,15.9,44.7,37,213,10,0,0.0,0,0,0,15.4,14.2,1,1,low,not_as_described,16.8,0,4,0,0
TX105323,CUST001190,1056.2,Beauty,COD,0.0,14.0,31,101,7,1,0.143,0,0,0,,,1,0,low,no_return,63.6,1,1,0,0
TX105324,CUST002737,2600.6,Beauty,Debit Card,0.0,9.0,41,910,1,0,0.0,0,0,0,,,2,0,low,no_return,16.2,1,2,0,0
TX105325,CUST001182,1719.54,Toys,Net Banking,25.7,0.8,38,522,6,0,0.0,0,0,0,,,0,0,low,no_return,7.6,1,5,0,0
TX105326,CUST001696,3263.24,Fashion,Wallet,8.7,27.8,21,639,6,3,0.5,1,0,0,,,2,0,low,no_return,53.2,0,2,0,0
TX105327,CUST000738,4584.35,Electronics,Wallet,19.8,8.0,36,207,3,0,0.0,0,1,1,5.6,0.6,0,1,low,size_issue,2.3,1,0,0,0
TX105328,CUST000550,1701.93,Grocery,Net Banking,11.8,7.4,18,478,7,1,0.143,0,0,0,2.5,0.0,2,0,low,size_issue,31.5,2,2,0,0
TX105329,CUST001475,525.53,Fashion,Credit Card,14.6,4.2,36,225,6,1,0.167,1,1,0,4.4,4.3,3,0,low,not_as_described_repeated,6.1,3,1,0,0
TX105330,CUST001689,807.23,Fashion,UPI,7.9,23.2,29,1239,7,1,0.143,0,1,0,4.7,1.1,0,0,low,not_as_described,2.8,0,6,0,0
TX105331,CUST002417,679.15,Home,Credit Card,14.1,2.2,33,347,6,2,0.333,0,0,0,,,1,0,low,no_return,6.2,0,2,0,0
TX105332,CUST001173,1323.51,Fashion,Debit Card,21.9,0.9,35,40,9,4,0.444,0,2,0,,,1,0,low,no_return,10.3,0,1,0,0
TX105333,CUST002685,1187.59,Footwear,Credit Card,11.7,2.0,34,33,7,2,0.286,2,0,0,,,2,0,low,no_return,14.5,1,2,0,0
TX105334,CUST001822,2082.32,Footwear,Credit Card,11.0,10.2,46,54,9,1,0.111,1,1,0,,,1,0,medium,no_return,16.8,0,1,0,0
TX105335,CUST000211,3107.31,Mobile,UPI,22.3,4.6,32,455,9,1,0.111,0,0,0,17.6,17.3,3,0,medium,defective,28.8,3,1,0,0
TX105336,CUST002217,488.32,Mobile,COD,23.1,12.2,33,163,8,0,0.0,0,0,0,,,1,0,low,no_return,19.6,0,1,1,0
TX105337,CUST001724,1805.58,Fashion,UPI,1.4,19.3,45,230,6,0,0.0,0,0,0,,,1,0,medium,no_return,13.6,0,4,0,0
TX105338,CUST001168,1076.48,Home,Credit Card,14.7,14.6,50,387,8,0,0.0,0,0,0,8.4,5.8,3,0,medium,defective,9.1,1,3,0,0
TX105339,CUST001402,1846.8,Grocery,Debit Card,8.7,21.9,31,261,7,2,0.286,2,1,0,,,0,0,low,no_return,40.6,0,1,0,0
TX105340,CUST000906,1327.19,Electronics,Debit Card,15.2,12.9,26,640,2,0,0.0,0,2,0,,,1,0,medium,no_return,32.4,0,2,0,1
TX105341,CUST001843,2786.52,Mobile,Net Banking,32.2,19.3,27,914,12,1,0.083,0,1,0,,,1,0,low,no_return,4.3,0,3,0,0
TX105342,CUST001701,847.13,Electronics,Debit Card,19.3,39.0,36,872,13,2,0.154,0,0,0,,,1,0,low,no_return,30.3,1,1,0,0
TX105343,CUST001342,1123.68,Beauty,COD,41.0,8.9,29,728,4,0,0.0,0,0,0,1.7,0.0,0,0,low,not_needed,27.3,1,2,0,1
TX105344,CUST000856,1625.0,Grocery,Credit Card,17.6,38.8,18,520,8,0,0.0,0,0,0,,,0,0,low,no_return,3.9,1,3,0,0
TX105345,CUST001196,1420.91,Footwear,UPI,13.0,14.7,43,793,10,0,0.0,0,1,0,,,3,0,medium,no_return,11.3,0,1,0,0
TX105346,CUST001494,1618.42,Grocery,COD,14.8,0.9,40,290,7,4,0.571,4,4,1,,,5,0,high,no_return,8.3,0,0,0,0
TX105347,CUST001416,571.75,Sports,UPI,16.7,3.1,43,249,13,4,0.308,1,2,1,2.7,0.8,1,0,low,not_as_described,54.2,1,0,0,0
TX105348,CUST000928,4162.54,Fashion,COD,18.9,16.2,45,521,11,5,0.455,0,2,1,,,0,1,low,no_return,15.2,1,0,0,1
TX105349,CUST001746,1259.98,Sports,Net Banking,3.1,26.2,33,1339,9,0,0.0,0,0,0,,,1,0,high,no_return,7.5,0,1,0,0
TX105350,CUST000680,887.11,Books,UPI,12.2,6.4,34,679,9,2,0.222,0,1,0,1.1,0.0,0,0,medium,changed_mind,17.0,0,3,0,0
TX105351,CUST001503,1649.96,Beauty,COD,6.3,27.0,42,656,19,2,0.105,2,0,0,,,1,0,low,no_return,50.1,1,1,0,1
TX105352,CUST000365,1815.69,Toys,Credit Card,27.4,13.1,19,324,2,0,0.0,0,0,0,3.3,2.9,0,0,low,not_as_described,33.2,1,3,0,0
TX105353,CUST001416,5297.08,Electronics,UPI,0.0,26.4,28,220,7,0,0.0,0,1,0,,,3,1,medium,no_return,8.7,0,0,0,0
TX105354,CUST002352,3420.73,Fashion,Credit Card,16.9,12.9,31,152,8,3,0.375,2,2,1,,,0,0,low,no_return,26.3,0,0,0,0
TX105355,CUST002453,1401.57,Mobile,Debit Card,0.0,1.4,41,38,10,2,0.2,1,1,0,,,2,0,low,no_return,20.9,0,4,0,0
TX105356,CUST002084,4728.61,Fashion,Wallet,20.2,5.5,26,159,12,1,0.083,0,0,0,,,0,1,low,no_return,4.6,0,2,0,0
TX105357,CUST002237,4168.42,Grocery,Credit Card,10.2,3.1,24,44,10,3,0.3,1,0,0,4.1,1.9,1,1,low,not_as_described,9.9,1,2,0,1
TX105358,CUST000198,892.96,Beauty,COD,0.0,11.9,27,40,7,0,0.0,0,0,0,,,1,0,low,no_return,11.4,0,1,0,0
TX105359,CUST001024,6054.23,Mobile,Credit Card,26.3,23.2,36,94,7,0,0.0,0,0,0,25.5,24.2,3,1,low,changed_mind_repeated,34.6,0,1,0,0
TX105360,CUST001963,1275.12,Fashion,UPI,0.0,1.6,31,480,4,2,0.5,2,1,0,,,1,0,low,no_return,19.4,0,1,0,0
TX105361,CUST002401,1956.26,Fashion,Debit Card,14.6,20.3,18,800,11,1,0.091,0,1,0,8.1,5.0,1,0,medium,changed_mind_repeated,19.0,0,2,0,1
TX105362,CUST001748,3779.18,Footwear,COD,23.3,23.6,19,1537,7,0,0.0,0,0,0,,,3,1,medium,no_return,13.1,1,2,0,0
TX105363,CUST002561,490.04,Grocery,COD,31.5,7.2,33,21,13,4,0.308,0,0,0,,,2,0,medium,no_return,27.3,0,1,0,0
TX105364,CUST000819,1619.27,Sports,Net Banking,0.0,2.5,33,335,7,1,0.143,0,0,0,3.4,2.2,0,0,low,not_as_described_repeated,28.4,0,2,0,0
TX105365,CUST000461,2155.08,Home,UPI,8.8,1.0,32,88,8,2,0.25,2,2,1,14.9,14.7,0,0,low,size_issue,27.1,0,1,0,1
TX105366,CUST000260,3341.96,Home,Debit Card,28.0,3.4,27,431,9,0,0.0,0,0,0,24.1,20.0,1,0,low,not_as_described_repeated,45.6,3,2,0,0
TX105367,CUST001748,1758.95,Mobile,UPI,28.8,1.5,39,213,11,0,0.0,0,0,0,,,0,0,low,no_return,39.6,0,0,0,0
TX105368,CUST001995,494.46,Grocery,COD,30.4,4.7,35,790,12,0,0.0,0,0,0,0.0,0.0,2,0,low,changed_mind,10.2,0,3,0,0
TX105369,CUST000856,5272.47,Footwear,UPI,45.7,8.2,35,26,12,2,0.167,0,0,0,4.2,1.7,1,1,medium,not_needed,53.2,1,3,0,0
TX105370,CUST002351,1800.59,Mobile,UPI,8.9,10.3,35,1147,4,0,0.0,0,2,0,,,0,0,low,no_return,14.6,0,1,0,0
TX105371,CUST002217,2209.23,Sports,COD,19.5,22.1,47,782,3,1,0.333,1,1,0,,,1,0,low,no_return,46.6,1,3,0,1
TX105372,CUST001081,616.3,Sports,Credit Card,10.8,22.4,21,411,6,2,0.333,0,0,0,,,1,0,low,no_return,31.6,0,1,0,0
TX105373,CUST000717,4055.5,Grocery,Debit Card,0.0,17.4,27,49,9,0,0.0,0,1,0,,,1,1,high,no_return,68.7,0,2,0,0
TX105374,CUST002227,1287.55,Toys,Wallet,13.9,9.6,28,796,11,0,0.0,0,0,0,,,0,0,low,no_return,17.7,0,4,0,0
TX105375,CUST002014,1079.22,Grocery,Credit Card,0.0,1.9,44,215,9,0,0.0,0,0,0,6.2,5.7,1,0,low,defective,57.6,0,4,0,0
TX105376,CUST000513,3506.98,Electronics,Debit Card,8.8,1.8,28,400,12,0,0.0,0,0,0,5.7,1.8,2,1,low,changed_mind_repeated,40.5,0,1,0,0
TX105377,CUST000766,666.97,Mobile,Wallet,0.0,6.7,24,911,12,0,0.0,0,1,0,,,1,0,medium,no_return,33.9,1,2,0,0
TX105378,CUST001458,2229.9,Grocery,COD,20.3,13.0,30,1025,10,3,0.3,1,2,0,,,2,0,medium,no_return,12.2,1,0,0,1
TX105379,CUST001533,1056.82,Footwear,UPI,5.7,3.9,33,113,9,1,0.111,0,1,0,2.4,0.9,3,0,low,changed_mind_repeated,15.5,0,2,0,0
TX105380,CUST000498,2400.54,Home,COD,0.0,18.2,43,1135,9,0,0.0,0,0,1,,,1,0,low,no_return,10.5,1,1,0,0
TX105381,CUST002845,2812.97,Beauty,Credit Card,25.4,14.5,28,228,9,0,0.0,0,0,0,3.1,1.8,3,0,low,defective,21.6,2,3,0,1
TX105382,CUST001166,1257.02,Grocery,COD,7.8,8.2,25,30,14,1,0.071,0,0,0,,,2,0,low,no_return,37.9,0,0,0,0
TX105383,CUST001144,3909.28,Toys,Debit Card,9.8,2.1,22,136,11,0,0.0,0,0,0,,,1,1,low,no_return,38.7,1,0,0,0
TX105384,CUST000182,1802.73,Electronics,UPI,3.3,3.5,28,1252,7,0,0.0,0,0,0,,,3,0,medium,no_return,3.8,0,1,0,0
TX105385,CUST002627,5320.38,Home,COD,28.8,1.7,57,131,13,1,0.077,1,1,0,4.2,3.5,2,1,medium,changed_mind,33.3,1,1,0,1
TX105386,CUST000706,3534.25,Books,UPI,18.2,15.9,35,386,6,1,0.167,0,2,0,,,1,1,medium,no_return,15.1,0,2,0,0
TX105387,CUST002960,1937.04,Mobile,Net Banking,7.6,47.0,37,231,8,1,0.125,0,0,0,,,0,0,low,no_return,29.7,1,0,0,0
TX105388,CUST001488,1927.82,Electronics,COD,0.0,5.5,31,849,12,0,0.0,0,0,0,2.7,0.1,3,0,high,not_needed,45.3,3,1,0,1
TX105389,CUST002624,714.62,Fashion,Wallet,45.1,0.5,33,273,10,3,0.3,2,1,0,,,2,0,low,no_return,7.3,0,1,0,0
TX105390,CUST000538,3504.04,Beauty,UPI,38.8,18.9,39,250,6,0,0.0,0,1,0,,,2,1,low,no_return,13.0,0,0,0,0
TX105391,CUST000498,1176.0,Fashion,Credit Card,32.3,0.5,37,994,16,0,0.0,0,0,0,,,0,0,high,no_return,32.4,0,3,0,1
TX105392,CUST002403,2074.66,Electronics,UPI,6.6,6.9,35,691,9,1,0.111,0,1,0,,,2,0,medium,no_return,31.2,0,1,0,1
TX105393,CUST002459,5291.12,Beauty,Credit Card,9.0,0.9,32,64,7,0,0.0,0,0,1,,,2,1,low,no_return,12.9,0,0,0,0
TX105394,CUST001629,3864.03,Grocery,Credit Card,19.8,28.3,28,525,6,1,0.167,0,0,0,,,2,1,low,no_return,33.1,0,1,0,0
TX105395,CUST000097,933.26,Home,Debit Card,4.3,4.6,36,208,10,2,0.2,0,1,0,,,3,0,low,no_return,15.4,0,6,0,0
TX105396,CUST002831,1809.32,Home,Credit Card,3.1,6.5,32,44,9,1,0.111,0,1,0,,,1,0,low,no_return,13.3,0,2,0,0
TX105397,CUST001180,2212.61,Mobile,Wallet,32.5,22.3,53,247,4,0,0.0,0,0,0,0.5,0.0,2,0,medium,changed_mind_repeated,13.4,0,0,0,0
TX105398,CUST002808,4161.11,Beauty,UPI,14.3,10.8,42,302,9,0,0.0,0,2,0,30.0,28.5,1,1,low,not_as_described,53.0,1,2,0,0
TX105399,CUST002612,3783.76,Toys,Credit Card,1.6,0.5,25,165,7,0,0.0,0,0,0,,,1,1,high,no_return,8.3,0,1,0,0
TX105400,CUST002554,2585.65,Fashion,COD,26.4,0.5,20,31,14,0,0.0,0,0,0,,,2,0,low,no_return,17.2,1,1,0,0
TX105401,CUST002066,2431.46,Toys,UPI,8.1,0.5,28,322,5,1,0.2,0,1,0,,,3,0,low,no_return,13.9,2,3,0,0
TX105402,CUST002020,1787.49,Toys,COD,0.0,10.2,21,239,8,1,0.125,1,2,0,,,3,0,low,no_return,21.8,0,1,0,0
TX105403,CUST001598,2171.19,Fashion,COD,1.4,2.8,27,48,5,3,0.6,0,1,0,,,0,0,low,no_return,17.6,1,2,0,0
TX105404,CUST000075,1521.58,Grocery,COD,8.8,16.8,22,366,8,2,0.25,0,1,0,1.8,0.6,1,0,low,changed_mind,34.7,0,1,0,0
TX105405,CUST001164,2981.37,Grocery,Debit Card,17.6,13.3,28,930,10,0,0.0,0,0,0,,,2,0,low,no_return,44.1,0,1,1,0
TX105406,CUST002191,2513.14,Home,COD,17.1,41.4,28,1094,10,2,0.2,0,1,0,,,1,0,low,no_return,22.8,0,3,0,0
TX105407,CUST002437,3425.48,Toys,Wallet,29.7,11.5,33,77,12,0,0.0,0,0,0,,,0,0,low,no_return,20.4,0,1,0,0
TX105408,CUST001679,3365.63,Fashion,UPI,12.2,24.3,29,313,3,0,0.0,0,3,0,,,0,0,low,no_return,6.4,0,1,0,0
TX105409,CUST002128,1172.17,Beauty,Credit Card,9.4,34.9,22,73,11,2,0.182,1,2,0,,,4,0,low,no_return,1.7,0,1,0,0
TX105410,CUST000066,344.23,Mobile,COD,29.9,10.6,44,675,8,0,0.0,0,0,1,,,0,0,low,no_return,60.2,1,0,0,0
TX105411,CUST001405,1111.06,Fashion,UPI,26.7,23.4,36,1,5,0,0.0,0,0,0,,,0,0,low,no_return,10.9,0,1,0,0
TX105412,CUST001523,2160.43,Electronics,Debit Card,12.4,23.7,26,255,10,0,0.0,0,0,0,0.1,0.0,0,0,low,defective,22.9,0,0,0,0
TX105413,CUST002677,1523.15,Electronics,Debit Card,18.5,2.5,23,111,8,0,0.0,0,1,0,,,1,0,low,no_return,18.3,1,2,0,0
TX105414,CUST000933,1481.36,Mobile,UPI,9.3,15.3,18,202,6,0,0.0,0,0,0,0.9,0.0,5,0,medium,changed_mind,29.7,0,1,0,1
TX105415,CUST000690,1065.28,Electronics,Credit Card,1.1,3.9,18,510,9,0,0.0,0,0,0,,,0,0,low,no_return,8.6,0,1,0,0
TX105416,CUST001057,2358.44,Fashion,COD,41.4,20.6,42,32,11,2,0.182,0,0,0,,,2,0,low,no_return,6.6,1,3,0,0
TX105417,CUST000512,504.64,Grocery,UPI,8.5,2.3,41,141,8,0,0.0,0,0,0,,,1,0,low,no_return,65.2,0,1,0,0
TX105418,CUST001675,2572.62,Books,UPI,18.5,1.4,26,372,9,0,0.0,0,1,0,,,1,0,low,no_return,12.7,1,3,0,0
TX105419,CUST001928,2602.97,Beauty,COD,0.0,10.2,45,63,9,1,0.111,0,0,0,,,3,0,medium,no_return,15.7,1,2,0,0
TX105420,CUST002403,3378.46,Mobile,COD,23.8,26.8,38,723,7,1,0.143,1,0,0,,,1,0,low,no_return,7.4,0,3,0,0
TX105421,CUST002916,9254.15,Electronics,Debit Card,0.5,1.0,34,372,9,1,0.111,0,0,0,,,3,1,low,no_return,33.7,2,2,0,1
TX105422,CUST000221,317.78,Grocery,Credit Card,35.1,8.4,40,102,4,0,0.0,0,0,0,1.0,0.0,2,0,medium,size_issue,32.5,1,1,0,0
TX105423,CUST000742,2529.42,Sports,UPI,36.6,26.7,38,57,9,0,0.0,0,0,0,,,1,0,low,no_return,43.7,0,1,0,0
TX105424,CUST000902,2852.15,Fashion,COD,21.8,5.0,33,184,7,0,0.0,0,0,0,8.4,7.9,0,0,low,size_issue,37.9,2,2,0,0
TX105425,CUST000749,1113.01,Footwear,UPI,16.4,6.3,29,292,6,1,0.167,0,0,0,,,1,0,low,no_return,13.6,1,1,0,0
TX105426,CUST002482,1595.69,Sports,Net Banking,12.8,12.7,30,106,11,2,0.182,0,0,0,10.3,7.7,2,0,medium,size_issue,9.1,0,1,0,0
TX105427,CUST000419,1299.75,Fashion,COD,14.4,1.9,18,193,8,0,0.0,0,0,0,,,1,0,low,no_return,48.7,1,2,0,0
TX105428,CUST000090,2633.23,Electronics,UPI,19.9,5.0,23,1243,10,3,0.3,0,0,0,,,0,0,high,no_return,32.1,1,2,0,0
TX105429,CUST002581,3611.23,Electronics,Debit Card,16.1,2.9,50,26,5,3,0.6,1,1,0,1.9,1.7,0,1,high,not_as_described_repeated,12.9,1,1,0,1
TX105430,CUST002884,784.28,Footwear,Net Banking,26.8,26.8,23,78,10,0,0.0,0,0,0,2.0,1.1,0,0,low,size_issue,22.1,0,0,0,0
TX105431,CUST000679,2377.77,Fashion,Net Banking,4.0,10.1,18,161,9,0,0.0,0,0,0,10.8,9.5,3,0,low,defective,70.8,0,2,0,0
TX105432,CUST000999,4082.88,Footwear,Debit Card,33.3,29.9,41,140,7,0,0.0,0,0,0,,,4,1,low,no_return,52.9,1,0,0,0
TX105433,CUST001510,1170.19,Electronics,UPI,9.9,16.7,34,103,13,1,0.077,0,0,0,6.1,4.7,1,0,low,not_as_described_repeated,11.7,0,1,0,0
TX105434,CUST001578,273.42,Mobile,Debit Card,6.0,38.0,35,118,12,2,0.167,1,0,1,,,0,0,medium,no_return,15.3,0,0,0,0
TX105435,CUST002972,980.6,Toys,Debit Card,19.4,14.7,30,813,5,2,0.4,2,1,0,1.2,0.0,0,0,low,changed_mind_repeated,20.7,0,1,0,0
TX105436,CUST001213,903.53,Electronics,Debit Card,20.1,17.1,41,644,7,1,0.143,1,0,0,,,1,0,low,no_return,25.5,1,1,0,0
TX105437,CUST000037,1017.77,Electronics,UPI,0.0,13.0,47,148,3,0,0.0,0,0,0,,,3,0,low,no_return,14.7,1,1,0,0
TX105438,CUST001268,5234.22,Toys,Net Banking,9.2,5.8,26,229,4,0,0.0,0,0,0,,,2,1,low,no_return,6.4,0,0,0,0
TX105439,CUST001669,5990.2,Electronics,Credit Card,0.0,4.8,38,515,6,1,0.167,0,2,0,,,2,1,low,no_return,22.4,0,1,0,0
TX105440,CUST001551,4412.93,Fashion,UPI,6.9,13.9,43,106,10,1,0.1,0,0,0,25.1,24.1,1,1,low,defective,25.2,0,1,0,0
TX105441,CUST001537,1501.75,Toys,UPI,7.4,3.0,26,154,3,0,0.0,0,0,0,4.1,3.6,3,0,low,not_needed,28.2,0,2,0,0
TX105442,CUST002767,4518.89,Footwear,UPI,18.6,0.5,47,299,9,1,0.111,1,0,0,,,0,1,medium,no_return,6.4,1,3,0,0
TX105443,CUST002422,348.33,Books,Credit Card,5.5,0.7,43,62,9,0,0.0,0,0,0,13.7,13.5,2,0,low,changed_mind,37.2,2,2,0,0
TX105444,CUST000755,867.11,Footwear,UPI,8.4,2.1,19,105,9,4,0.444,0,2,0,,,3,0,low,no_return,31.9,1,4,0,0
TX105445,CUST001066,3027.0,Sports,Credit Card,30.6,0.5,47,423,13,1,0.077,1,0,0,,,1,0,low,no_return,12.4,0,3,0,0
TX105446,CUST002003,1241.77,Toys,UPI,39.8,4.4,20,259,12,4,0.333,0,0,0,,,2,0,low,no_return,19.9,0,1,0,1
TX105447,CUST001231,788.69,Home,UPI,3.9,16.2,25,203,12,3,0.25,1,0,0,,,2,0,medium,no_return,7.3,0,2,0,0
TX105448,CUST001285,2330.95,Toys,UPI,27.2,28.7,38,648,7,3,0.429,2,1,0,,,1,0,medium,no_return,15.8,0,2,0,0
TX105449,CUST000504,2367.98,Grocery,Credit Card,19.7,0.9,42,179,7,1,0.143,0,1,0,,,2,0,low,no_return,27.5,1,1,0,0
TX105450,CUST000763,2518.87,Sports,Credit Card,0.0,7.9,32,319,7,0,0.0,0,0,0,,,3,0,low,no_return,5.6,1,2,0,0
TX105451,CUST002222,2704.56,Mobile,Credit Card,5.5,2.0,25,1199,9,2,0.222,1,2,0,20.3,19.8,2,0,low,size_issue,26.6,1,1,0,0
TX105452,CUST002528,2256.36,Beauty,COD,0.0,2.8,29,353,11,3,0.273,0,0,0,0.2,0.0,4,0,low,not_as_described,15.5,0,2,0,1
TX105453,CUST002354,1698.43,Grocery,Credit Card,18.9,29.5,28,179,5,0,0.0,0,0,0,,,3,0,low,no_return,27.9,0,2,0,0
TX105454,CUST000924,1911.51,Beauty,Debit Card,2.1,3.7,40,46,11,0,0.0,0,0,0,,,2,0,low,no_return,28.6,0,3,0,0
TX105455,CUST000410,3053.85,Fashion,UPI,16.6,1.2,27,223,8,1,0.125,0,1,0,,,3,0,low,no_return,7.3,0,2,0,1
TX105456,CUST000479,2202.26,Fashion,Credit Card,45.9,3.5,25,119,7,1,0.143,0,0,0,6.9,5.3,0,0,low,changed_mind,17.3,0,1,0,0
TX105457,CUST001180,1337.02,Mobile,UPI,34.1,14.5,18,238,7,0,0.0,0,0,0,0.5,0.0,2,0,low,changed_mind_repeated,28.3,1,2,0,0
TX105458,CUST001553,1100.06,Home,Credit Card,5.8,21.3,26,111,5,1,0.2,0,1,0,,,2,0,low,no_return,16.6,0,2,0,0
TX105459,CUST002678,1900.81,Grocery,Debit Card,2.9,2.8,30,13,7,0,0.0,0,0,0,,,3,0,low,no_return,57.2,1,0,0,0
TX105460,CUST002696,4071.15,Sports,COD,30.5,26.5,20,67,4,0,0.0,0,0,0,1.1,0.1,1,1,low,not_as_described,25.5,0,2,0,0
TX105461,CUST000009,2731.15,Footwear,Debit Card,2.9,10.2,18,6,6,0,0.0,0,1,0,,,0,0,high,no_return,31.0,0,3,0,0
TX105462,CUST002122,4206.83,Books,Credit Card,26.9,6.0,41,41,10,0,0.0,0,0,0,4.5,2.5,1,1,low,changed_mind,29.8,1,1,0,0
TX105463,CUST000896,1484.65,Electronics,UPI,47.8,7.1,21,218,6,0,0.0,0,0,0,,,1,0,medium,no_return,8.9,1,4,0,0
TX105464,CUST000594,2097.19,Home,Wallet,23.1,16.4,18,1113,3,1,0.333,0,1,0,,,2,0,low,no_return,30.5,0,1,0,1
TX105465,CUST001665,2304.42,Books,UPI,29.2,2.0,47,423,11,1,0.091,1,0,0,,,2,0,medium,no_return,26.6,1,0,0,0
TX105466,CUST000102,3143.03,Fashion,UPI,27.8,1.4,40,29,5,0,0.0,0,0,0,1.2,1.0,2,0,medium,defective,8.1,0,0,0,0
TX105467,CUST001002,1486.16,Beauty,UPI,8.3,0.6,42,159,13,0,0.0,0,1,0,,,0,0,low,no_return,47.2,1,2,0,0
TX105468,CUST001657,2726.51,Fashion,Wallet,18.5,4.6,37,887,10,1,0.1,0,1,1,,,1,0,low,no_return,34.1,0,3,0,0
TX105469,CUST000816,3928.23,Electronics,Net Banking,3.5,6.4,45,120,8,0,0.0,0,1,0,,,0,1,medium,no_return,15.2,2,3,0,0
TX105470,CUST001780,1760.59,Mobile,Credit Card,30.5,0.5,40,233,6,0,0.0,0,0,0,6.5,6.2,2,0,low,not_as_described_repeated,20.1,1,0,0,0
TX105471,CUST001380,1005.7,Footwear,UPI,2.0,5.9,28,726,6,0,0.0,0,0,0,,,1,0,medium,no_return,30.4,0,1,0,0
TX105472,CUST002398,4011.29,Books,COD,23.4,13.9,21,225,5,0,0.0,0,0,0,,,0,1,low,no_return,52.9,1,3,0,0
TX105473,CUST000545,2886.2,Fashion,Credit Card,28.6,32.3,19,29,9,1,0.111,0,0,0,,,2,0,low,no_return,46.0,1,0,0,0
TX105474,CUST000172,664.53,Mobile,UPI,9.1,1.2,30,160,10,2,0.2,1,0,0,24.4,21.5,1,0,low,not_as_described_repeated,17.1,0,0,0,0
TX105475,CUST001589,1788.25,Grocery,Credit Card,6.3,7.4,21,1020,11,0,0.0,0,0,0,3.0,1.1,0,0,low,defective,32.3,1,2,0,0
TX105476,CUST000771,5430.68,Mobile,Credit Card,13.0,6.4,24,2559,3,0,0.0,0,1,0,,,1,1,medium,no_return,38.0,0,1,0,0
TX105477,CUST002120,2589.13,Electronics,Credit Card,4.3,14.9,30,2070,11,1,0.091,0,1,0,,,0,0,low,no_return,9.6,0,2,0,0
TX105478,CUST000280,1898.49,Fashion,Debit Card,16.9,1.4,45,258,10,5,0.5,0,0,0,,,1,0,low,no_return,12.3,0,0,0,0
TX105479,CUST001726,918.69,Grocery,COD,4.0,4.1,18,214,4,0,0.0,0,0,0,,,0,0,medium,no_return,21.3,2,2,0,0
TX105480,CUST002969,916.9,Footwear,Debit Card,4.9,18.7,32,418,11,0,0.0,0,0,0,,,2,0,low,no_return,29.0,1,2,0,0
TX105481,CUST000280,3021.86,Fashion,UPI,21.6,7.1,19,295,6,0,0.0,0,0,0,24.4,23.2,1,0,medium,size_issue,11.4,0,4,0,0
TX105482,CUST000906,975.9,Fashion,UPI,22.4,3.0,26,735,8,2,0.25,0,0,0,,,1,0,low,no_return,29.7,1,0,0,1
TX105483,CUST002533,2315.14,Sports,Net Banking,11.5,5.1,41,38,7,0,0.0,0,0,0,,,0,0,medium,no_return,38.7,1,1,0,0
TX105484,CUST001601,1757.12,Mobile,UPI,0.0,17.0,23,221,10,3,0.3,0,1,0,,,0,0,medium,no_return,4.4,1,2,0,0
TX105485,CUST000525,2226.87,Toys,Credit Card,29.1,13.0,29,211,3,1,0.333,0,0,0,,,2,0,low,no_return,17.8,0,2,0,0
TX105486,CUST000640,1658.92,Footwear,UPI,9.6,15.4,33,3,9,1,0.111,0,0,0,,,1,0,low,no_return,19.5,2,3,0,0
TX105487,CUST002294,2513.76,Grocery,UPI,39.7,16.0,39,52,13,2,0.154,1,2,0,19.7,19.4,1,0,medium,changed_mind,9.0,1,2,0,0
TX105488,CUST002582,3365.35,Footwear,Credit Card,13.4,47.9,26,831,5,0,0.0,0,0,0,,,3,0,medium,no_return,22.1,1,3,0,0
TX105489,CUST001082,1677.23,Beauty,UPI,16.6,6.0,44,219,4,0,0.0,0,1,0,,,0,0,low,no_return,23.3,0,2,0,0
TX105490,CUST001422,3183.41,Electronics,Debit Card,9.8,7.7,27,17,6,2,0.333,0,0,0,,,1,0,low,no_return,10.8,0,3,1,0
TX105491,CUST002348,4321.0,Grocery,Credit Card,17.9,8.7,36,665,13,2,0.154,1,0,0,15.2,12.1,1,1,low,not_as_described,47.9,1,3,0,0
TX105492,CUST000531,2302.94,Sports,COD,56.7,3.3,30,552,3,2,0.667,1,0,0,1.6,1.0,2,0,medium,size_issue,33.5,0,1,0,0
TX105493,CUST000619,2973.75,Beauty,Debit Card,10.8,14.4,39,652,6,0,0.0,0,0,0,,,2,0,medium,no_return,30.3,0,1,0,0
TX105494,CUST002323,790.33,Fashion,UPI,30.3,7.0,52,190,14,1,0.071,1,1,0,,,4,0,low,no_return,9.0,1,2,0,0
TX105495,CUST000560,1700.55,Toys,COD,16.1,13.0,29,151,9,1,0.111,1,0,0,,,1,0,low,no_return,53.9,1,1,0,0
TX105496,CUST002312,610.8,Toys,Net Banking,29.1,9.0,31,362,12,0,0.0,0,0,0,0.7,0.0,3,0,medium,not_as_described,11.2,0,2,0,0
TX105497,CUST001491,1316.92,Home,UPI,0.0,7.2,27,46,13,1,0.077,0,0,0,,,0,0,low,no_return,21.7,1,1,0,0
TX105498,CUST002970,1715.15,Footwear,Debit Card,38.3,12.0,26,49,4,0,0.0,0,0,0,,,0,0,low,no_return,46.8,0,3,0,0
TX105499,CUST000099,5719.86,Home,Debit Card,19.1,44.3,25,234,5,2,0.4,2,0,0,,,0,1,high,no_return,36.0,1,1,0,1
TX105500,CUST002837,1110.74,Electronics,Debit Card,11.8,7.4,31,538,7,2,0.286,1,2,0,,,0,0,low,no_return,32.8,1,3,0,0
TX105501,CUST000676,1841.47,Fashion,UPI,25.8,6.3,24,172,6,2,0.333,0,0,0,22.1,21.1,0,0,low,changed_mind,47.2,0,2,0,0
TX105502,CUST000106,977.65,Beauty,UPI,16.7,4.0,24,1437,6,2,0.333,0,0,0,,,1,0,low,no_return,38.2,0,0,0,0
TX105503,CUST002172,1620.73,Electronics,UPI,1.2,9.5,18,405,9,1,0.111,0,1,0,,,0,0,low,no_return,3.9,1,3,0,0
TX105504,CUST001598,2539.97,Books,UPI,0.0,2.3,45,1565,12,4,0.333,1,1,0,4.0,2.5,2,0,low,changed_mind_repeated,24.1,1,1,0,0
TX105505,CUST002512,2803.09,Toys,Credit Card,36.9,14.9,48,340,11,1,0.091,0,0,0,,,2,0,low,no_return,2.2,1,5,0,0
TX105506,CUST000325,1480.88,Sports,Net Banking,12.3,4.2,38,410,6,0,0.0,0,0,0,3.8,2.4,1,0,medium,changed_mind,30.5,1,3,0,0
TX105507,CUST000243,1222.16,Footwear,Credit Card,7.6,8.9,23,474,9,0,0.0,0,0,0,3.7,3.1,0,0,low,changed_mind_repeated,16.7,0,1,1,0
TX105508,CUST001702,4670.6,Mobile,Credit Card,8.6,8.1,19,3000,8,0,0.0,0,1,0,,,1,1,high,no_return,42.1,1,0,0,0
TX105509,CUST002646,1408.24,Home,UPI,32.6,45.3,18,128,6,0,0.0,0,0,0,3.7,1.8,2,0,low,changed_mind,35.9,2,0,0,0
TX105510,CUST001217,390.91,Electronics,Credit Card,9.1,0.7,38,178,6,0,0.0,0,2,0,,,0,0,low,no_return,17.5,0,3,0,0
TX105511,CUST002392,3941.31,Fashion,COD,22.7,8.9,44,110,8,0,0.0,0,0,0,,,3,1,low,no_return,4.3,0,2,0,0
TX105512,CUST002718,457.34,Grocery,COD,11.0,2.8,33,224,8,0,0.0,0,0,0,,,1,0,low,no_return,11.1,1,1,0,0
TX105513,CUST002609,3945.05,Home,Credit Card,0.0,0.9,40,1030,5,1,0.2,0,1,0,,,1,1,low,no_return,26.4,1,4,0,0
TX105514,CUST001526,619.87,Grocery,Credit Card,25.8,3.9,36,244,11,1,0.091,0,0,0,4.5,1.3,2,0,medium,size_issue,20.2,0,1,0,0
TX105515,CUST002095,711.8,Grocery,UPI,28.2,1.1,24,115,11,3,0.273,1,0,0,,,1,0,low,no_return,36.1,1,2,0,1
TX105516,CUST001577,850.01,Sports,Wallet,6.8,2.3,42,105,10,0,0.0,0,0,0,,,2,0,high,no_return,17.6,0,0,0,0
TX105517,CUST002022,1333.1,Electronics,Credit Card,14.5,31.2,41,1469,7,1,0.143,0,0,0,6.8,6.7,2,0,low,changed_mind,13.2,1,3,0,0
TX105518,CUST001701,3968.96,Fashion,Credit Card,16.2,63.1,22,94,5,1,0.2,0,4,0,5.0,2.0,1,1,low,size_issue,23.5,0,1,0,0
TX105519,CUST001575,868.86,Home,Credit Card,20.3,15.8,40,13,6,0,0.0,0,0,0,2.1,1.0,1,0,low,not_as_described_repeated,18.2,1,2,0,0
TX105520,CUST001310,2535.22,Toys,UPI,38.7,3.9,30,346,8,0,0.0,0,0,0,,,3,0,low,no_return,17.4,1,0,0,0
TX105521,CUST001958,2192.38,Grocery,Credit Card,11.1,4.2,29,14,10,1,0.1,0,0,0,,,0,0,low,no_return,59.3,0,2,0,0
TX105522,CUST002253,1953.6,Grocery,Net Banking,11.0,27.8,35,171,3,0,0.0,0,0,0,,,5,0,low,no_return,20.4,0,3,0,0
TX105523,CUST002757,3519.54,Grocery,UPI,12.9,24.5,35,513,8,1,0.125,0,0,1,,,1,1,low,no_return,3.9,0,4,0,0
TX105524,CUST001840,2060.73,Beauty,UPI,3.7,19.6,40,222,7,0,0.0,0,0,0,8.7,4.3,0,0,low,defective,17.7,1,1,0,0
TX105525,CUST000302,2164.66,Electronics,UPI,0.0,24.4,23,90,8,1,0.125,0,0,0,,,3,0,low,no_return,34.0,0,0,0,0
TX105526,CUST001762,2957.12,Fashion,UPI,16.6,5.8,37,120,6,0,0.0,0,0,0,1.3,0.0,2,0,medium,changed_mind_repeated,25.5,1,1,0,0
TX105527,CUST000947,1364.2,Electronics,Wallet,21.3,15.4,20,224,13,0,0.0,0,0,0,,,1,0,low,no_return,20.0,2,1,0,0
TX105528,CUST000081,1853.46,Electronics,COD,15.0,7.7,30,43,11,1,0.091,1,2,0,1.8,0.0,1,0,low,not_as_described_repeated,15.5,0,1,0,0
TX105529,CUST000218,2300.49,Fashion,Net Banking,14.2,2.1,30,100,10,1,0.1,0,1,0,,,2,0,low,no_return,59.2,0,1,0,0
TX105530,CUST001774,3309.3,Toys,Net Banking,4.2,0.5,41,382,7,1,0.143,0,2,0,,,1,0,low,no_return,4.3,0,3,0,0
TX105531,CUST002834,1699.24,Electronics,Debit Card,18.0,23.6,32,56,8,0,0.0,0,0,0,4.0,2.7,1,0,low,changed_mind,46.5,0,4,0,0
TX105532,CUST001517,1832.15,Electronics,Debit Card,17.0,3.1,29,958,5,1,0.2,0,1,1,,,1,0,low,no_return,38.6,0,1,0,0
TX105533,CUST001336,2497.81,Electronics,Credit Card,20.7,3.4,46,9,10,0,0.0,0,0,0,0.9,0.3,1,0,low,changed_mind,40.3,3,1,0,0
TX105534,CUST000266,1720.85,Fashion,Debit Card,18.9,1.3,27,12,10,3,0.3,0,0,0,,,2,0,low,no_return,19.8,1,2,0,0
TX105535,CUST002026,1129.78,Fashion,COD,19.7,9.1,27,242,13,0,0.0,0,0,0,0.5,0.0,0,0,low,not_as_described_repeated,38.2,2,3,0,0
TX105536,CUST000167,2953.82,Electronics,Debit Card,30.8,11.4,18,944,12,0,0.0,0,0,0,,,1,0,low,no_return,18.3,0,1,0,0
TX105537,CUST002523,2068.21,Fashion,Credit Card,21.9,15.7,29,97,8,1,0.125,0,0,0,,,0,0,medium,no_return,71.2,0,1,0,0
TX105538,CUST002449,1435.98,Mobile,Debit Card,20.8,7.9,22,64,6,0,0.0,0,0,0,2.0,1.7,2,0,low,not_as_described_repeated,52.0,1,0,0,0
TX105539,CUST002973,848.86,Fashion,UPI,0.0,21.4,29,78,10,1,0.1,1,0,0,,,2,0,low,no_return,5.8,0,0,0,0
TX105540,CUST000853,464.27,Fashion,Debit Card,27.6,7.4,34,1197,5,0,0.0,0,0,0,0.1,0.0,4,0,low,defective,17.5,1,0,0,0
TX105541,CUST000486,2580.34,Beauty,Credit Card,11.4,3.2,21,14,9,2,0.222,0,0,0,,,0,0,low,no_return,4.6,0,1,0,0
TX105542,CUST000899,1111.46,Fashion,Debit Card,16.0,3.0,23,646,3,0,0.0,0,0,0,,,1,0,medium,no_return,58.9,0,1,0,0
TX105543,CUST002398,592.8,Sports,Credit Card,0.0,12.0,18,1047,7,0,0.0,0,0,0,,,0,0,medium,no_return,34.3,0,2,0,0
TX105544,CUST000657,1020.6,Home,COD,40.1,19.6,26,255,9,1,0.111,0,1,0,2.7,1.2,2,0,medium,size_issue,18.4,0,2,0,0
TX105545,CUST002662,2293.51,Footwear,COD,0.0,49.4,22,117,10,2,0.2,1,1,0,,,1,0,medium,no_return,12.8,1,5,0,1
TX105546,CUST000463,1103.96,Footwear,Credit Card,32.9,22.5,53,406,9,0,0.0,0,1,0,0.4,0.0,1,0,low,changed_mind_repeated,39.1,1,1,0,0
TX105547,CUST000147,2323.51,Books,Credit Card,20.1,101.2,47,53,7,0,0.0,0,0,0,,,2,0,low,no_return,11.8,0,1,0,0
TX105548,CUST000658,1270.73,Fashion,UPI,0.0,12.4,45,249,9,0,0.0,0,0,0,,,3,0,low,no_return,14.7,1,1,0,0
TX105549,CUST002262,1845.74,Beauty,UPI,39.4,17.0,19,113,15,0,0.0,0,1,0,,,1,0,low,no_return,29.7,1,0,0,0
TX105550,CUST001807,1953.1,Fashion,UPI,21.2,11.2,30,70,7,2,0.286,1,0,0,,,0,0,high,no_return,14.9,1,0,0,0
TX105551,CUST001064,2854.17,Toys,COD,0.0,0.5,19,625,2,0,0.0,0,0,0,,,0,0,low,no_return,18.3,1,1,0,0
TX105552,CUST001968,2911.15,Electronics,COD,9.9,21.3,50,599,4,0,0.0,0,0,0,26.8,26.5,0,0,low,changed_mind_repeated,10.2,2,1,0,0
TX105553,CUST001946,1886.19,Grocery,UPI,21.4,8.2,40,151,9,1,0.111,1,0,0,,,0,0,low,no_return,8.7,1,2,0,0
TX105554,CUST001664,950.0,Fashion,Net Banking,35.6,34.6,21,310,11,1,0.091,1,1,0,,,1,0,low,no_return,30.8,2,1,0,0
TX105555,CUST001542,3758.61,Beauty,Credit Card,10.1,0.5,35,333,10,1,0.1,0,0,0,,,1,1,medium,no_return,2.9,0,0,0,0
TX105556,CUST000305,1415.83,Fashion,COD,0.0,27.2,18,4,10,0,0.0,0,0,0,,,2,0,low,no_return,10.4,0,0,0,0
TX105557,CUST000779,299.14,Home,Credit Card,32.5,7.2,30,281,10,0,0.0,0,0,0,,,0,0,low,no_return,50.6,1,0,0,0
TX105558,CUST001583,2238.63,Grocery,COD,21.0,6.2,30,1000,3,0,0.0,0,1,0,4.6,1.4,1,0,low,not_as_described_repeated,51.4,0,1,0,0
TX105559,CUST000406,2297.38,Sports,Credit Card,0.0,3.3,39,296,12,0,0.0,0,0,0,,,2,0,medium,no_return,12.1,0,1,0,0
TX105560,CUST001428,1454.77,Fashion,UPI,19.1,29.6,41,521,8,1,0.125,0,0,0,,,1,0,low,no_return,38.2,0,4,0,0
TX105561,CUST000351,622.52,Electronics,UPI,20.4,3.0,32,599,5,2,0.4,0,1,0,,,1,0,low,no_return,3.1,1,3,0,0
TX105562,CUST002361,531.72,Footwear,Debit Card,11.1,40.5,29,72,6,1,0.167,0,0,0,,,0,0,low,no_return,21.1,0,2,0,0
TX105563,CUST000310,1529.39,Beauty,Net Banking,5.1,3.7,18,88,10,2,0.2,0,0,0,,,2,0,medium,no_return,14.9,2,1,0,0
TX105564,CUST000278,885.23,Grocery,Debit Card,7.7,13.8,47,65,13,2,0.154,0,1,0,3.5,0.0,2,0,low,not_needed,12.9,0,1,0,0
TX105565,CUST001913,3302.24,Beauty,COD,11.1,8.1,25,832,6,0,0.0,0,0,0,,,0,0,medium,no_return,56.7,2,1,0,0
TX105566,CUST000662,1488.96,Grocery,UPI,19.3,9.7,33,61,9,1,0.111,1,0,1,0.5,0.1,2,0,low,changed_mind_repeated,15.4,0,2,0,0
TX105567,CUST001054,1368.02,Grocery,COD,24.5,1.7,54,228,13,0,0.0,0,0,0,5.0,4.5,1,0,low,changed_mind,25.6,0,1,0,0
TX105568,CUST000943,5355.08,Electronics,COD,0.0,8.7,20,832,8,1,0.125,0,1,0,,,2,1,low,no_return,27.8,0,1,0,0
TX105569,CUST000650,330.13,Beauty,Credit Card,18.1,21.8,32,180,5,2,0.4,0,0,0,10.3,7.7,5,0,low,changed_mind,28.8,0,1,0,1
TX105570,CUST002285,1835.12,Beauty,Credit Card,20.9,1.5,36,118,10,0,0.0,0,0,0,,,2,0,low,no_return,15.5,1,1,0,0
TX105571,CUST002075,475.38,Electronics,UPI,17.0,8.4,42,288,6,1,0.167,0,0,0,,,3,0,high,no_return,38.8,2,0,0,1
TX105572,CUST000717,4003.63,Books,UPI,10.1,9.3,32,309,15,0,0.0,0,0,1,0.5,0.0,1,1,high,changed_mind,22.8,2,3,0,0
TX105573,CUST002060,584.46,Fashion,UPI,32.0,24.6,43,550,14,1,0.071,0,2,0,,,2,0,low,no_return,45.5,0,3,1,0
TX105574,CUST002140,2357.33,Electronics,COD,31.1,7.2,27,234,4,0,0.0,0,2,0,,,2,0,medium,no_return,24.0,0,2,0,0
TX105575,CUST001617,2144.97,Toys,COD,10.6,21.0,37,14,10,1,0.1,0,0,0,2.6,0.5,2,0,low,changed_mind_repeated,22.0,1,2,0,0
TX105576,CUST001735,468.48,Footwear,UPI,14.0,0.7,36,532,15,1,0.067,1,0,0,,,1,0,medium,no_return,34.1,2,2,0,0
TX105577,CUST002804,2368.73,Fashion,Net Banking,24.3,14.6,31,6,15,1,0.067,0,0,0,,,3,0,high,no_return,50.4,3,2,0,0
TX105578,CUST001362,1267.0,Grocery,COD,30.4,5.8,35,815,9,0,0.0,0,0,0,,,2,0,low,no_return,10.2,0,2,0,0
TX105579,CUST001156,2667.39,Electronics,Debit Card,5.2,13.9,23,404,6,1,0.167,1,0,0,,,1,0,low,no_return,30.5,1,1,0,0
TX105580,CUST001617,1209.63,Books,Wallet,2.4,6.9,29,36,7,1,0.143,0,0,0,18.3,18.3,0,0,medium,not_needed,16.8,0,3,0,1
TX105581,CUST002507,2374.67,Beauty,Net Banking,18.3,15.1,19,292,8,3,0.375,1,1,1,,,0,0,medium,no_return,38.5,1,1,0,0
TX105582,CUST002129,1715.25,Toys,UPI,1.5,6.1,27,498,8,1,0.125,0,0,0,,,2,0,low,no_return,16.3,1,3,0,0
TX105583,CUST000226,2370.02,Home,Wallet,0.0,2.3,43,56,7,0,0.0,0,0,0,,,0,0,low,no_return,24.2,0,2,0,0
TX105584,CUST001378,2636.02,Home,Credit Card,5.2,11.5,36,141,7,0,0.0,0,0,0,2.6,2.4,0,0,high,not_as_described_repeated,3.8,0,1,0,0
TX105585,CUST002219,1592.2,Footwear,UPI,20.0,3.8,35,282,7,3,0.429,0,1,0,,,1,0,low,no_return,29.2,0,6,0,0
TX105586,CUST000672,1420.03,Electronics,UPI,33.6,1.3,18,243,13,0,0.0,0,0,0,,,0,0,medium,no_return,11.3,0,1,0,0
TX105587,CUST002965,2591.2,Fashion,Debit Card,6.5,5.2,35,380,10,3,0.3,0,0,0,,,1,0,low,no_return,14.0,3,0,0,0
TX105588,CUST002424,1280.26,Home,Wallet,13.5,3.6,31,55,7,0,0.0,0,0,0,,,0,0,low,no_return,22.6,0,0,0,0
TX105589,CUST002539,1614.9,Sports,Credit Card,16.9,5.3,37,1016,4,0,0.0,0,1,1,7.4,7.1,2,0,medium,not_needed,27.3,0,3,0,0
TX105590,CUST000246,4489.68,Electronics,Debit Card,7.2,3.6,45,440,5,0,0.0,0,0,0,,,2,1,high,no_return,13.0,1,1,0,0
TX105591,CUST001739,1848.02,Sports,Credit Card,6.3,2.5,27,134,6,0,0.0,0,0,0,,,1,0,medium,no_return,42.9,1,0,0,1
TX105592,CUST001583,2912.36,Home,COD,19.0,9.5,28,208,11,2,0.182,0,0,0,,,1,0,low,no_return,31.1,1,0,0,0
TX105593,CUST001880,1148.4,Grocery,UPI,0.6,4.9,41,62,12,2,0.167,0,0,0,,,1,0,low,no_return,5.7,0,0,0,0
TX105594,CUST002550,2352.69,Footwear,Debit Card,5.8,9.5,25,271,8,0,0.0,0,0,1,,,1,0,low,no_return,11.6,1,1,0,0
TX105595,CUST001060,1643.37,Home,Debit Card,12.6,5.9,32,291,12,0,0.0,0,0,0,,,1,0,low,no_return,26.9,0,4,0,0
TX105596,CUST001602,1446.06,Sports,UPI,18.9,13.0,18,878,7,1,0.143,0,0,0,1.9,1.2,0,0,low,not_needed,68.3,2,2,0,0
TX105597,CUST002038,442.64,Beauty,Net Banking,0.0,5.5,28,349,5,1,0.2,0,0,0,5.4,4.7,0,0,low,not_as_described_repeated,39.4,0,0,0,0
TX105598,CUST002259,893.35,Electronics,Wallet,13.4,5.0,45,413,9,3,0.333,1,0,0,,,1,0,low,no_return,3.4,2,2,0,0
TX105599,CUST002311,401.38,Toys,Credit Card,0.0,30.0,35,524,17,2,0.118,0,1,1,,,0,0,low,no_return,19.2,1,2,0,0
TX105600,CUST001011,5570.62,Footwear,COD,6.8,36.8,40,641,7,0,0.0,0,0,0,14.7,12.5,3,1,medium,size_issue,13.7,0,0,0,0
TX105601,CUST002994,1701.25,Toys,COD,24.5,0.6,41,583,5,0,0.0,0,0,0,13.1,11.9,1,0,low,not_needed,14.9,0,2,0,0
TX105602,CUST000029,1856.34,Mobile,UPI,14.1,3.3,45,114,6,0,0.0,0,1,0,,,1,0,low,no_return,60.4,1,3,0,0
TX105603,CUST001477,3246.45,Beauty,UPI,35.0,20.2,28,196,10,0,0.0,0,1,0,,,0,0,low,no_return,22.3,1,5,0,0
TX105604,CUST001826,2210.48,Grocery,Debit Card,14.1,54.8,41,39,7,1,0.143,1,1,0,,,0,0,medium,no_return,24.7,1,2,0,0
TX105605,CUST000184,1439.38,Fashion,Debit Card,26.6,20.3,54,92,7,0,0.0,0,1,0,,,2,0,low,no_return,46.6,0,0,0,0
TX105606,CUST001354,1449.31,Mobile,Debit Card,24.5,11.4,31,430,7,0,0.0,0,0,0,,,1,0,low,no_return,20.6,1,3,0,0
TX105607,CUST001787,843.33,Sports,Debit Card,14.8,4.2,18,379,12,2,0.167,1,0,0,,,1,0,low,no_return,16.8,1,2,0,0
TX105608,CUST001823,2479.85,Fashion,COD,0.0,14.3,26,18,7,0,0.0,0,0,0,3.2,1.0,1,0,low,changed_mind,59.4,0,1,0,0
TX105609,CUST000357,2536.79,Toys,UPI,13.7,18.5,36,267,10,0,0.0,0,0,0,,,1,0,low,no_return,19.7,2,1,1,0
TX105610,CUST000833,1871.44,Sports,UPI,8.6,13.9,18,147,14,0,0.0,0,0,0,9.7,8.0,1,0,low,changed_mind_repeated,29.5,1,1,0,1
TX105611,CUST000735,1671.81,Mobile,UPI,8.1,24.1,24,99,7,0,0.0,0,0,0,,,2,0,low,no_return,16.0,4,1,0,0
TX105612,CUST001920,2551.64,Books,Credit Card,16.9,15.1,28,300,7,2,0.286,0,0,0,,,2,0,low,no_return,13.8,1,1,0,0
TX105613,CUST000987,829.15,Footwear,COD,0.0,31.4,33,48,8,0,0.0,0,0,0,6.7,3.7,0,0,low,changed_mind_repeated,16.8,1,0,0,0
TX105614,CUST001714,2288.31,Sports,COD,4.5,42.8,49,705,8,2,0.25,0,0,0,,,0,0,low,no_return,19.3,0,1,0,0
TX105615,CUST002193,4644.74,Beauty,Credit Card,2.9,1.0,38,96,11,0,0.0,0,0,0,,,0,1,low,no_return,34.2,0,1,0,0
TX105616,CUST002392,1172.2,Books,Debit Card,11.9,4.1,20,391,3,0,0.0,0,0,0,,,2,0,medium,no_return,49.7,0,2,0,0
TX105617,CUST000552,1565.15,Electronics,UPI,5.8,15.6,70,56,3,0,0.0,0,2,0,0.5,0.1,3,0,medium,size_issue,34.2,0,0,0,0
TX105618,CUST002710,3896.35,Electronics,Credit Card,6.6,0.5,31,56,9,1,0.111,0,0,0,9.7,9.7,3,1,medium,not_needed,10.1,0,0,0,0
TX105619,CUST000498,1873.49,Mobile,Net Banking,16.6,4.8,18,653,9,0,0.0,0,0,0,,,3,0,low,no_return,31.1,1,1,0,0
TX105620,CUST000066,3058.74,Footwear,UPI,9.7,3.7,21,150,16,1,0.062,0,0,0,1.2,1.1,2,0,low,not_needed,14.5,0,1,0,0
TX105621,CUST000135,2375.3,Mobile,COD,15.1,0.9,21,62,9,3,0.333,1,0,0,22.4,21.2,0,0,low,defective,23.5,1,0,0,1
TX105622,CUST000603,2503.73,Electronics,UPI,1.6,20.8,18,36,16,4,0.25,0,0,0,,,1,0,low,no_return,41.1,1,2,0,0
TX105623,CUST002619,1126.86,Fashion,Credit Card,5.1,6.0,37,382,7,2,0.286,1,0,0,,,0,0,low,no_return,11.3,0,2,0,0
TX105624,CUST000624,1102.26,Footwear,Debit Card,39.5,2.0,18,727,6,0,0.0,0,0,0,,,1,0,low,no_return,1.7,0,0,0,0
TX105625,CUST002080,2805.78,Electronics,COD,6.6,23.3,41,678,10,2,0.2,0,1,0,,,1,0,low,no_return,28.3,0,2,0,0
TX105626,CUST001256,662.62,Home,Debit Card,0.0,1.9,40,32,6,0,0.0,0,0,0,,,2,0,low,no_return,54.3,1,4,0,0
TX105627,CUST000120,1613.43,Home,Net Banking,19.1,13.0,27,37,9,1,0.111,0,0,0,,,1,0,medium,no_return,8.0,0,1,0,0
TX105628,CUST001332,2553.53,Footwear,COD,6.5,1.6,41,140,9,1,0.111,0,0,0,,,3,0,low,no_return,58.9,0,2,0,0
TX105629,CUST000085,1559.84,Beauty,Debit Card,17.9,0.6,21,938,8,0,0.0,0,0,0,,,1,0,high,no_return,35.0,2,5,0,0
TX105630,CUST001429,1682.92,Fashion,Credit Card,13.9,4.2,23,48,10,0,0.0,0,0,0,,,0,0,low,no_return,29.5,0,1,0,0
TX105631,CUST001676,3154.83,Beauty,Credit Card,21.6,24.0,37,106,12,4,0.333,0,4,1,,,1,0,low,no_return,10.7,2,1,0,1
TX105632,CUST001564,4192.53,Electronics,Debit Card,13.8,14.6,29,24,9,1,0.111,0,0,0,,,1,1,medium,no_return,54.1,0,1,0,0
TX105633,CUST000848,6959.53,Books,Debit Card,12.3,7.4,25,418,9,0,0.0,0,0,0,,,1,1,low,no_return,56.0,0,2,0,0
TX105634,CUST002299,3968.65,Grocery,Credit Card,28.8,39.2,30,66,5,0,0.0,0,0,0,,,2,1,medium,no_return,12.3,1,1,0,0
TX105635,CUST001790,1348.41,Sports,Credit Card,0.0,20.4,45,228,11,5,0.455,1,1,0,,,3,0,low,no_return,18.1,0,1,0,1
TX105636,CUST000765,996.54,Home,UPI,0.0,5.3,44,2,4,0,0.0,0,1,0,0.3,0.0,2,0,medium,size_issue,17.8,0,1,1,0
TX105637,CUST001304,1361.23,Fashion,UPI,5.1,0.7,36,489,12,0,0.0,0,1,0,,,2,0,medium,no_return,50.6,0,3,0,1
TX105638,CUST000326,2581.04,Electronics,Credit Card,0.0,0.5,28,650,9,0,0.0,0,0,0,3.4,3.1,1,0,low,changed_mind_repeated,54.5,0,0,0,0
TX105639,CUST002770,1457.07,Mobile,COD,9.2,23.8,37,723,7,0,0.0,0,0,0,,,2,0,low,no_return,19.2,1,0,0,0
TX105640,CUST002259,1157.39,Home,COD,8.1,29.3,23,73,14,0,0.0,0,1,0,0.4,0.3,0,0,low,not_as_described,18.9,0,0,0,0
TX105641,CUST000864,4512.56,Beauty,Wallet,26.7,8.1,43,360,7,1,0.143,1,0,0,,,1,1,low,no_return,3.4,2,3,0,0
TX105642,CUST002025,1425.46,Home,Debit Card,13.9,11.5,41,52,2,0,0.0,0,0,0,,,2,0,low,no_return,36.7,1,4,0,0
TX105643,CUST002037,2453.06,Mobile,UPI,12.4,0.5,51,775,9,0,0.0,0,0,0,,,1,0,low,no_return,33.7,0,1,0,0
TX105644,CUST001829,2411.97,Toys,Debit Card,10.4,14.0,23,320,7,0,0.0,0,0,0,16.3,14.4,1,0,low,changed_mind_repeated,14.9,1,3,0,0
TX105645,CUST000163,450.78,Electronics,COD,2.4,13.5,22,870,5,0,0.0,0,0,0,,,1,0,low,no_return,13.3,2,0,0,0
TX105646,CUST002635,4342.51,Sports,Debit Card,25.7,9.5,37,608,8,0,0.0,0,0,0,,,2,1,low,no_return,57.7,1,0,0,0
TX105647,CUST002867,793.28,Beauty,Credit Card,29.5,22.0,29,406,14,2,0.143,0,0,1,4.6,1.8,1,0,medium,not_needed,22.6,0,2,1,0
TX105648,CUST002922,615.91,Toys,Debit Card,0.5,27.3,41,654,10,1,0.1,0,0,0,,,1,0,high,no_return,12.9,2,2,0,0
TX105649,CUST002942,1317.3,Mobile,UPI,34.4,20.5,45,43,3,2,0.667,1,0,0,,,2,0,low,no_return,53.8,0,1,0,0
TX105650,CUST002786,1006.51,Books,UPI,6.9,17.5,49,141,13,0,0.0,0,0,0,,,2,0,medium,no_return,32.2,2,4,0,0
TX105651,CUST002217,3919.6,Footwear,UPI,6.0,2.6,32,203,11,0,0.0,0,0,0,,,1,1,low,no_return,12.2,0,2,0,0
TX105652,CUST000171,2187.27,Beauty,Credit Card,20.7,25.4,40,346,6,0,0.0,0,0,0,,,0,0,low,no_return,13.4,1,1,0,0
TX105653,CUST001396,1234.83,Home,Net Banking,21.7,1.5,26,5,4,0,0.0,0,0,0,6.4,4.9,0,0,low,not_needed,14.0,2,2,0,0
TX105654,CUST000736,598.94,Grocery,UPI,14.1,0.5,34,250,10,1,0.1,0,0,0,4.5,2.4,1,0,low,not_as_described,19.8,2,2,0,0
TX105655,CUST000660,2354.83,Books,UPI,10.8,6.9,31,670,13,0,0.0,0,0,0,0.2,0.0,2,0,medium,changed_mind,27.9,0,3,0,1
TX105656,CUST002492,1515.05,Fashion,COD,29.1,26.1,30,294,8,0,0.0,0,0,0,,,2,0,low,no_return,6.3,1,0,0,0
TX105657,CUST002437,2564.79,Beauty,Net Banking,7.5,8.3,50,828,11,0,0.0,0,0,0,,,1,0,medium,no_return,21.0,2,6,0,0
TX105658,CUST001566,2196.44,Electronics,Debit Card,14.2,3.9,18,95,7,0,0.0,0,0,0,,,1,0,medium,no_return,21.5,0,1,0,0
TX105659,CUST002209,1029.89,Fashion,Credit Card,35.3,8.1,31,163,14,0,0.0,0,0,0,,,2,0,low,no_return,33.8,0,1,0,0
TX105660,CUST000388,2776.51,Footwear,Credit Card,0.0,0.7,32,653,10,0,0.0,0,0,0,,,1,0,low,no_return,27.4,1,1,0,0
TX105661,CUST000666,727.94,Electronics,Debit Card,9.5,10.5,38,103,9,1,0.111,0,0,0,,,0,0,low,no_return,21.0,2,5,0,0
TX105662,CUST002581,1471.22,Toys,COD,27.3,7.2,21,289,10,3,0.3,0,1,0,,,1,0,low,no_return,10.8,0,6,0,1
TX105663,CUST001354,1608.97,Home,UPI,21.3,10.7,29,752,11,0,0.0,0,0,0,1.3,0.6,2,0,low,not_as_described,25.1,0,2,0,0
TX105664,CUST001640,1758.97,Grocery,Net Banking,25.7,0.5,26,534,3,1,0.333,0,0,0,1.3,1.2,0,0,low,not_as_described_repeated,18.0,2,1,0,1
TX105665,CUST001388,696.11,Footwear,Debit Card,0.0,35.0,18,271,6,1,0.167,1,0,0,6.7,5.4,0,0,medium,changed_mind,22.0,0,1,0,0
TX105666,CUST000607,3798.07,Toys,COD,18.9,6.4,43,21,9,1,0.111,1,1,0,,,0,1,low,no_return,18.2,0,1,0,0
TX105667,CUST002479,1028.14,Toys,UPI,11.6,5.1,18,2117,8,2,0.25,0,0,0,,,3,0,low,no_return,50.7,0,1,0,1
TX105668,CUST002275,504.39,Fashion,Net Banking,42.3,1.9,18,158,9,0,0.0,0,0,1,,,0,0,low,no_return,63.1,0,4,0,0
TX105669,CUST002051,2241.85,Home,Debit Card,24.7,5.4,41,292,8,0,0.0,0,0,0,,,2,0,low,no_return,11.7,1,2,0,0
TX105670,CUST001060,5521.91,Books,Credit Card,14.7,23.2,28,7,9,3,0.333,1,2,0,,,0,1,medium,no_return,11.8,0,5,0,1
TX105671,CUST001929,449.17,Toys,Credit Card,18.4,25.8,28,125,14,1,0.071,0,0,0,,,3,0,low,no_return,18.2,1,0,0,0
TX105672,CUST002859,887.25,Toys,UPI,15.7,10.7,29,139,6,1,0.167,0,1,0,,,1,0,low,no_return,33.5,0,0,0,0
TX105673,CUST001949,3180.88,Books,UPI,23.4,3.5,42,820,5,0,0.0,0,1,0,,,1,0,low,no_return,29.7,2,2,0,0
TX105674,CUST001483,1842.58,Fashion,UPI,4.7,16.4,26,16,7,0,0.0,0,0,0,8.4,7.4,3,0,low,not_as_described_repeated,33.2,0,0,0,0
TX105675,CUST000812,715.54,Fashion,UPI,31.4,2.8,37,764,11,0,0.0,0,0,0,3.1,1.6,0,0,low,defective,6.3,0,0,0,0
TX105676,CUST001568,1600.15,Mobile,Credit Card,0.0,8.2,20,735,7,0,0.0,0,0,0,9.6,7.5,1,0,medium,not_as_described_repeated,13.0,1,2,0,0
TX105677,CUST001115,4708.39,Sports,Debit Card,17.5,20.0,35,287,3,0,0.0,0,0,0,,,3,1,medium,no_return,9.9,0,2,0,0
TX105678,CUST001834,4055.6,Books,COD,5.1,14.5,41,14,13,2,0.154,1,1,0,10.8,10.4,3,1,low,not_needed,8.3,2,1,0,0
TX105679,CUST000137,7777.08,Sports,Debit Card,15.5,5.3,46,85,5,0,0.0,0,0,0,,,1,1,low,no_return,27.7,0,3,0,0
TX105680,CUST000571,2858.24,Footwear,UPI,26.9,10.3,18,511,9,0,0.0,0,1,0,,,1,0,low,no_return,3.6,1,0,0,0
TX105681,CUST002361,1289.64,Footwear,Credit Card,0.0,41.6,29,334,5,1,0.2,0,0,0,3.4,3.4,2,0,low,changed_mind_repeated,56.5,1,2,0,1
TX105682,CUST001142,3144.73,Fashion,Debit Card,13.0,20.8,47,265,12,0,0.0,0,0,0,1.7,0.0,0,0,low,changed_mind_repeated,27.8,0,1,0,0
TX105683,CUST001299,1106.79,Footwear,COD,0.0,4.2,41,1004,8,1,0.125,0,0,0,,,3,0,low,no_return,33.6,1,1,0,0
TX105684,CUST001632,1691.95,Fashion,Credit Card,11.6,8.3,30,849,4,0,0.0,0,0,0,0.0,0.0,1,0,high,size_issue,32.8,0,1,0,0
TX105685,CUST001315,1112.72,Home,Net Banking,0.0,8.3,32,335,9,1,0.111,0,0,0,,,3,0,medium,no_return,5.2,1,1,0,0
TX105686,CUST002276,2850.61,Footwear,COD,16.9,0.5,34,425,12,0,0.0,0,0,0,,,1,0,low,no_return,10.6,1,3,0,0
TX105687,CUST000736,2690.88,Fashion,Net Banking,9.9,4.6,28,324,9,0,0.0,0,0,0,,,3,0,medium,no_return,38.7,0,3,0,0
TX105688,CUST002275,1181.29,Fashion,Debit Card,24.0,3.1,37,119,12,1,0.083,0,0,0,2.4,2.2,3,0,low,not_as_described_repeated,20.6,0,3,0,0
TX105689,CUST000629,3608.56,Grocery,Credit Card,29.7,6.0,36,247,9,1,0.111,0,0,0,20.6,20.4,3,1,medium,changed_mind,35.4,2,3,0,0
TX105690,CUST001112,4336.69,Mobile,Net Banking,15.1,6.9,20,174,9,2,0.222,0,1,0,,,2,1,low,no_return,42.1,0,0,0,0
TX105691,CUST001763,1298.23,Electronics,Net Banking,25.7,3.4,27,1746,8,0,0.0,0,0,0,,,2,0,low,no_return,0.9,0,0,0,0
TX105692,CUST002658,2383.91,Grocery,COD,31.6,12.8,27,889,6,0,0.0,0,1,0,,,3,0,low,no_return,13.7,2,0,0,0
TX105693,CUST000698,4503.98,Beauty,Net Banking,3.9,2.5,29,169,9,1,0.111,1,3,0,1.3,0.3,2,1,low,changed_mind_repeated,17.8,0,0,0,1
TX105694,CUST001762,2249.44,Home,Net Banking,32.2,14.3,34,294,6,0,0.0,0,0,0,,,1,0,low,no_return,20.4,2,0,0,0
TX105695,CUST000193,1473.3,Books,COD,14.6,6.4,33,153,7,0,0.0,0,0,0,3.7,3.5,1,0,low,not_needed,45.3,0,3,0,0
TX105696,CUST000227,1738.17,Sports,UPI,3.3,3.6,24,871,10,0,0.0,0,0,0,,,4,0,low,no_return,17.9,2,3,0,0
TX105697,CUST002302,1287.28,Toys,Debit Card,18.6,6.3,45,224,7,0,0.0,0,0,0,,,1,0,low,no_return,40.2,2,2,0,0
TX105698,CUST002157,3679.11,Books,Debit Card,14.1,10.1,32,9,7,0,0.0,0,0,0,,,1,1,low,no_return,37.6,2,1,0,0
TX105699,CUST001130,3399.01,Mobile,COD,0.0,1.8,46,119,8,0,0.0,0,1,0,10.4,10.0,2,0,low,not_as_described,31.8,0,1,0,0
TX105700,CUST001869,6188.77,Toys,Credit Card,1.8,2.9,46,98,5,1,0.2,0,1,0,1.3,0.6,1,1,medium,not_as_described,20.7,1,0,0,0
TX105701,CUST001141,1087.67,Electronics,Credit Card,34.6,9.2,21,82,10,1,0.1,0,0,0,,,0,0,low,no_return,23.2,0,2,0,0
TX105702,CUST000832,1233.5,Toys,Wallet,18.3,4.9,27,72,7,0,0.0,0,0,0,1.6,1.3,3,0,low,size_issue,25.6,0,3,0,0
TX105703,CUST001294,622.93,Grocery,Credit Card,32.8,10.4,27,278,4,1,0.25,0,0,0,0.9,0.0,0,0,low,not_as_described,11.0,0,2,0,1
TX105704,CUST000936,2593.26,Electronics,UPI,10.0,20.0,35,46,11,1,0.091,0,0,0,,,2,0,medium,no_return,24.9,0,0,0,0
TX105705,CUST002445,808.35,Sports,COD,5.4,0.7,39,142,10,1,0.1,0,0,0,,,1,0,low,no_return,8.2,1,1,0,0
TX105706,CUST001235,5994.56,Books,Credit Card,0.0,9.3,33,592,10,1,0.1,0,1,0,,,0,1,low,no_return,14.3,1,1,0,0
TX105707,CUST000963,1006.77,Fashion,UPI,26.6,23.6,26,63,3,0,0.0,0,1,0,,,2,0,low,no_return,15.4,1,2,0,0
TX105708,CUST001608,427.73,Home,Debit Card,19.9,3.8,48,396,9,0,0.0,0,0,0,1.2,1.0,1,0,medium,defective,6.7,1,1,0,0
TX105709,CUST002274,786.19,Sports,Wallet,10.1,13.6,27,473,10,2,0.2,0,1,1,9.2,1.5,0,0,low,size_issue,48.5,1,4,0,0
TX105710,CUST000821,2204.55,Home,Credit Card,5.5,6.9,39,140,3,0,0.0,0,1,0,2.5,2.2,0,0,medium,not_as_described,17.6,1,4,0,0
TX105711,CUST002818,1721.46,Footwear,Credit Card,28.5,2.5,31,954,9,0,0.0,0,0,0,10.2,6.9,0,0,medium,changed_mind,30.0,1,0,0,0
TX105712,CUST001391,991.81,Fashion,Credit Card,12.9,12.7,31,100,4,1,0.25,0,0,1,,,2,0,low,no_return,13.3,3,1,0,0
TX105713,CUST001982,1664.46,Toys,Debit Card,13.0,22.9,38,653,10,2,0.2,1,2,0,,,0,0,low,no_return,32.0,1,1,0,0
TX105714,CUST002871,1199.23,Toys,Credit Card,7.8,3.2,47,98,5,0,0.0,0,1,0,,,0,0,low,no_return,39.5,1,0,0,0
TX105715,CUST001295,2552.69,Home,Credit Card,10.1,0.5,35,83,6,0,0.0,0,0,0,0.9,0.0,1,0,low,not_as_described_repeated,12.6,0,3,0,0
TX105716,CUST000600,830.8,Beauty,COD,21.6,2.5,27,27,11,0,0.0,0,2,0,,,1,0,medium,no_return,28.3,1,4,0,0
TX105717,CUST002243,2003.49,Electronics,Wallet,0.0,22.0,46,551,11,1,0.091,1,1,0,,,2,0,low,no_return,54.1,0,3,0,0
TX105718,CUST000020,2059.4,Fashion,Credit Card,16.0,5.2,36,188,7,0,0.0,0,0,0,,,4,0,low,no_return,2.8,1,2,0,0
TX105719,CUST001374,1757.51,Beauty,Debit Card,26.5,7.4,33,119,7,1,0.143,0,0,0,,,2,0,high,no_return,49.7,1,2,0,0
TX105720,CUST002939,2359.74,Fashion,COD,14.0,5.8,42,519,9,3,0.333,1,1,1,2.5,1.6,3,0,high,changed_mind_repeated,36.9,0,1,0,0
TX105721,CUST001243,1652.04,Toys,UPI,27.7,26.5,35,947,9,1,0.111,0,0,0,4.2,1.5,1,0,low,not_as_described,23.9,1,1,0,0
TX105722,CUST002052,2831.03,Grocery,COD,31.1,14.6,56,1027,6,0,0.0,0,0,0,,,2,0,low,no_return,52.8,0,2,0,0
TX105723,CUST001576,1756.48,Electronics,Credit Card,25.8,3.2,32,376,7,0,0.0,0,0,0,,,1,0,low,no_return,9.6,1,0,1,0
TX105724,CUST000644,3780.86,Home,UPI,8.6,15.4,43,604,10,2,0.2,0,1,0,,,2,1,low,no_return,28.5,1,4,0,1
TX105725,CUST000953,1996.55,Footwear,UPI,14.6,1.0,36,123,10,1,0.1,0,0,0,6.1,5.7,3,0,low,size_issue,7.6,1,3,0,0
TX105726,CUST001571,3632.53,Fashion,UPI,19.1,11.0,36,5,12,0,0.0,0,0,0,,,3,1,low,no_return,3.1,0,1,0,0
TX105727,CUST000313,1215.54,Books,COD,9.4,3.8,28,49,8,0,0.0,0,0,0,,,1,0,low,no_return,27.4,0,1,0,0
TX105728,CUST001245,900.0,Electronics,Debit Card,9.0,5.3,28,464,8,1,0.125,0,1,0,,,6,0,low,no_return,12.9,0,2,0,0
TX105729,CUST001245,2817.62,Mobile,COD,8.2,2.7,36,2081,13,0,0.0,0,0,0,2.9,1.5,1,0,medium,not_as_described,7.6,0,1,0,0
TX105730,CUST002504,1777.94,Home,COD,45.5,7.0,23,2866,6,0,0.0,0,0,0,,,3,0,low,no_return,48.3,0,5,0,0
TX105731,CUST000372,336.16,Beauty,Credit Card,11.7,2.6,26,32,9,1,0.111,0,2,0,,,2,0,medium,no_return,55.3,0,0,0,1
TX105732,CUST002528,1072.28,Sports,Net Banking,27.8,0.5,32,106,14,1,0.071,0,1,0,18.8,17.9,0,0,low,changed_mind_repeated,6.7,0,3,0,0
TX105733,CUST001231,2211.52,Home,Net Banking,4.6,25.9,44,15,7,1,0.143,0,0,0,16.9,16.0,2,0,high,not_as_described,7.3,0,0,0,0
TX105734,CUST001954,1676.96,Books,Credit Card,35.4,19.0,32,807,12,0,0.0,0,0,0,,,1,0,medium,no_return,6.5,1,2,0,0
TX105735,CUST001671,1039.49,Electronics,COD,10.5,7.4,32,91,8,0,0.0,0,0,0,,,2,0,low,no_return,29.1,0,3,1,0
TX105736,CUST000900,1768.08,Fashion,COD,15.6,1.9,21,161,2,0,0.0,0,0,0,,,1,0,low,no_return,6.2,1,0,0,0
TX105737,CUST002792,1963.59,Fashion,Credit Card,0.0,4.7,48,74,6,0,0.0,0,0,0,,,1,0,low,no_return,41.2,0,1,0,0
TX105738,CUST000674,506.14,Grocery,UPI,28.4,17.1,43,3,7,0,0.0,0,0,0,6.0,4.8,2,0,low,size_issue,44.4,1,4,0,0
TX105739,CUST000109,3570.07,Footwear,Credit Card,31.0,5.9,44,165,11,1,0.091,0,0,0,2.7,2.5,0,1,low,size_issue,16.2,0,2,0,0
TX105740,CUST002250,4081.58,Electronics,Wallet,0.8,18.8,18,4,16,0,0.0,0,0,0,11.8,6.4,2,1,low,size_issue,15.6,0,3,0,0
TX105741,CUST001864,1068.27,Footwear,COD,29.1,5.0,35,479,6,0,0.0,0,0,0,3.8,1.7,4,0,medium,size_issue,38.9,0,5,0,0
TX105742,CUST002671,5406.0,Toys,COD,0.0,8.3,22,248,10,6,0.6,0,0,0,,,1,1,high,no_return,32.2,3,1,0,0
TX105743,CUST001373,1687.37,Electronics,Net Banking,22.6,18.4,39,54,6,0,0.0,0,0,0,,,1,0,low,no_return,9.0,0,4,0,0
TX105744,CUST000051,1154.12,Electronics,UPI,11.5,7.4,35,770,3,0,0.0,0,0,0,,,2,0,low,no_return,4.6,0,1,0,0
TX105745,CUST000061,1130.12,Home,Wallet,31.0,5.1,37,703,4,0,0.0,0,0,0,,,1,0,high,no_return,32.3,1,1,0,0
TX105746,CUST001300,5183.98,Electronics,Credit Card,18.0,7.8,24,203,9,2,0.222,0,0,0,,,2,1,low,no_return,18.0,0,3,0,0
TX105747,CUST000749,842.74,Books,COD,26.2,27.9,21,36,4,0,0.0,0,0,0,0.4,0.0,2,0,medium,size_issue,24.9,0,2,0,0
TX105748,CUST002766,1991.21,Beauty,Credit Card,29.9,25.1,25,9,3,0,0.0,0,1,0,0.6,0.2,1,0,low,defective,18.6,0,1,0,0
TX105749,CUST000356,2151.84,Home,Credit Card,11.5,2.1,35,470,3,0,0.0,0,1,0,,,1,0,medium,no_return,55.5,0,2,0,0
TX105750,CUST002642,2829.71,Books,Credit Card,14.7,6.7,29,806,11,2,0.182,0,0,0,,,3,0,low,no_return,32.7,2,4,0,0
TX105751,CUST000651,1887.57,Fashion,Credit Card,1.7,16.2,34,65,13,2,0.154,1,2,0,6.0,5.9,0,0,low,size_issue,45.8,2,0,0,0
TX105752,CUST000359,4952.64,Footwear,UPI,11.4,0.5,21,1031,7,0,0.0,0,1,0,2.0,1.9,1,1,low,changed_mind_repeated,27.0,1,1,0,0
TX105753,CUST000824,5537.32,Grocery,Credit Card,38.1,3.9,31,457,5,1,0.2,1,1,0,,,2,1,low,no_return,6.0,0,4,0,0
TX105754,CUST000433,4262.92,Home,Debit Card,24.1,0.6,45,409,9,1,0.111,0,0,0,,,1,1,low,no_return,14.1,1,1,0,0
TX105755,CUST001204,2291.66,Beauty,Net Banking,2.5,31.7,35,67,9,0,0.0,0,0,0,0.5,0.1,2,0,medium,not_needed,47.3,0,2,0,0
TX105756,CUST000992,3206.54,Fashion,UPI,34.6,21.0,35,895,10,0,0.0,0,0,0,,,3,0,low,no_return,20.4,0,0,0,0
TX105757,CUST001587,1458.16,Mobile,UPI,19.7,1.3,36,763,5,0,0.0,0,0,0,,,1,0,low,no_return,29.4,0,2,0,0
TX105758,CUST001611,3653.11,Home,Debit Card,25.0,5.3,26,29,8,0,0.0,0,0,0,,,1,1,medium,no_return,51.5,0,0,0,0
TX105759,CUST000003,1201.36,Footwear,Debit Card,20.9,14.4,48,86,7,2,0.286,0,0,0,,,2,0,medium,no_return,14.4,1,2,0,0
TX105760,CUST000375,945.45,Mobile,Debit Card,20.0,3.6,35,892,6,1,0.167,1,0,0,21.2,20.0,2,0,low,changed_mind_repeated,14.7,1,1,0,0
TX105761,CUST000486,926.67,Beauty,Wallet,0.0,12.7,33,917,9,0,0.0,0,0,0,,,3,0,low,no_return,40.6,0,3,0,0
TX105762,CUST000584,2594.3,Books,UPI,28.3,4.3,38,147,8,2,0.25,0,0,0,1.7,1.2,2,0,low,changed_mind_repeated,38.7,0,4,0,1
TX105763,CUST000281,4579.98,Sports,Credit Card,0.0,19.1,41,12,9,3,0.333,0,1,0,,,2,1,low,no_return,38.1,1,0,0,0
TX105764,CUST000944,4808.34,Electronics,Net Banking,27.2,2.3,19,472,11,0,0.0,0,0,0,,,2,1,low,no_return,22.9,0,0,0,0
TX105765,CUST001649,352.69,Mobile,Debit Card,16.2,10.7,32,236,6,3,0.5,1,0,0,,,0,0,low,no_return,30.6,1,1,0,0
TX105766,CUST000927,3331.44,Home,Debit Card,25.0,8.9,54,180,9,1,0.111,1,0,0,,,3,0,low,no_return,66.3,0,1,0,0
TX105767,CUST000987,901.05,Footwear,Net Banking,16.9,2.3,48,892,8,2,0.25,0,0,0,2.0,0.0,2,0,low,size_issue,7.9,0,2,0,1
TX105768,CUST001409,6894.25,Grocery,Credit Card,27.5,15.0,30,109,11,1,0.091,0,0,0,,,1,1,low,no_return,19.1,2,1,0,0
TX105769,CUST001645,706.02,Electronics,UPI,15.2,3.6,39,617,5,0,0.0,0,0,0,,,2,0,low,no_return,26.4,1,2,0,0
TX105770,CUST000993,513.6,Home,UPI,18.4,2.0,28,190,10,2,0.2,1,0,0,,,0,0,medium,no_return,37.8,0,2,0,0
TX105771,CUST000666,3374.47,Fashion,COD,19.9,19.9,35,160,6,0,0.0,0,0,0,,,0,0,low,no_return,61.3,3,2,0,0
TX105772,CUST001228,1398.28,Fashion,Net Banking,37.5,3.0,27,1431,10,2,0.2,0,0,0,,,1,0,low,no_return,32.6,0,0,0,0
TX105773,CUST000073,1342.54,Books,UPI,22.2,36.7,27,18,13,2,0.154,0,0,0,,,0,0,low,no_return,29.9,0,1,0,0
TX105774,CUST001478,1056.57,Electronics,Credit Card,0.0,12.5,26,444,9,1,0.111,0,0,0,,,1,0,low,no_return,16.5,2,1,0,1
TX105775,CUST002824,1185.41,Mobile,Debit Card,8.2,52.0,48,101,8,1,0.125,0,0,0,0.9,0.2,3,0,low,not_as_described,15.8,2,2,0,1
TX105776,CUST001194,3468.31,Home,UPI,22.2,14.6,27,1508,10,0,0.0,0,1,0,,,0,1,low,no_return,63.3,0,0,0,0
TX105777,CUST000325,924.55,Beauty,COD,30.1,0.5,43,15,6,2,0.333,1,0,0,,,2,0,low,no_return,9.8,0,1,0,0
TX105778,CUST002121,1643.93,Fashion,Credit Card,6.3,21.5,27,540,4,0,0.0,0,0,0,,,1,0,low,no_return,19.7,0,5,0,0
TX105779,CUST000381,856.67,Electronics,Net Banking,41.9,49.1,26,188,11,1,0.091,1,0,0,4.3,2.5,0,0,low,defective,13.8,0,0,0,0
TX105780,CUST000581,1941.47,Sports,COD,17.1,8.0,35,85,7,1,0.143,0,2,0,,,1,0,low,no_return,19.4,0,1,0,0
TX105781,CUST000440,1327.21,Home,UPI,20.0,16.7,19,491,9,0,0.0,0,0,0,,,4,0,low,no_return,2.5,0,1,0,0
TX105782,CUST002651,2453.07,Grocery,COD,0.0,10.7,38,791,10,1,0.1,0,0,0,,,1,0,medium,no_return,23.7,0,6,0,0
TX105783,CUST002943,2663.93,Sports,COD,28.4,1.6,30,503,1,0,0.0,0,0,0,,,0,0,low,no_return,41.2,0,1,0,0
TX105784,CUST001709,4628.38,Fashion,Credit Card,9.7,2.4,26,111,6,0,0.0,0,0,0,2.0,0.6,0,1,low,not_needed,25.8,0,2,0,0
TX105785,CUST001853,6616.62,Beauty,UPI,6.0,0.9,24,526,9,0,0.0,0,0,0,5.5,2.9,0,1,low,not_needed,12.5,0,1,0,0
TX105786,CUST001936,1133.95,Fashion,COD,11.2,18.3,51,58,7,0,0.0,0,4,0,1.6,0.1,2,0,low,size_issue,6.9,2,1,0,1
TX105787,CUST001831,2863.74,Fashion,Debit Card,31.6,12.3,31,85,8,1,0.125,0,0,0,,,1,0,low,no_return,41.5,0,2,0,0
TX105788,CUST001632,1311.12,Books,COD,20.6,0.5,31,268,8,0,0.0,0,0,0,,,1,0,low,no_return,53.4,1,1,0,0
TX105789,CUST002960,2613.71,Electronics,Credit Card,4.3,15.6,40,4,4,0,0.0,0,0,0,0.3,0.0,0,0,low,not_as_described,48.0,1,1,0,0
TX105790,CUST002199,2542.34,Fashion,COD,8.6,1.5,23,100,7,0,0.0,0,0,0,,,2,0,low,no_return,28.6,0,3,0,0
TX105791,CUST000266,2491.23,Beauty,COD,31.9,26.3,43,951,9,1,0.111,0,0,0,6.4,6.2,0,0,low,not_as_described,25.0,1,0,0,0
TX105792,CUST001176,3006.32,Beauty,Credit Card,12.2,35.6,31,69,9,0,0.0,0,0,0,,,1,0,low,no_return,14.0,0,3,0,0
TX105793,CUST002923,2024.18,Mobile,UPI,21.7,0.5,18,610,6,1,0.167,0,0,0,13.5,13.3,1,0,low,changed_mind,54.3,1,2,0,0
TX105794,CUST001211,1402.21,Footwear,Credit Card,24.7,9.9,26,774,1,1,1.0,1,1,0,,,3,0,low,no_return,2.5,0,1,0,0
TX105795,CUST000612,1956.34,Books,COD,0.0,8.9,21,168,9,1,0.111,0,1,0,3.3,1.6,2,0,low,size_issue,42.8,0,1,0,0
TX105796,CUST002605,6310.52,Beauty,UPI,30.2,4.3,32,342,11,0,0.0,0,0,0,4.0,3.9,3,1,low,changed_mind_repeated,17.0,0,1,0,0
TX105797,CUST001869,1224.54,Home,Net Banking,4.8,45.0,24,752,10,3,0.3,0,1,0,6.6,4.1,2,0,low,not_needed,44.5,0,2,0,0
TX105798,CUST001688,1479.35,Electronics,UPI,10.7,6.4,22,45,3,1,0.333,0,0,0,,,4,0,low,no_return,16.0,1,3,0,0
TX105799,CUST001260,1073.77,Toys,COD,33.5,1.2,34,636,4,0,0.0,0,0,0,,,1,0,low,no_return,24.0,1,0,0,0
TX105800,CUST000373,446.39,Home,UPI,32.4,19.9,32,810,12,0,0.0,0,0,0,0.6,0.5,2,0,low,not_as_described_repeated,53.7,0,4,0,0
TX105801,CUST001152,1745.13,Fashion,COD,20.9,8.8,44,1060,9,0,0.0,0,0,0,6.9,6.5,5,0,low,not_as_described_repeated,19.5,0,2,0,0
TX105802,CUST001312,2728.86,Sports,Debit Card,23.7,10.9,43,310,6,0,0.0,0,0,0,9.1,8.3,1,0,low,changed_mind_repeated,12.2,0,6,0,1
TX105803,CUST002793,953.64,Books,Debit Card,26.7,6.3,32,965,10,0,0.0,0,0,0,,,2,0,low,no_return,14.5,0,2,0,0
TX105804,CUST000922,4187.06,Beauty,Wallet,32.2,8.5,36,351,10,0,0.0,0,1,1,4.0,3.0,2,1,low,not_as_described_repeated,19.3,1,2,0,0
TX105805,CUST000448,2404.94,Electronics,UPI,33.7,6.6,18,87,6,1,0.167,0,0,0,1.5,1.5,2,0,low,not_as_described,25.0,1,1,0,0
TX105806,CUST001283,3488.72,Footwear,UPI,16.3,7.6,38,445,8,3,0.375,0,1,0,,,1,1,low,no_return,7.8,0,1,0,0
TX105807,CUST002991,2259.22,Electronics,UPI,6.2,1.3,36,242,3,0,0.0,0,0,0,3.7,3.4,1,0,medium,not_as_described,13.3,1,1,0,0
TX105808,CUST001447,1638.57,Mobile,Credit Card,11.9,9.4,41,678,8,3,0.375,0,0,0,5.4,5.1,2,0,low,defective,17.7,0,2,0,1
TX105809,CUST001137,1424.61,Home,COD,16.5,5.4,28,397,9,1,0.111,0,0,0,,,2,0,low,no_return,11.3,1,2,0,0
TX105810,CUST002000,2197.6,Mobile,UPI,14.4,0.5,29,245,8,1,0.125,1,0,0,3.2,2.1,2,0,low,not_needed,24.6,0,0,0,0
TX105811,CUST001946,2328.59,Footwear,COD,2.9,8.1,29,262,2,0,0.0,0,0,0,0.1,0.0,2,0,low,not_as_described_repeated,23.7,1,1,0,0
TX105812,CUST000898,1286.48,Home,Credit Card,20.2,3.8,46,273,7,1,0.143,0,0,0,,,1,0,low,no_return,32.1,0,1,0,1
TX105813,CUST002903,1610.98,Toys,Net Banking,0.0,25.0,34,891,20,1,0.05,0,0,0,,,1,0,low,no_return,17.5,1,1,0,0
TX105814,CUST001779,5562.57,Electronics,Credit Card,16.0,2.8,18,212,9,0,0.0,0,0,0,,,0,1,high,no_return,62.4,1,1,0,0
TX105815,CUST000173,1980.31,Electronics,Wallet,16.8,15.1,38,256,14,1,0.071,0,0,0,,,1,0,low,no_return,29.9,1,3,0,0
TX105816,CUST001223,2115.31,Home,Debit Card,16.4,5.7,27,429,7,0,0.0,0,0,0,,,0,0,low,no_return,38.6,3,0,1,0
TX105817,CUST002768,4738.29,Sports,Wallet,25.2,0.5,42,293,8,1,0.125,0,0,0,,,0,1,low,no_return,9.2,0,4,0,0
TX105818,CUST001180,2348.51,Electronics,Debit Card,23.6,7.6,37,517,5,1,0.2,0,1,0,,,1,0,low,no_return,28.7,0,1,0,0
TX105819,CUST001703,1818.33,Beauty,Credit Card,41.7,8.5,44,456,5,0,0.0,0,0,0,,,2,0,low,no_return,21.2,0,2,0,0
TX105820,CUST001838,3426.01,Mobile,COD,8.8,9.7,42,779,10,1,0.1,0,0,0,,,1,0,low,no_return,11.0,1,1,0,0
TX105821,CUST002113,2950.61,Footwear,Credit Card,18.4,19.3,41,1485,8,1,0.125,0,0,0,,,3,0,low,no_return,21.5,1,1,0,0
TX105822,CUST002617,2150.37,Fashion,Credit Card,17.6,11.5,43,1305,8,0,0.0,0,2,0,,,1,0,low,no_return,54.1,0,4,0,0
TX105823,CUST000448,2272.34,Beauty,Credit Card,17.0,1.7,40,145,6,0,0.0,0,0,0,,,0,0,low,no_return,8.9,1,1,0,0
TX105824,CUST001550,1509.71,Fashion,Net Banking,0.0,18.0,25,74,8,3,0.375,0,3,0,,,3,0,low,no_return,5.1,1,2,0,0
TX105825,CUST001600,813.31,Fashion,COD,0.8,21.8,20,203,12,2,0.167,0,0,0,,,1,0,low,no_return,18.1,1,3,0,0
TX105826,CUST000458,2683.62,Footwear,UPI,15.1,14.0,23,449,7,0,0.0,0,0,0,,,1,0,medium,no_return,36.7,1,3,0,0
TX105827,CUST002020,601.83,Mobile,COD,0.0,55.9,39,226,9,1,0.111,0,1,0,14.1,13.2,2,0,low,not_as_described,11.9,0,1,0,0
TX105828,CUST000355,838.93,Fashion,Credit Card,11.0,34.6,18,517,7,0,0.0,0,1,0,,,0,0,low,no_return,21.3,2,1,0,0
TX105829,CUST001369,1596.51,Fashion,UPI,7.2,26.1,31,413,7,0,0.0,0,0,0,,,1,0,high,no_return,26.1,0,2,0,0
TX105830,CUST000991,1489.9,Home,UPI,11.4,27.5,29,474,9,0,0.0,0,1,0,,,4,0,medium,no_return,13.7,1,2,0,0
TX105831,CUST000465,2870.25,Home,UPI,28.6,15.5,44,2526,11,0,0.0,0,0,0,14.0,11.6,1,0,low,not_needed,26.6,0,4,0,0
TX105832,CUST002467,3353.03,Electronics,Debit Card,2.1,19.8,30,463,5,0,0.0,0,0,0,,,2,0,medium,no_return,34.6,0,2,0,0
TX105833,CUST000733,6054.54,Electronics,UPI,25.4,3.4,28,841,8,1,0.125,0,2,0,4.8,0.7,3,1,high,changed_mind_repeated,15.9,2,2,0,0
TX105834,CUST000766,537.49,Home,UPI,8.1,5.9,45,10,6,1,0.167,0,0,0,5.9,4.1,2,0,medium,not_as_described,36.0,0,3,0,0
TX105835,CUST002563,2482.91,Fashion,Credit Card,9.6,1.6,31,382,8,0,0.0,0,0,0,,,0,0,low,no_return,8.7,1,1,0,0
TX105836,CUST002632,2418.07,Footwear,Net Banking,20.6,1.5,29,784,7,0,0.0,0,0,0,2.3,0.5,0,0,low,changed_mind_repeated,13.7,0,3,0,0
TX105837,CUST000104,2226.22,Books,Debit Card,11.7,3.6,27,343,9,0,0.0,0,0,0,3.7,1.4,0,0,low,changed_mind_repeated,11.3,0,0,0,0
TX105838,CUST000834,2682.85,Beauty,Credit Card,4.3,6.8,34,903,10,0,0.0,0,0,0,,,1,0,low,no_return,35.3,0,4,0,0
TX105839,CUST002126,3050.27,Home,COD,10.6,1.8,28,1025,9,2,0.222,1,0,0,1.4,1.1,1,0,low,not_as_described_repeated,12.3,2,3,0,0
TX105840,CUST002334,4269.68,Toys,UPI,0.0,0.7,28,425,4,1,0.25,1,0,0,,,1,1,low,no_return,40.0,0,3,0,0
TX105841,CUST002998,2270.01,Fashion,Net Banking,19.6,14.1,46,73,10,0,0.0,0,0,0,,,0,0,medium,no_return,17.5,0,2,0,0
TX105842,CUST001664,5087.98,Footwear,UPI,0.0,5.1,32,1005,12,1,0.083,0,0,0,,,5,1,low,no_return,21.5,0,0,0,0
TX105843,CUST000023,2280.78,Electronics,UPI,25.7,20.3,27,642,6,2,0.333,0,1,0,,,2,0,low,no_return,26.6,1,1,0,0
TX105844,CUST002621,1354.17,Footwear,Credit Card,22.4,8.7,22,1897,9,1,0.111,1,1,0,7.7,7.7,0,0,low,not_needed,10.9,0,3,0,0
TX105845,CUST000483,2148.88,Electronics,UPI,34.2,8.3,33,34,10,1,0.1,1,0,0,,,1,0,high,no_return,11.9,0,2,0,0
TX105846,CUST000363,1013.37,Toys,UPI,41.2,1.2,26,94,13,0,0.0,0,0,0,6.5,5.8,1,0,high,not_needed,26.1,2,1,0,0
TX105847,CUST002022,1050.29,Electronics,COD,26.2,2.3,28,4,9,2,0.222,0,0,0,,,1,0,low,no_return,22.5,0,2,0,0
TX105848,CUST001811,1688.16,Toys,Credit Card,7.5,4.0,23,166,10,2,0.2,0,1,1,5.8,5.4,1,0,low,not_needed,19.2,0,0,0,0
TX105849,CUST000180,1530.81,Sports,UPI,41.1,6.9,33,558,3,0,0.0,0,0,0,10.9,9.8,0,0,low,not_as_described_repeated,37.6,1,3,0,0
TX105850,CUST000508,4195.58,Electronics,Debit Card,0.7,11.7,18,67,5,0,0.0,0,1,0,0.7,0.3,4,1,high,defective,25.4,0,2,0,0
TX105851,CUST001769,1674.0,Toys,COD,0.0,23.4,36,131,7,0,0.0,0,0,0,,,2,0,low,no_return,12.1,0,1,0,0
TX105852,CUST000766,913.91,Electronics,Net Banking,37.2,4.4,26,123,11,0,0.0,0,0,0,,,1,0,low,no_return,54.2,1,3,0,0
TX105853,CUST002052,1894.56,Beauty,UPI,22.2,4.9,39,290,10,0,0.0,0,0,0,5.2,4.6,3,0,medium,not_as_described_repeated,40.7,0,1,0,0
TX105854,CUST001235,2266.08,Fashion,Net Banking,0.0,5.4,36,405,8,0,0.0,0,0,0,,,2,0,low,no_return,8.3,1,1,0,0
TX105855,CUST001764,2029.79,Books,COD,0.0,22.8,33,362,8,0,0.0,0,0,0,,,0,0,low,no_return,43.7,1,2,0,1
TX105856,CUST001425,882.26,Footwear,Debit Card,21.6,30.5,40,568,14,1,0.071,0,0,0,,,4,0,medium,no_return,14.5,0,0,0,0
TX105857,CUST001096,4481.68,Beauty,UPI,4.6,35.3,47,287,7,1,0.143,1,0,0,,,1,1,low,no_return,1.8,2,3,0,0
TX105858,CUST001027,495.8,Books,Credit Card,6.3,8.1,44,51,9,1,0.111,0,0,0,4.8,4.5,3,0,low,changed_mind_repeated,27.8,1,2,0,0
TX105859,CUST002092,2009.46,Footwear,UPI,38.6,2.7,18,174,9,0,0.0,0,1,0,,,1,0,low,no_return,59.0,0,2,0,0
TX105860,CUST001543,861.72,Grocery,COD,40.8,7.1,25,395,1,1,1.0,1,1,0,6.1,5.4,1,0,low,not_needed,41.4,0,5,0,1
TX105861,CUST001783,3551.7,Fashion,COD,16.8,6.7,27,263,11,0,0.0,0,0,1,0.3,0.0,0,1,low,changed_mind_repeated,26.1,0,3,0,0
TX105862,CUST001732,2489.96,Beauty,UPI,13.2,1.6,38,710,10,0,0.0,0,1,0,,,1,0,medium,no_return,19.8,0,2,0,0
TX105863,CUST000623,2266.01,Fashion,UPI,25.8,13.0,26,1203,8,0,0.0,0,0,0,,,1,0,medium,no_return,61.7,1,1,0,0
TX105864,CUST002739,1589.4,Home,Net Banking,8.3,13.6,26,272,7,0,0.0,0,0,0,,,0,0,low,no_return,7.4,0,2,0,0
TX105865,CUST001689,4238.81,Fashion,Credit Card,0.0,6.5,24,226,7,0,0.0,0,0,0,14.0,12.7,2,1,low,not_as_described_repeated,27.1,1,2,1,1
TX105866,CUST002154,1586.71,Toys,Debit Card,0.0,8.8,34,120,8,1,0.125,0,1,0,13.2,11.8,0,0,medium,not_needed,21.8,0,3,0,0
TX105867,CUST002645,5369.59,Sports,Wallet,14.1,4.6,38,65,10,1,0.1,0,0,0,,,1,1,medium,no_return,20.4,1,2,0,0
TX105868,CUST002774,1029.18,Grocery,UPI,25.6,12.4,19,729,13,2,0.154,0,0,0,,,1,0,low,no_return,25.4,1,3,0,0
TX105869,CUST002000,1903.14,Electronics,Debit Card,15.2,1.1,26,94,5,1,0.2,0,0,0,,,2,0,low,no_return,9.1,0,3,0,0
TX105870,CUST002361,2997.66,Electronics,COD,24.7,9.5,18,73,11,0,0.0,0,0,0,8.6,8.5,0,0,medium,defective,16.9,0,3,0,0
TX105871,CUST001415,2601.07,Toys,Credit Card,25.9,1.3,18,105,8,0,0.0,0,0,0,3.0,0.0,4,0,medium,size_issue,23.9,0,0,0,0
TX105872,CUST002213,1805.34,Sports,Credit Card,31.6,0.5,36,516,7,0,0.0,0,2,0,,,1,0,medium,no_return,13.2,0,0,0,0
TX105873,CUST000965,543.75,Mobile,Net Banking,17.2,6.8,35,155,7,0,0.0,0,2,0,,,1,0,high,no_return,28.7,1,4,0,0
TX105874,CUST002135,2099.98,Beauty,UPI,18.3,25.0,33,582,9,0,0.0,0,0,0,12.8,11.8,3,0,low,not_as_described_repeated,27.9,0,0,0,0
TX105875,CUST000258,1460.34,Fashion,UPI,14.6,6.4,47,45,6,2,0.333,1,0,0,,,1,0,low,no_return,49.3,1,3,0,0
TX105876,CUST002742,1232.45,Grocery,Credit Card,11.9,16.2,18,70,8,3,0.375,1,1,1,,,1,0,low,no_return,59.5,1,1,0,0
TX105877,CUST000734,3110.71,Grocery,COD,0.0,3.3,18,179,13,1,0.077,1,0,0,,,4,0,low,no_return,6.4,1,2,0,1
TX105878,CUST001970,466.16,Electronics,Credit Card,29.1,30.1,20,79,6,0,0.0,0,0,0,2.4,1.4,1,0,low,not_as_described,10.7,0,0,0,0
TX105879,CUST000034,1849.64,Grocery,UPI,10.4,3.6,18,1000,9,1,0.111,0,0,0,,,1,0,medium,no_return,36.1,0,0,0,0
TX105880,CUST000467,257.43,Fashion,Credit Card,9.7,17.8,25,90,9,0,0.0,0,0,0,,,1,0,low,no_return,61.5,0,2,0,0
TX105881,CUST002959,2613.93,Fashion,Credit Card,8.5,2.1,37,401,9,0,0.0,0,0,0,11.1,7.7,0,0,medium,not_as_described,27.6,0,2,0,0
TX105882,CUST002500,3131.45,Electronics,COD,0.0,63.6,34,894,8,0,0.0,0,1,0,,,2,0,low,no_return,17.5,2,0,0,0
TX105883,CUST000668,2080.61,Grocery,Net Banking,14.0,18.2,42,427,13,1,0.077,1,0,0,,,1,0,low,no_return,33.9,0,1,0,0
TX105884,CUST000393,1367.5,Books,Credit Card,21.2,45.7,35,659,9,1,0.111,1,1,1,,,2,0,low,no_return,10.7,0,1,0,0
TX105885,CUST002444,4199.87,Fashion,COD,6.5,23.0,27,311,13,0,0.0,0,0,0,,,2,1,low,no_return,28.4,0,2,0,0
TX105886,CUST002970,4378.05,Toys,COD,27.5,8.1,26,525,9,0,0.0,0,0,0,,,2,1,low,no_return,57.1,0,1,0,0
TX105887,CUST000506,2342.93,Books,COD,10.6,18.5,36,63,4,2,0.5,0,0,0,,,1,0,low,no_return,27.8,1,5,0,0
TX105888,CUST001992,4791.72,Home,Debit Card,0.0,8.0,18,544,8,1,0.125,0,0,0,,,2,1,low,no_return,12.9,0,0,0,0
TX105889,CUST000851,1027.7,Electronics,UPI,31.5,11.5,18,939,8,0,0.0,0,0,0,0.8,0.6,0,0,high,defective,50.3,1,1,0,0
TX105890,CUST002233,1730.92,Fashion,Debit Card,17.4,1.8,35,498,9,1,0.111,1,0,0,,,1,0,low,no_return,23.8,0,5,0,0
TX105891,CUST001255,328.01,Fashion,Debit Card,25.4,39.2,34,113,2,0,0.0,0,1,1,,,1,0,medium,no_return,15.5,0,1,0,0
TX105892,CUST000376,818.95,Mobile,Debit Card,25.6,16.0,47,553,9,2,0.222,0,2,0,5.2,2.8,0,0,low,size_issue,3.0,0,2,0,0
TX105893,CUST000973,768.23,Toys,UPI,3.6,1.0,38,232,8,1,0.125,0,0,0,,,1,0,low,no_return,43.8,0,0,0,0
TX105894,CUST001616,2603.6,Electronics,UPI,8.7,18.8,35,407,10,0,0.0,0,0,0,,,2,0,high,no_return,1.1,2,0,0,0
TX105895,CUST002395,859.91,Beauty,UPI,27.4,9.8,28,300,10,1,0.1,0,0,0,2.5,1.4,2,0,high,size_issue,24.4,0,1,0,0
TX105896,CUST000064,445.32,Fashion,UPI,37.0,11.8,23,861,2,0,0.0,0,0,0,,,1,0,low,no_return,13.7,2,1,0,0
TX105897,CUST002873,1166.87,Electronics,UPI,15.8,14.0,29,91,8,1,0.125,0,0,0,,,2,0,low,no_return,17.7,0,2,0,0
TX105898,CUST001949,1271.57,Fashion,UPI,7.5,2.6,41,157,8,0,0.0,0,0,0,,,0,0,low,no_return,53.1,1,1,0,0
TX105899,CUST002626,708.32,Electronics,UPI,35.2,13.4,36,1389,6,0,0.0,0,0,0,,,0,0,low,no_return,20.7,1,1,0,0
TX105900,CUST002790,1976.75,Fashion,UPI,7.5,23.2,41,320,8,1,0.125,1,0,0,,,2,0,low,no_return,35.0,1,0,0,0
TX105901,CUST000461,2219.97,Fashion,Wallet,18.9,11.8,33,73,8,4,0.5,2,1,0,13.2,11.0,0,0,low,not_needed,37.8,0,0,0,0
TX105902,CUST000282,589.09,Home,Credit Card,9.9,3.4,23,137,12,0,0.0,0,1,0,0.0,0.0,3,0,low,not_as_described_repeated,32.3,1,2,0,1
TX105903,CUST002330,2864.7,Beauty,Credit Card,18.2,18.9,43,28,7,1,0.143,0,0,1,,,2,0,low,no_return,12.1,1,1,0,0
TX105904,CUST000564,977.97,Beauty,COD,3.7,25.7,42,519,6,0,0.0,0,0,0,,,2,0,low,no_return,64.1,0,2,0,1
TX105905,CUST000444,1257.75,Home,Credit Card,10.5,36.6,33,75,8,1,0.125,0,1,0,,,1,0,medium,no_return,50.4,1,1,0,0
TX105906,CUST001406,2502.72,Beauty,UPI,7.5,51.0,37,118,7,0,0.0,0,1,0,,,1,0,low,no_return,12.5,1,5,0,0
TX105907,CUST002740,1265.55,Home,Debit Card,22.9,40.3,37,1425,7,5,0.714,1,1,0,2.5,2.4,2,0,low,defective,22.5,0,2,0,0
TX105908,CUST002387,828.01,Mobile,Credit Card,17.0,15.9,27,5,8,0,0.0,0,0,0,14.3,13.2,2,0,low,not_needed,5.2,1,3,0,0
TX105909,CUST001554,1900.85,Electronics,Debit Card,25.6,3.2,29,266,3,0,0.0,0,0,0,,,0,0,low,no_return,43.6,2,2,0,0
TX105910,CUST000590,3578.09,Sports,UPI,5.1,17.1,22,97,8,0,0.0,0,0,0,,,2,1,low,no_return,27.4,0,0,0,0
TX105911,CUST001009,3305.88,Fashion,Credit Card,12.5,0.5,29,391,5,0,0.0,0,0,0,,,1,0,low,no_return,23.4,0,2,0,0
TX105912,CUST002065,1184.02,Home,UPI,22.5,21.9,42,1188,7,0,0.0,0,0,0,,,0,0,low,no_return,41.5,1,2,0,0
TX105913,CUST000471,928.6,Sports,UPI,25.3,32.8,40,923,4,0,0.0,0,2,0,4.5,3.2,0,0,low,changed_mind,25.4,1,2,0,0
TX105914,CUST001573,1067.4,Books,Debit Card,0.0,0.5,37,182,8,0,0.0,0,1,0,5.1,3.8,1,0,medium,not_needed,4.4,2,5,0,0
TX105915,CUST000036,3328.39,Mobile,UPI,18.8,33.7,41,62,7,0,0.0,0,0,0,,,3,0,medium,no_return,15.2,0,0,0,0
TX105916,CUST000975,1055.02,Beauty,Credit Card,5.2,5.7,28,218,3,0,0.0,0,0,0,,,0,0,low,no_return,36.7,1,1,0,0
TX105917,CUST000744,4644.62,Fashion,UPI,25.9,9.8,20,444,6,0,0.0,0,0,0,3.9,1.0,0,1,medium,not_as_described_repeated,18.7,0,2,0,0
TX105918,CUST002043,2482.17,Toys,Debit Card,37.3,0.5,30,4,7,0,0.0,0,0,0,1.6,1.5,1,0,low,not_as_described,8.9,1,3,0,0
TX105919,CUST002742,1758.58,Fashion,Debit Card,0.0,13.3,31,530,12,1,0.083,0,0,0,3.0,0.0,0,0,low,changed_mind_repeated,14.5,1,1,0,0
TX105920,CUST000440,1170.65,Beauty,COD,7.1,1.3,38,340,4,0,0.0,0,0,0,,,2,0,low,no_return,26.2,0,1,0,0
TX105921,CUST002391,1918.15,Footwear,Debit Card,18.2,3.2,37,1308,7,0,0.0,0,0,0,7.9,7.3,0,0,low,changed_mind,39.7,0,1,0,0
TX105922,CUST001968,824.29,Home,Wallet,15.0,24.9,42,766,11,3,0.273,1,1,0,2.6,0.4,1,0,low,changed_mind_repeated,53.7,0,2,0,0
TX105923,CUST002909,602.73,Sports,UPI,26.3,22.3,18,367,0,0,0.0,0,0,0,4.5,3.5,4,0,low,defective,5.4,0,0,0,0
TX105924,CUST002734,2497.57,Electronics,COD,15.9,15.9,24,605,8,0,0.0,0,0,0,12.9,11.3,2,0,low,defective,61.0,0,2,0,0
TX105925,CUST000303,1753.35,Electronics,Credit Card,8.6,7.0,31,270,12,1,0.083,0,0,0,,,0,0,low,no_return,14.0,0,2,0,0
TX105926,CUST002229,2931.85,Mobile,Credit Card,2.8,18.7,36,40,5,1,0.2,0,0,0,,,3,0,low,no_return,28.3,0,1,0,0
TX105927,CUST001776,2172.99,Fashion,COD,0.7,3.2,52,192,6,0,0.0,0,0,0,,,1,0,low,no_return,29.5,3,0,0,0
TX105928,CUST000340,1157.41,Fashion,Wallet,6.1,13.9,22,15,8,1,0.125,0,2,0,,,2,0,low,no_return,7.9,1,2,0,0
TX105929,CUST000772,3303.49,Beauty,COD,8.2,0.9,24,28,4,0,0.0,0,0,0,,,3,0,low,no_return,47.1,0,0,0,0
TX105930,CUST002780,1253.94,Home,Credit Card,19.6,11.6,27,174,11,2,0.182,0,0,0,,,1,0,low,no_return,26.1,1,3,0,0
TX105931,CUST001629,3900.17,Electronics,Credit Card,13.1,8.8,24,158,8,1,0.125,1,1,0,,,3,1,low,no_return,8.8,1,2,0,0
TX105932,CUST001016,1227.03,Fashion,UPI,7.2,1.3,23,258,8,1,0.125,0,0,0,0.9,0.6,0,0,low,not_needed,31.2,1,2,0,0
TX105933,CUST000962,675.07,Beauty,Debit Card,2.9,4.2,32,1088,11,3,0.273,2,0,0,,,1,0,low,no_return,54.8,1,1,0,0
TX105934,CUST002513,4345.92,Home,Credit Card,6.6,16.7,41,149,10,1,0.1,0,0,0,11.4,10.5,1,1,low,not_needed,32.8,1,0,0,0
TX105935,CUST000851,1198.24,Toys,UPI,8.2,1.6,33,1478,7,1,0.143,1,0,0,,,0,0,medium,no_return,8.7,0,1,0,0
TX105936,CUST000477,1257.32,Fashion,UPI,6.0,17.5,23,524,7,0,0.0,0,1,0,,,3,0,low,no_return,8.9,1,0,0,0
TX105937,CUST001721,696.39,Mobile,Net Banking,23.1,4.0,30,385,7,0,0.0,0,0,0,,,3,0,medium,no_return,17.6,0,2,0,0
TX105938,CUST002977,1658.14,Fashion,UPI,31.4,2.9,21,382,11,2,0.182,0,1,0,,,1,0,medium,no_return,10.7,1,1,0,0
TX105939,CUST000550,760.68,Fashion,Credit Card,0.9,29.9,41,318,8,1,0.125,0,0,0,5.3,1.3,2,0,low,not_as_described_repeated,15.9,0,1,0,0
TX105940,CUST000766,4187.31,Mobile,UPI,28.4,4.7,46,476,4,0,0.0,0,0,0,,,1,1,low,no_return,33.5,0,3,0,0
TX105941,CUST001407,1389.54,Footwear,Credit Card,23.3,15.3,18,760,9,0,0.0,0,0,0,,,1,0,low,no_return,13.1,0,3,0,0
TX105942,CUST000600,941.21,Fashion,UPI,17.2,4.5,34,32,16,1,0.062,0,0,0,,,1,0,low,no_return,15.7,2,2,0,0
TX105943,CUST001952,1855.58,Home,COD,33.3,12.7,24,591,11,6,0.545,0,0,0,,,2,0,low,no_return,7.9,2,2,1,0
TX105944,CUST000761,6522.56,Footwear,UPI,13.0,17.2,32,139,7,1,0.143,1,0,0,4.3,0.7,4,1,high,not_as_described_repeated,34.1,2,3,0,0
TX105945,CUST000385,1911.98,Electronics,UPI,19.8,2.1,31,768,5,0,0.0,0,0,0,6.2,4.9,1,0,low,not_needed,31.8,2,2,0,0
TX105946,CUST000784,1522.6,Fashion,UPI,16.5,2.2,18,1566,9,4,0.444,1,3,1,,,0,0,low,no_return,48.8,0,2,1,1
TX105947,CUST002791,1826.4,Beauty,UPI,15.6,4.6,44,741,9,2,0.222,0,0,0,0.5,0.0,1,0,low,size_issue,4.6,1,2,0,0
TX105948,CUST002804,3026.75,Toys,Debit Card,20.5,6.5,30,247,7,0,0.0,0,1,1,,,1,0,low,no_return,7.3,0,1,0,0
TX105949,CUST001517,2853.34,Sports,UPI,15.6,0.8,27,255,12,0,0.0,0,1,0,14.2,11.6,0,0,low,not_as_described_repeated,49.7,1,2,0,0
TX105950,CUST001201,2130.7,Beauty,Debit Card,20.6,7.8,33,780,11,1,0.091,1,0,0,,,0,0,low,no_return,14.8,0,1,0,0
TX105951,CUST002458,3389.96,Mobile,Credit Card,7.0,4.5,23,267,7,2,0.286,1,0,0,2.3,0.0,0,0,medium,changed_mind_repeated,14.9,0,1,0,0
TX105952,CUST000583,1895.08,Electronics,UPI,7.3,5.7,30,654,4,0,0.0,0,0,0,4.6,3.4,0,0,low,not_as_described,16.7,1,1,0,0
TX105953,CUST001962,1609.37,Toys,UPI,6.9,16.2,18,343,10,1,0.1,0,1,0,2.2,1.5,1,0,low,not_as_described_repeated,55.7,0,2,0,1
TX105954,CUST002040,1867.71,Electronics,Debit Card,10.6,62.7,18,178,5,0,0.0,0,0,0,,,1,0,low,no_return,31.1,1,0,0,0
TX105955,CUST002130,1232.26,Books,Credit Card,27.2,13.7,22,47,8,1,0.125,1,0,0,9.3,8.8,1,0,high,not_as_described_repeated,22.5,0,1,0,0
TX105956,CUST000654,3067.8,Sports,Credit Card,9.5,11.8,26,643,5,2,0.4,0,0,0,,,1,0,low,no_return,25.9,1,2,0,1
TX105957,CUST002148,1191.7,Fashion,COD,22.8,16.5,18,141,7,1,0.143,0,1,0,,,0,0,low,no_return,30.7,0,1,0,0
TX105958,CUST001836,406.13,Sports,UPI,18.2,23.0,27,672,10,0,0.0,0,0,0,15.1,14.9,2,0,low,not_as_described_repeated,43.6,1,1,0,0
TX105959,CUST002625,600.03,Footwear,Credit Card,9.7,11.2,26,233,15,3,0.2,1,0,0,,,0,0,low,no_return,14.6,0,2,0,0
TX105960,CUST000524,2272.52,Beauty,Credit Card,30.7,14.4,31,157,7,1,0.143,0,0,0,,,2,0,low,no_return,22.5,1,2,0,0
TX105961,CUST001841,1059.39,Electronics,UPI,23.8,8.8,38,89,9,0,0.0,0,0,0,,,1,0,medium,no_return,4.9,1,2,0,0
TX105962,CUST002489,2896.36,Electronics,Credit Card,15.0,7.9,49,95,6,1,0.167,0,0,0,,,1,0,low,no_return,41.9,0,3,0,0
TX105963,CUST000835,1764.29,Grocery,Debit Card,14.0,3.8,36,48,11,0,0.0,0,0,0,4.3,3.0,1,0,medium,defective,33.8,1,4,0,0
TX105964,CUST002231,3053.28,Grocery,Debit Card,16.1,6.0,22,90,8,1,0.125,0,1,0,,,6,0,low,no_return,25.9,0,3,0,0
TX105965,CUST000299,432.93,Home,Debit Card,0.0,23.8,38,1011,6,1,0.167,1,0,0,,,0,0,low,no_return,55.3,0,2,0,0
TX105966,CUST002154,1185.34,Fashion,UPI,5.1,9.9,46,189,6,0,0.0,0,0,0,,,1,0,low,no_return,17.8,0,1,0,0
TX105967,CUST001819,919.76,Books,Credit Card,20.6,1.8,20,1024,9,0,0.0,0,0,0,,,3,0,low,no_return,43.1,1,1,0,0
TX105968,CUST000578,7325.23,Fashion,COD,0.0,7.7,21,264,6,0,0.0,0,0,0,0.1,0.0,0,1,low,not_as_described_repeated,39.4,0,0,0,0
TX105969,CUST000199,1325.62,Electronics,Credit Card,6.0,26.9,18,389,8,0,0.0,0,0,0,4.6,4.5,2,0,low,not_as_described,20.2,0,1,0,0
TX105970,CUST002236,593.7,Home,Debit Card,10.3,3.3,26,242,8,0,0.0,0,0,0,,,2,0,low,no_return,12.8,0,0,0,0
TX105971,CUST000724,2244.85,Beauty,Debit Card,49.8,16.0,35,152,11,0,0.0,0,1,0,2.4,0.0,1,0,low,not_as_described_repeated,32.1,0,1,0,0
TX105972,CUST001492,864.56,Mobile,Credit Card,23.1,41.9,46,49,12,3,0.25,0,0,0,0.2,0.0,3,0,medium,defective,34.8,0,3,0,1
TX105973,CUST000183,3256.35,Sports,UPI,28.2,5.5,40,1084,4,0,0.0,0,1,0,,,1,0,low,no_return,8.9,1,0,0,1
TX105974,CUST002890,3604.67,Fashion,Debit Card,5.3,7.8,35,366,6,0,0.0,0,1,1,,,4,1,medium,no_return,36.0,0,4,0,0
TX105975,CUST001647,926.11,Toys,Debit Card,19.3,18.7,32,363,4,0,0.0,0,0,0,,,1,0,low,no_return,13.5,1,1,0,0
TX105976,CUST002794,1081.17,Fashion,UPI,0.0,2.9,35,863,10,0,0.0,0,0,0,,,0,0,medium,no_return,29.1,0,2,0,0
TX105977,CUST000481,2110.47,Mobile,UPI,11.0,20.5,36,184,6,2,0.333,1,0,0,30.0,28.7,0,0,low,size_issue,35.0,1,3,0,0
TX105978,CUST000618,3317.5,Fashion,UPI,21.1,5.0,45,283,7,0,0.0,0,0,0,,,1,0,low,no_return,21.0,1,1,0,0
TX105979,CUST001831,2271.32,Footwear,Debit Card,0.0,0.5,31,1015,3,0,0.0,0,0,0,,,2,0,low,no_return,29.5,1,3,0,0
TX105980,CUST001813,1327.12,Footwear,UPI,19.7,44.3,34,301,10,0,0.0,0,0,0,,,2,0,medium,no_return,57.2,1,0,0,1
TX105981,CUST002372,678.06,Footwear,COD,20.7,6.8,27,239,7,0,0.0,0,0,0,3.8,0.0,0,0,low,size_issue,5.8,0,1,0,0
TX105982,CUST002784,4907.76,Electronics,Net Banking,7.8,8.7,33,88,10,0,0.0,0,0,0,,,0,1,low,no_return,29.3,2,0,0,0
TX105983,CUST002465,2307.02,Footwear,Wallet,5.0,3.3,29,83,9,0,0.0,0,0,0,,,2,0,high,no_return,23.6,1,0,0,0
TX105984,CUST000421,5564.35,Books,UPI,6.4,4.8,20,225,10,1,0.1,0,0,0,,,2,1,low,no_return,29.4,0,3,0,0
TX105985,CUST000929,2523.93,Fashion,Credit Card,10.8,9.4,40,36,10,0,0.0,0,1,0,0.3,0.0,0,0,low,not_as_described,7.1,0,1,0,0
TX105986,CUST002741,5113.87,Beauty,Net Banking,11.2,35.0,46,1385,9,0,0.0,0,0,0,24.3,22.7,2,1,low,changed_mind_repeated,34.6,1,0,0,0
TX105987,CUST001647,1013.17,Grocery,Debit Card,21.1,10.3,31,388,11,0,0.0,0,1,0,,,2,0,low,no_return,19.1,0,3,0,0
TX105988,CUST002601,1066.6,Mobile,UPI,8.6,1.7,35,382,12,1,0.083,0,0,0,,,3,0,high,no_return,39.9,1,2,0,0
TX105989,CUST001689,1567.77,Toys,COD,34.2,15.0,40,240,9,0,0.0,0,0,0,,,1,0,high,no_return,54.6,1,1,0,1
TX105990,CUST000150,957.21,Home,Debit Card,34.1,21.0,30,740,11,0,0.0,0,0,0,,,1,0,medium,no_return,19.4,1,2,0,0
TX105991,CUST001419,528.58,Grocery,COD,17.8,23.7,33,579,8,0,0.0,0,0,0,,,0,0,low,no_return,26.9,1,1,0,0
TX105992,CUST002474,1145.84,Fashion,Wallet,10.9,15.8,29,1397,4,0,0.0,0,1,0,,,0,0,low,no_return,28.8,2,0,0,0
TX105993,CUST001965,2500.95,Home,Wallet,8.6,6.4,26,517,5,0,0.0,0,0,0,,,2,0,low,no_return,30.7,0,4,0,0
TX105994,CUST000399,737.48,Toys,Credit Card,18.8,7.2,37,25,11,3,0.273,0,1,0,,,2,0,low,no_return,10.7,0,1,0,0
TX105995,CUST000631,797.68,Sports,UPI,20.9,3.1,37,737,6,1,0.167,0,0,0,,,2,0,high,no_return,12.3,0,2,0,0
TX105996,CUST002563,1197.38,Toys,Debit Card,12.6,4.5,41,228,11,2,0.182,0,0,0,3.0,0.3,0,0,low,changed_mind_repeated,15.3,0,5,0,0
TX105997,CUST002937,883.35,Beauty,Debit Card,10.3,18.4,31,197,12,2,0.167,0,0,0,,,1,0,low,no_return,42.5,0,0,0,0
TX105998,CUST002258,1244.99,Home,Debit Card,19.2,16.6,20,102,8,1,0.125,1,0,0,,,2,0,low,no_return,21.9,0,1,0,0
TX105999,CUST000295,1647.34,Books,Credit Card,15.8,18.8,43,508,10,0,0.0,0,0,0,1.8,1.7,2,0,low,changed_mind_repeated,20.7,0,3,0,0
